new,host,a,soa,status_code,mx,txt,cname,aaaa,ns,cdn,cdn-name,has_internal_ips,internal_ips,caa
[x],575643-prod-mail1.originenergy.com.au,119.9.19.168,"ns-54.awsdns-06.com, awsdns-hostmaster.amazon.com",NOERROR,,,,,,,,,,
[x],access.originenergy.com.au,,,NOERROR,,,access.gslb.originenergy.com.au,,,,,,,
[x],access2.originenergy.com.au,,,NOERROR,,,access2.gslb.originenergy.com.au,,,,,,,
[x],anmet.originenergy.com.au,"63.140.62.160, 63.140.62.135, 63.140.62.164","ns201.adobe.net, hostmaster.adobe.com",NOERROR,,,originenergy.com.au.sc.omtrdc.net,,,,,,,
[x],api-braze-dev.jindabyne.originenergy.com.au,"54.66.102.80, 52.65.170.97, 3.105.50.199","ns-172.awsdns-21.com, awsdns-hostmaster.amazon.com",NOERROR,,,d-plf3x9whe8.execute-api.ap-southeast-2.amazonaws.com,,,,,,,
[x],api-braze-prod.jindabyne.originenergy.com.au,"13.55.91.76, 52.62.170.209, 13.55.35.91","ns-172.awsdns-21.com, awsdns-hostmaster.amazon.com",NOERROR,,,d-c8nhjoh7wb.execute-api.ap-southeast-2.amazonaws.com,,,,,,,
[x],api-dev.originenergy.com.au,52.65.182.151,"ns-99.awsdns-12.com, awsdns-hostmaster.amazon.com",NOERROR,,,boomi-dev-elb-328141026.ap-southeast-2.elb.amazonaws.com,,,,,,,
[x],api-prod.origindigital-pac.com.au,"18.67.65.120, 18.67.65.42, 18.67.65.79, 18.67.65.124, 205.251.192.52, 205.251.195.251, 205.251.197.236, 205.251.199.242","ns-52.awsdns-06.com, awsdns-hostmaster.amazon.com",NOERROR,,,d2it6lm3v3ssgd.cloudfront.net,"2600:9000:2269:600:13:3bbb:8340:93a1, 2600:9000:2269:ac00:13:3bbb:8340:93a1, 2600:9000:2269:8600:13:3bbb:8340:93a1, 2600:9000:2269:3600:13:3bbb:8340:93a1, 2600:9000:2269:7a00:13:3bbb:8340:93a1, 2600:9000:2269:b200:13:3bbb:8340:93a1, 2600:9000:2269:1a00:13:3bbb:8340:93a1, 2600:9000:2269:8800:13:3bbb:8340:93a1","ns-1516.awsdns-61.org, ns-1019.awsdns-63.net, ns-52.awsdns-06.com, ns-2034.awsdns-62.co.uk",True,cloudfront,,,
[x],api-sm-data-nlb.jindabyne.em.originenergy.com.au,"10.200.241.49, 10.200.240.147","ns-527.awsdns-01.net, awsdns-hostmaster.amazon.com",NOERROR,,,j17-dev-sm-data-nlb-258cb2cad20f4cf8.elb.ap-southeast-2.amazonaws.com,,,,,True,"10.200.241.49, 10.200.240.147",
[x],api.dataportal.originenergy.com.au,"13.225.78.36, 13.225.78.50, 13.225.78.116, 13.225.78.7","ns-261.awsdns-32.com, awsdns-hostmaster.amazon.com",NOERROR,,,,,,True,cloudfront,,,
[x],api.fe-dev.originenergy.com.au,"52.63.59.109, 3.104.241.211, 52.62.159.35","ns-172.awsdns-21.com, awsdns-hostmaster.amazon.com",NOERROR,,,d-425ous4493.execute-api.ap-southeast-2.amazonaws.com,,,,,,,
[x],api.originenergy.com.au,"18.155.129.93, 18.155.129.80, 18.155.129.51, 18.155.129.58","ns-52.awsdns-06.com, awsdns-hostmaster.amazon.com",NOERROR,,,"api-prod.origindigital-pac.com.au, d2it6lm3v3ssgd.cloudfront.net","2600:9000:244f:2400:13:3bbb:8340:93a1, 2600:9000:244f:3400:13:3bbb:8340:93a1, 2600:9000:244f:d800:13:3bbb:8340:93a1, 2600:9000:244f:c600:13:3bbb:8340:93a1, 2600:9000:244f:4e00:13:3bbb:8340:93a1, 2600:9000:244f:9e00:13:3bbb:8340:93a1, 2600:9000:244f:1200:13:3bbb:8340:93a1, 2600:9000:244f:9000:13:3bbb:8340:93a1","ns-1019.awsdns-63.net, ns-2034.awsdns-62.co.uk, ns-52.awsdns-06.com, ns-1516.awsdns-61.org",True,cloudfront,,,
[x],aplngnoms.originenergy.com.au,203.20.195.78,"ns-54.awsdns-06.com, awsdns-hostmaster.amazon.com",NOERROR,,,,,,,,,,
[x],assets-digital.origindigital-pac.com.au,"52.222.214.67, 52.222.214.36, 52.222.214.110, 52.222.214.115","ns-1273.awsdns-31.org, awsdns-hostmaster.amazon.com",NOERROR,,,dh3rh6e3q0lq3.cloudfront.net,,"ns-1273.awsdns-31.org, ns-139.awsdns-17.com, ns-1693.awsdns-19.co.uk, ns-868.awsdns-44.net",True,cloudfront,,,
[x],assets1.originenergy.com.au,,"ns-10.awsdns-01.com, awsdns-hostmaster.amazon.com",NOERROR,,,products.rack.origindigital-pac.com.au,,,,,,,
[x],assets2.originenergy.com.au,,"ns-10.awsdns-01.com, awsdns-hostmaster.amazon.com",NOERROR,,,products.rack.origindigital-pac.com.au,,,,,,,
[x],assets3.originenergy.com.au,,"ns-10.awsdns-01.com, awsdns-hostmaster.amazon.com",NOERROR,,,products.rack.origindigital-pac.com.au,,,,,,,
[x],assets4.originenergy.com.au,,"ns-10.awsdns-01.com, awsdns-hostmaster.amazon.com",NOERROR,,,products.rack.origindigital-pac.com.au,,,,,,,
[x],assist.originenergy.com.au,"13.239.106.54, 3.104.254.41","ns-99.awsdns-12.com, awsdns-hostmaster.amazon.com",NOERROR,,,"corecollection-consumer-au.fico-ccs.net, prod-inter-171xy1caujwh7-1785485662.ap-southeast-2.elb.amazonaws.com",,,,,,,
[x],auth-test.originenergy.com.au,203.20.195.251,"ns-54.awsdns-06.com, awsdns-hostmaster.amazon.com",NOERROR,,,,,"ns-1282.awsdns-32.org, ns-1747.awsdns-26.co.uk, ns-54.awsdns-06.com, ns-998.awsdns-60.net",,,,,
[x],auth.api.originenergy.com.au,"13.32.99.111, 13.32.99.89, 13.32.99.44, 13.32.99.114","ns-814.awsdns-37.net, awsdns-hostmaster.amazon.com",NOERROR,,,d3rn7ykvezjsdn.cloudfront.net,"2600:9000:2251:de00:f:1480:5ac0:93a1, 2600:9000:2251:5a00:f:1480:5ac0:93a1, 2600:9000:2251:1400:f:1480:5ac0:93a1, 2600:9000:2251:be00:f:1480:5ac0:93a1, 2600:9000:2251:4200:f:1480:5ac0:93a1, 2600:9000:2251:b200:f:1480:5ac0:93a1, 2600:9000:2251:4000:f:1480:5ac0:93a1, 2600:9000:2251:3600:f:1480:5ac0:93a1","ns-1325.awsdns-37.org, ns-1780.awsdns-30.co.uk, ns-228.awsdns-28.com, ns-814.awsdns-37.net",True,cloudfront,,,
[x],auth.mydata.cdr.originenergy.com.au,"104.18.40.111, 172.64.147.145","alexis.ns.cloudflare.com, dns.cloudflare.com",NOERROR,,,,"2606:4700:4400::ac40:9391, 2606:4700:4400::6812:286f",,True,cloudflare,,,
[x],autodiscover.originenergy.com.au,"52.98.240.40, 40.99.148.120, 52.98.229.152","ns1-ms-acdc.office.com, hostmaster.microsoft.com",NOERROR,,,"autodiscover.outlook.com, atod-g2.tm-4.office.com, autod.ms-acdc-autod.office.com","2603:1026:c0e:865::8, 2603:1026:c0e:80c::8, 2603:1026:c0e:878::8",,,,,,
[x],autodiscover.upstream.originenergy.com.au,"40.99.149.136, 52.97.189.72, 40.99.149.168, 40.99.155.232, 52.97.188.72, 40.99.149.184, 52.97.189.104, 40.99.157.40","tm1.dns-tm.com, hostmaster.trafficmanager.net, ns1-ms-acdc.office.com, hostmaster.microsoft.com",NOERROR,,,"autodiscover.outlook.com, atod-g2.tm-4.office.com, autod.ms-acdc-autod.office.com, autod-fs.office.com, autod-g.trafficmanager.net","2603:1026:c0d:c07::8, 2603:1026:c0d:802::8, 2603:1026:c0d:82c::8, 2603:1026:c0d:c31::8",,,,,,
[x],av.originenergy.com.au,203.20.196.73,"ns-54.awsdns-06.com, awsdns-hostmaster.amazon.com",NOERROR,,,,,,,,,,
[x],backend-im.originenergy.com.au,"52.62.138.4, 52.63.117.26, 13.237.28.148","ns-99.awsdns-12.com, awsdns-hostmaster.amazon.com",NOERROR,,,lb-ext-1262204475.ap-southeast-2.elb.amazonaws.com,,,,,,,
[x],bill-download-prod.origindigital-pac.com.au,,"ns-418.awsdns-52.com, hostmaster.cloudfront.net",NOERROR,,,diqsu22oxs2jh.cloudfront.net,,,,,,,
[x],bitbucket.originenergy.com.au,"13.238.109.213, 13.237.1.49","ns-99.awsdns-12.com, awsdns-hostmaster.amazon.com",NOERROR,,,bitbucket-public-1717999313.ap-southeast-2.elb.amazonaws.com,,,,,,,
[x],buyinggroup.originenergy.com.au,,"ns-1324.awsdns-37.org, awsdns-hostmaster.amazon.com",NOERROR,,,origin-apps.utilihub.io,,,,,,,
[x],click.lpg.originenergy.com.au,128.245.32.230,"ns1.exacttarget.com, hostmaster.exacttarget.com",NOERROR,,,,,,,,,,
[x],click.retail.originenergy.com.au,13.111.136.147,"ns-54.awsdns-06.com, awsdns-hostmaster.amazon.com",NOERROR,,,,,,,,,,
[x],clientretention-api-prod.origindigital-pac.com.au,"3.104.87.160, 3.24.146.217, 13.238.168.44","ns-172.awsdns-21.com, awsdns-hostmaster.amazon.com",NOERROR,,,d-5gza9s0u0h.execute-api.ap-southeast-2.amazonaws.com,,"ns-1157.awsdns-16.org, ns-172.awsdns-21.com, ns-2016.awsdns-60.co.uk, ns-764.awsdns-31.net, ns-10.awsdns-01.com, ns-1252.awsdns-28.org, ns-1832.awsdns-37.co.uk, ns-647.awsdns-16.net",,,,,
[x],clientretention.api.odcdn.com.au,"13.249.9.44, 13.249.9.115, 13.249.9.65, 13.249.9.34","ns-1122.awsdns-12.org, awsdns-hostmaster.amazon.com",NOERROR,,,dvqgrh6s6hadr.cloudfront.net,,"ns-1122.awsdns-12.org, ns-1683.awsdns-18.co.uk, ns-551.awsdns-04.net, ns-89.awsdns-11.com",True,cloudfront,,,
[x],cloud.lpg.originenergy.com.au,128.245.17.83,"ns1.exacttarget.com, hostmaster.exacttarget.com",NOERROR,,,,,,,,,,
[x],cloud.retail.originenergy.com.au,13.111.132.249,"ns-54.awsdns-06.com, awsdns-hostmaster.amazon.com",NOERROR,,,,,,,,,,
[x],connect.origindigital-pac.com.au,"13.32.27.102, 13.32.27.47, 13.32.27.14, 13.32.27.96","ns-267.awsdns-33.com, awsdns-hostmaster.amazon.com",NOERROR,,,d10qyg37n429pk.cloudfront.net,"2600:9000:211e:a000:1a:e643:6a00:93a1, 2600:9000:211e:a00:1a:e643:6a00:93a1, 2600:9000:211e:8000:1a:e643:6a00:93a1, 2600:9000:211e:f800:1a:e643:6a00:93a1, 2600:9000:211e:e600:1a:e643:6a00:93a1, 2600:9000:211e:da00:1a:e643:6a00:93a1, 2600:9000:211e:7c00:1a:e643:6a00:93a1, 2600:9000:211e:600:1a:e643:6a00:93a1","ns-1181.awsdns-19.org, ns-1931.awsdns-49.co.uk, ns-267.awsdns-33.com, ns-528.awsdns-02.net",True,cloudfront,,,
[x],connect.originenergy.com.au,"13.32.27.102, 13.32.27.47, 13.32.27.96, 13.32.27.14","ns-267.awsdns-33.com, awsdns-hostmaster.amazon.com",NOERROR,,,"connect.origindigital-pac.com.au, d10qyg37n429pk.cloudfront.net","2600:9000:211e:9a00:1a:e643:6a00:93a1, 2600:9000:211e:8200:1a:e643:6a00:93a1, 2600:9000:211e:2600:1a:e643:6a00:93a1, 2600:9000:211e:ea00:1a:e643:6a00:93a1, 2600:9000:211e:9800:1a:e643:6a00:93a1, 2600:9000:211e:fa00:1a:e643:6a00:93a1, 2600:9000:211e:2a00:1a:e643:6a00:93a1, 2600:9000:211e:b200:1a:e643:6a00:93a1","ns-1181.awsdns-19.org, ns-1931.awsdns-49.co.uk, ns-267.awsdns-33.com, ns-528.awsdns-02.net",True,cloudfront,,,
[x],csc.originenergy.com.au,203.20.192.33,"ns-54.awsdns-06.com, awsdns-hostmaster.amazon.com",NOERROR,"mailbackup.originenergy.com.au, mail.originenergy.com.au",v=spf1 mx -all,,,,,,,,
[x],dashboard.mydata.cdr.originenergy.com.au,"104.18.40.111, 172.64.147.145","alexis.ns.cloudflare.com, dns.cloudflare.com",NOERROR,,,,"2606:4700:4400::6812:286f, 2606:4700:4400::ac40:9391",,True,cloudflare,,,
[x],dataportal.originenergy.com.au,"13.225.78.36, 13.225.78.7, 13.225.78.116, 13.225.78.50","ns-261.awsdns-32.com, awsdns-hostmaster.amazon.com",NOERROR,,amazonses:YwVY1bO9V570Is1JziSSmwtlu/stF1vwvU/VsQlRsjU=,,,"ns-1255.awsdns-28.org, ns-1814.awsdns-34.co.uk, ns-261.awsdns-32.com, ns-883.awsdns-46.net",True,cloudfront,,,
[x],dev-iproc.originenergy.com.au,203.20.192.90,"ns-54.awsdns-06.com, awsdns-hostmaster.amazon.com",NOERROR,,,,,,,,,,
[x],dev.connect.originenergy.com.au,"13.224.187.43, 13.224.187.55, 13.224.187.63, 13.224.187.48","ns-19.awsdns-02.com, awsdns-hostmaster.amazon.com",NOERROR,,,"dev-connect.origindigital-dac.com.au, dpxuqdzxj3bwi.cloudfront.net","2600:9000:207d:e000:15:58b9:8080:93a1, 2600:9000:207d:1800:15:58b9:8080:93a1, 2600:9000:207d:e00:15:58b9:8080:93a1, 2600:9000:207d:4800:15:58b9:8080:93a1, 2600:9000:207d:3a00:15:58b9:8080:93a1, 2600:9000:207d:7200:15:58b9:8080:93a1, 2600:9000:207d:7e00:15:58b9:8080:93a1, 2600:9000:207d:7800:15:58b9:8080:93a1","ns-1743.awsdns-25.co.uk, ns-1204.awsdns-22.org, ns-19.awsdns-02.com, ns-567.awsdns-06.net",True,cloudfront,,,
[x],dev.dataportal.originenergy.com.au,"18.66.147.26, 18.66.147.101, 18.66.147.11, 18.66.147.21","ns-70.awsdns-08.com, awsdns-hostmaster.amazon.com",NOERROR,,,d3f72aphq7et09.cloudfront.net,"2600:9000:225e:c000:8:b63a:5640:93a1, 2600:9000:225e:9a00:8:b63a:5640:93a1, 2600:9000:225e:5600:8:b63a:5640:93a1, 2600:9000:225e:dc00:8:b63a:5640:93a1, 2600:9000:225e:6a00:8:b63a:5640:93a1, 2600:9000:225e:6200:8:b63a:5640:93a1, 2600:9000:225e:5a00:8:b63a:5640:93a1, 2600:9000:225e:c600:8:b63a:5640:93a1","ns-1392.awsdns-46.org, ns-1561.awsdns-03.co.uk, ns-654.awsdns-17.net, ns-70.awsdns-08.com",True,cloudfront,,,
[x],dev.digital.api.odcdn.com.au,"18.155.145.46, 18.155.145.35, 18.155.145.34, 18.155.145.21","ns-344.awsdns-43.com, awsdns-hostmaster.amazon.com",NOERROR,,,d108qkgkjcdot2.cloudfront.net,,"ns-1463.awsdns-54.org, ns-1938.awsdns-50.co.uk, ns-344.awsdns-43.com, ns-716.awsdns-25.net",True,cloudfront,,,
[x],dev.distributorlookup.api.odcdn.com.au,"18.244.146.56, 18.244.146.91, 18.244.146.22, 18.244.146.77, 205.251.192.243, 205.251.195.14","ns-782.awsdns-33.net, awsdns-hostmaster.amazon.com",NOERROR,,,d3odhudb9nnosm.cloudfront.net,,"ns-1955.awsdns-52.co.uk, ns-1515.awsdns-61.org, ns-243.awsdns-30.com, ns-782.awsdns-33.net",True,cloudfront,,,
[x],dev.ftr.api.odcdn.com.au,,"ns-418.awsdns-52.com, hostmaster.cloudfront.net",NOERROR,,,d3cifbak70rqwh.cloudfront.net,,,,,,,
[x],developer.mydata.cdr.originenergy.com.au,"104.18.40.111, 172.64.147.145","alexis.ns.cloudflare.com, dns.cloudflare.com",NOERROR,,,,"2606:4700:4400::ac40:9391, 2606:4700:4400::6812:286f",,True,cloudflare,,,
[x],digital.api.odcdn.com.au,"18.165.242.54, 18.165.242.99, 18.165.242.120, 18.165.242.87","ns-1093.awsdns-08.org, awsdns-hostmaster.amazon.com",NOERROR,,,dfhpgr5v3tnel.cloudfront.net,,,True,cloudfront,,,
[x],digital.origindigital-pac.com.au,"18.66.112.49, 18.66.112.60, 18.66.112.54, 18.66.112.103","ns-565.awsdns-06.net, awsdns-hostmaster.amazon.com",NOERROR,,,d3px07g4cxomjr.cloudfront.net,"2600:9000:223f:8e00:8:258e:49c0:93a1, 2600:9000:223f:4400:8:258e:49c0:93a1, 2600:9000:223f:4800:8:258e:49c0:93a1, 2600:9000:223f:9200:8:258e:49c0:93a1, 2600:9000:223f:9a00:8:258e:49c0:93a1, 2600:9000:223f:3e00:8:258e:49c0:93a1, 2600:9000:223f:b200:8:258e:49c0:93a1, 2600:9000:223f:7200:8:258e:49c0:93a1","ns-1041.awsdns-02.org, ns-1904.awsdns-46.co.uk, ns-343.awsdns-42.com, ns-565.awsdns-06.net",True,cloudfront,,,
[x],distributorlookup.api.odcdn.com.au,"99.84.191.115, 99.84.191.4, 99.84.191.24, 99.84.191.85, 205.251.193.146, 205.251.194.83, 205.251.197.206, 205.251.199.106","ns-1486.awsdns-57.org, awsdns-hostmaster.amazon.com",NOERROR,,,d2ofhcib3yyprq.cloudfront.net,,"ns-402.awsdns-50.com, ns-1898.awsdns-45.co.uk, ns-1486.awsdns-57.org, ns-595.awsdns-10.net",True,cloudfront,,,
[x],docs.origindigital-pac.com.au,"10.200.22.33, 10.200.24.70, 10.200.23.128","ns-99.awsdns-12.com, awsdns-hostmaster.amazon.com",NOERROR,,,"s3assetsproxy-service-prod.origindigital-pac.com.au, internal-ecs-alb-prodb-int-1314878435.ap-southeast-2.elb.amazonaws.com",,,,,True,"10.200.22.33, 10.200.24.70, 10.200.23.128",
[x],docs.originenergy.com.au,119.9.38.128,"ns-54.awsdns-06.com, awsdns-hostmaster.amazon.com",NOERROR,,,,,,,,,,
[x],download.im.originenergy.com.au,"143.204.215.106, 143.204.215.23, 143.204.215.54, 143.204.215.101","ns-2018.awsdns-60.co.uk, awsdns-hostmaster.amazon.com",NOERROR,,,"im.originenergy.com.au, d2j70o93yrzltp.cloudfront.net","2600:9000:214f:9c00:b:ab23:f40:93a1, 2600:9000:214f:c800:b:ab23:f40:93a1, 2600:9000:214f:fa00:b:ab23:f40:93a1, 2600:9000:214f:2200:b:ab23:f40:93a1, 2600:9000:214f:2600:b:ab23:f40:93a1, 2600:9000:214f:2c00:b:ab23:f40:93a1, 2600:9000:214f:5800:b:ab23:f40:93a1, 2600:9000:214f:5a00:b:ab23:f40:93a1","ns-190.awsdns-23.com, ns-792.awsdns-35.net, ns-1113.awsdns-11.org, ns-2018.awsdns-60.co.uk",True,cloudfront,,,
[x],download.originenergy.com.au,,"ns-418.awsdns-52.com, hostmaster.cloudfront.net",NOERROR,,,"bill-download-prod.origindigital-pac.com.au, diqsu22oxs2jh.cloudfront.net",,,,,,,
[x],ecomms.originenergy.com.au,,"ns-261.awsdns-32.com, awsdns-hostmaster.amazon.com",NOERROR,,"google-site-verification=DpeKwxoTIvFXQf-XktoKoLeaLYYUuNgY770TbbZ_s-s, google-site-verification=NnfDZUs4GWPh0HxvejWXaB5yJqTx7LBZwqACxQvy5O4, v=spf1 redirect=__spf.campaign.adobe.com",,,"ns-1527.awsdns-62.org, ns-1856.awsdns-40.co.uk, ns-261.awsdns-32.com, ns-653.awsdns-17.net",,,,,
[x],email.originenergy.com.au,208.70.139.62,"ns-54.awsdns-06.com, awsdns-hostmaster.amazon.com",NOERROR,"inc18smtp1.na.epidm.net, cl4bak1smtp1.na.epidm.net, cl4bak1smtp2.na.epidm.net, cl4bak2smtp1.na.epidm.net","spf2.0/pra include:na.epidm.net ~all, v=spf1 include:na.epidm.net ip4:180.92.216.0/21 ~all",,,,,,,,
[x],enekwgtm01.originenergy.com.au,203.20.195.16,"ns-54.awsdns-06.com, awsdns-hostmaster.amazon.com",NOERROR,,,,,,,,,,
[x],feedback.originenergy.com.au,207.189.168.138,"pdns09.domaincontrol.com, dns.jomax.net",NOERROR,,,webhost.mcxplatform.com.au,,"pdns10.domaincontrol.com, pdns09.domaincontrol.com",,,,,
[x],files.originenergy.com.au,"18.66.97.124, 18.66.97.90, 18.66.97.75, 18.66.97.60","ns-568.awsdns-07.net, awsdns-hostmaster.amazon.com",NOERROR,,,"files-cdn-prod.originrx-pac.com.au, d753uvqt5tdg0.cloudfront.net","2600:9000:223c:5a00:1:6140:9400:93a1, 2600:9000:223c:f400:1:6140:9400:93a1, 2600:9000:223c:3600:1:6140:9400:93a1, 2600:9000:223c:e400:1:6140:9400:93a1, 2600:9000:223c:3800:1:6140:9400:93a1, 2600:9000:223c:7e00:1:6140:9400:93a1, 2600:9000:223c:9e00:1:6140:9400:93a1, 2600:9000:223c:5800:1:6140:9400:93a1","ns-1469.awsdns-55.org, ns-1947.awsdns-51.co.uk, ns-463.awsdns-57.com, ns-568.awsdns-07.net",True,cloudfront,,,
[x],greenflux.api.fe-dev.originenergy.com.au,13.54.170.91,"ns-1750.awsdns-26.co.uk, awsdns-hostmaster.amazon.com",NOERROR,,,,,,,,,,
[x],greenflux.api.fe-stg.originenergy.com.au,52.64.109.172,"ns-1254.awsdns-28.org, awsdns-hostmaster.amazon.com",NOERROR,,,,,,,,,,
[x],greenflux.api.fe.originenergy.com.au,"52.64.147.233, 13.210.55.101, 54.79.241.112","ns-527.awsdns-01.net, awsdns-hostmaster.amazon.com",NOERROR,,,vppdmz-prod-greenflux-88f1b00b4e25a076.elb.ap-southeast-2.amazonaws.com,,,,,,,
[x],gslb5.originenergy.com.au,203.20.195.53,"ns-54.awsdns-06.com, awsdns-hostmaster.amazon.com",NOERROR,,,,,,,,,,
[x],gslb7.originenergy.com.au,203.20.195.137,"ns-54.awsdns-06.com, awsdns-hostmaster.amazon.com",NOERROR,,,,,,,,,,
[x],gslb8.originenergy.com.au,203.20.195.138,"ns-54.awsdns-06.com, awsdns-hostmaster.amazon.com",NOERROR,,,,,,,,,,
[x],gsumrsds01.originenergy.com.au,,,NOERROR,,,,,,,,,,
[x],gsumrsus01.upstream.originenergy.com.au,,,NOERROR,,,,,,,,,,
[x],gtm-access.originenergy.com.au,"203.20.195.222, 203.20.195.122, 144.140.200.3, 144.140.187.3","slen.gtm.idc.telstra.com, hostmaster.slen.gtm.idc.telstra.com",NOERROR,,,,,"slen.gtm.idc.telstra.com, exhi.gtm.idc.telstra.com",,,,,
[x],gtm-iproc.originenergy.com.au,"203.20.195.79, 203.20.195.179","slen.gtm.idc.telstra.com, hostmaster.slen.gtm.idc.telstra.com",NOERROR,,,,,"exhi.gtm.idc.telstra.com, slen.gtm.idc.telstra.com",,,,,
[x],haas-admin.mydata.cdr.originenergy.com.au,"172.64.147.145, 104.18.40.111","alexis.ns.cloudflare.com, dns.cloudflare.com",NOERROR,,,,"2606:4700:4400::6812:286f, 2606:4700:4400::ac40:9391",,True,cloudflare,,,
[x],id-be.dev.originenergy.com.au,"13.225.244.64, 13.225.244.45, 13.225.244.3, 13.225.244.15","ns-1133.awsdns-13.org, awsdns-hostmaster.amazon.com",NOERROR,,,"id-be.dev.non-prod.etrm.io, d3myo99wg8tgy9.cloudfront.net","2600:9000:2117:1e00:1d:61e0:c440:93a1, 2600:9000:2117:9800:1d:61e0:c440:93a1, 2600:9000:2117:9e00:1d:61e0:c440:93a1, 2600:9000:2117:6e00:1d:61e0:c440:93a1, 2600:9000:2117:1800:1d:61e0:c440:93a1, 2600:9000:2117:bc00:1d:61e0:c440:93a1, 2600:9000:2117:fe00:1d:61e0:c440:93a1, 2600:9000:2117:9000:1d:61e0:c440:93a1","ns-746.awsdns-29.net, ns-391.awsdns-48.com, ns-1133.awsdns-13.org, ns-1715.awsdns-22.co.uk",True,cloudfront,,,
[x],id-be.staging.originenergy.com.au,"18.66.122.119, 18.66.122.38, 18.66.122.109, 18.66.122.49","ns-1259.awsdns-29.org, awsdns-hostmaster.amazon.com",NOERROR,,,"id-be.staging.non-prod.etrm.io, d10pk1uidpmsu3.cloudfront.net","2600:9000:2250:7800:18:21ba:1ec0:93a1, 2600:9000:2250:400:18:21ba:1ec0:93a1, 2600:9000:2250:7600:18:21ba:1ec0:93a1, 2600:9000:2250:c200:18:21ba:1ec0:93a1, 2600:9000:2250:7c00:18:21ba:1ec0:93a1, 2600:9000:2250:6800:18:21ba:1ec0:93a1, 2600:9000:2250:8200:18:21ba:1ec0:93a1, 2600:9000:2250:fa00:18:21ba:1ec0:93a1","ns-1934.awsdns-49.co.uk, ns-536.awsdns-03.net, ns-1259.awsdns-29.org, ns-184.awsdns-23.com",True,cloudfront,,,
[x],id-preprod-b.originenergy.com.au,,"ns-418.awsdns-52.com, hostmaster.cloudfront.net",NOERROR,,,d6dzne5e7eso0.cloudfront.net,,,,,,,
[x],id-preprod-be.origindigital-pac.com.au,,"ns-418.awsdns-52.com, hostmaster.cloudfront.net",NOERROR,,,d2v6wsmrdcb1z.cloudfront.net,,,,,,,
[x],id-preprod.origindigital-pac.com.au,"143.204.231.111, 143.204.231.76, 143.204.231.125, 143.204.231.43","ns-1821.awsdns-35.co.uk, awsdns-hostmaster.amazon.com",NOERROR,,,d3gqjuuj8ak63w.cloudfront.net,"2600:9000:2113:5200:12:c1dd:7b00:93a1, 2600:9000:2113:c00:12:c1dd:7b00:93a1, 2600:9000:2113:1c00:12:c1dd:7b00:93a1, 2600:9000:2113:2800:12:c1dd:7b00:93a1, 2600:9000:2113:e00:12:c1dd:7b00:93a1, 2600:9000:2113:de00:12:c1dd:7b00:93a1, 2600:9000:2113:7a00:12:c1dd:7b00:93a1, 2600:9000:2113:1e00:12:c1dd:7b00:93a1","ns-1465.awsdns-55.org, ns-1821.awsdns-35.co.uk, ns-370.awsdns-46.com, ns-539.awsdns-03.net",True,cloudfront,,,
[x],id.dev.originenergy.com.au,"13.249.9.109, 13.249.9.113, 13.249.9.77, 13.249.9.38","ns-1686.awsdns-18.co.uk, awsdns-hostmaster.amazon.com",NOERROR,,,d18a2jhahb0py2.cloudfront.net,"2600:9000:2171:3a00:13:94cc:9680:93a1, 2600:9000:2171:e800:13:94cc:9680:93a1, 2600:9000:2171:3c00:13:94cc:9680:93a1, 2600:9000:2171:5a00:13:94cc:9680:93a1, 2600:9000:2171:e00:13:94cc:9680:93a1, 2600:9000:2171:fc00:13:94cc:9680:93a1, 2600:9000:2171:de00:13:94cc:9680:93a1, 2600:9000:2171:4200:13:94cc:9680:93a1","ns-1097.awsdns-09.org, ns-1686.awsdns-18.co.uk, ns-297.awsdns-37.com, ns-847.awsdns-41.net",True,cloudfront,,,
[x],id.originenergy.com.au,"13.224.189.6, 13.224.189.81, 13.224.189.22, 13.224.189.126","ns-45.awsdns-05.com, awsdns-hostmaster.amazon.com",NOERROR,,,d2nljugyn5ko39.cloudfront.net,"2600:9000:20eb:6000:16:46d:fd40:93a1, 2600:9000:20eb:5c00:16:46d:fd40:93a1, 2600:9000:20eb:3a00:16:46d:fd40:93a1, 2600:9000:20eb:e200:16:46d:fd40:93a1, 2600:9000:20eb:a600:16:46d:fd40:93a1, 2600:9000:20eb:5800:16:46d:fd40:93a1, 2600:9000:20eb:6600:16:46d:fd40:93a1, 2600:9000:20eb:ea00:16:46d:fd40:93a1","ns-1209.awsdns-23.org, ns-1615.awsdns-09.co.uk, ns-45.awsdns-05.com, ns-916.awsdns-50.net",True,cloudfront,,,
[x],id.preprod.originenergy.com.au,"108.138.17.119, 108.138.17.127, 108.138.17.102, 108.138.17.38","ns-1821.awsdns-35.co.uk, awsdns-hostmaster.amazon.com",NOERROR,,,"id-preprod.origindigital-pac.com.au, d3gqjuuj8ak63w.cloudfront.net","2600:9000:2491:7e00:12:c1dd:7b00:93a1, 2600:9000:2491:aa00:12:c1dd:7b00:93a1, 2600:9000:2491:d800:12:c1dd:7b00:93a1, 2600:9000:2491:d400:12:c1dd:7b00:93a1, 2600:9000:2491:9000:12:c1dd:7b00:93a1, 2600:9000:2491:5a00:12:c1dd:7b00:93a1, 2600:9000:2491:e600:12:c1dd:7b00:93a1, 2600:9000:2491:1400:12:c1dd:7b00:93a1","ns-1465.awsdns-55.org, ns-1821.awsdns-35.co.uk, ns-370.awsdns-46.com, ns-539.awsdns-03.net",True,cloudfront,,,
[x],id.staging.originenergy.com.au,,"ns-418.awsdns-52.com, hostmaster.cloudfront.net",NOERROR,,,ddg0klvdg3wm7.cloudfront.net,,,,,,,
[x],id.test.originenergy.com.au,"18.66.147.40, 18.66.147.117, 18.66.147.93, 18.66.147.17","ns-1332.awsdns-38.org, awsdns-hostmaster.amazon.com",NOERROR,,,"id-test.origindigital-dac.com.au, d2c2wyma7vckyt.cloudfront.net","2600:9000:225e:f800:13:cc04:940:93a1, 2600:9000:225e:8c00:13:cc04:940:93a1, 2600:9000:225e:7200:13:cc04:940:93a1, 2600:9000:225e:ba00:13:cc04:940:93a1, 2600:9000:225e:a800:13:cc04:940:93a1, 2600:9000:225e:8a00:13:cc04:940:93a1, 2600:9000:225e:8e00:13:cc04:940:93a1, 2600:9000:225e:6400:13:cc04:940:93a1","ns-1332.awsdns-38.org, ns-1745.awsdns-26.co.uk, ns-313.awsdns-39.com, ns-655.awsdns-17.net",True,cloudfront,,,
[x],im-ds.originenergy.com.au,"13.237.28.148, 52.63.117.26, 52.62.138.4","ns-99.awsdns-12.com, awsdns-hostmaster.amazon.com",NOERROR,,,lb-ext-1262204475.ap-southeast-2.elb.amazonaws.com,,,,,,,
[x],im-extra.originenergy.com.au,,"slen.gtm.idc.telstra.com, hostmaster.slen.gtm.idc.telstra.com",NOERROR,,,,,"slen.gtm.idc.telstra.com, exhi.gtm.idc.telstra.com",,,,,
[x],im-pp-ds.originenergy.com.au,"3.106.65.85, 13.238.140.32, 54.253.145.73","ns-99.awsdns-12.com, awsdns-hostmaster.amazon.com",NOERROR,,,pp-lb-ext-278837901.ap-southeast-2.elb.amazonaws.com,,,,,,,
[x],im-pp.originenergy.com.au,"13.238.140.32, 3.106.65.85, 54.253.145.73","ns-99.awsdns-12.com, awsdns-hostmaster.amazon.com",NOERROR,,,pp-lb-ext-278837901.ap-southeast-2.elb.amazonaws.com,,,,,,,
[x],im-stage.originenergy.com.au,"52.84.106.32, 52.84.106.58, 52.84.106.61, 52.84.106.42","ns-223.awsdns-27.com, awsdns-hostmaster.amazon.com",NOERROR,,,d2oc6c7p5in9in.cloudfront.net,,"ns-1292.awsdns-33.org, ns-2036.awsdns-62.co.uk, ns-223.awsdns-27.com, ns-566.awsdns-06.net",True,cloudfront,,,
[x],image.lpg.originenergy.com.au,"23.37.226.81, 23.53.43.104","n0dscx.akamaiedge.net, hostmaster.akamai.com",NOERROR,,,"tlsprovisioning-san-s10-4.edgekey.net, e91587.dscx.akamaiedge.net","2a02:26f0:7100::211:64f8, 2a02:26f0:7100::211:6493",,,,,,
[x],image.retail.originenergy.com.au,104.81.114.174,"n0x.akamaiedge.net, hostmaster.akamai.com",NOERROR,,,"akamai-san54.exacttarget.com.edgekey.net, e17466.x.akamaiedge.net",,,,,,,
[x],incap-im.originenergy.com.au,52.237.241.62,"ns-54.awsdns-06.com, awsdns-hostmaster.amazon.com",NOERROR,,,,,,True,azure,,,
[x],incap-m-corp.originenergy.com.au,13.75.156.132,"ns-54.awsdns-06.com, awsdns-hostmaster.amazon.com",NOERROR,,,,,,True,azure,,,
[x],incap-web-corp-test.originenergy.com.au,13.73.195.156,"ns-54.awsdns-06.com, awsdns-hostmaster.amazon.com",NOERROR,,,,,,True,azure,,,
[x],incap-web-corp.originenergy.com.au,104.210.112.205,"ns-54.awsdns-06.com, awsdns-hostmaster.amazon.com",NOERROR,,,,,,True,azure,,,
[x],int-dev.originenergy.com.au,52.65.182.151,"ns-99.awsdns-12.com, awsdns-hostmaster.amazon.com",NOERROR,,,boomi-dev-elb-328141026.ap-southeast-2.elb.amazonaws.com,,,,,,,
[x],int-test.originenergy.com.au,"18.173.233.8, 18.173.233.61, 18.173.233.92, 18.173.233.18","ns-54.awsdns-06.com, awsdns-hostmaster.amazon.com",NOERROR,,,,,,True,cloudfront,,,
[x],jbhifi-api.fe-stg.originenergy.com.au,"13.238.95.19, 3.104.249.115, 52.63.203.185","ns-172.awsdns-21.com, awsdns-hostmaster.amazon.com",NOERROR,,,d-sqhwgw0k2e.execute-api.ap-southeast-2.amazonaws.com,,,,,,,
[x],jbhifi.api.fe.originenergy.com.au,"54.66.198.253, 13.237.59.62, 54.253.199.45","ns-1470.awsdns-55.org, awsdns-hostmaster.amazon.com",NOERROR,,,,,,,,,,
[x],jbhifi.fe-dev.originenergy.com.au,"13.224.189.62, 13.224.189.64, 13.224.189.94, 13.224.189.7","ns-1607.awsdns-08.co.uk, awsdns-hostmaster.amazon.com",NOERROR,,,d1espy3r7o18do.cloudfront.net,,"ns-423.awsdns-52.com, ns-680.awsdns-21.net, ns-1059.awsdns-04.org, ns-1607.awsdns-08.co.uk",True,cloudfront,,,
[x],jbhifi.fe-stg.originenergy.com.au,"18.154.227.112, 18.154.227.94, 18.154.227.129, 18.154.227.118, 205.251.193.78, 205.251.195.42, 205.251.196.29, 205.251.198.106","ns-1053.awsdns-03.org, awsdns-hostmaster.amazon.com",NOERROR,,,d1wrukpy1gl57w.cloudfront.net,,"ns-334.awsdns-41.com, ns-810.awsdns-37.net, ns-1053.awsdns-03.org, ns-1642.awsdns-13.co.uk",True,cloudfront,,,
[x],legacy-oerl.upstream.originenergy.com.au,,,NOERROR,,,legacy-oerl-upstream.gslb.originenergy.com.au,,,,,,,
[x],localhost.lpg.originenergy.com.au,127.0.0.1,"ns1.exacttarget.com, hostmaster.exacttarget.com",NOERROR,,,,,"ns4.exacttarget.com, ns3.exacttarget.com, ns2.exacttarget.com, ns1.exacttarget.com",,,True,127.0.0.1,
[x],localhost.originenergy.com.au,127.0.0.1,"ns-54.awsdns-06.com, awsdns-hostmaster.amazon.com",NOERROR,,,,,"ns-1282.awsdns-32.org, ns-1747.awsdns-26.co.uk, ns-54.awsdns-06.com, ns-998.awsdns-60.net",,,True,127.0.0.1,
[x],lpg.originenergy.com.au,13.111.18.27,"ns1.exacttarget.com, hostmaster.exacttarget.com",NOERROR,reply.s10.exacttarget.com,v=spf1 include:cust-spf.exacttarget.com -all,,,"ns4.exacttarget.com, ns1.exacttarget.com, ns3.exacttarget.com, ns2.exacttarget.com",,,,,
[x],m-corp.originenergy.com.au,"18.165.242.119, 18.165.242.58, 18.165.242.77, 18.165.242.80","ns-1036.awsdns-01.org, awsdns-hostmaster.amazon.com",NOERROR,,,duct523cvkq4g.cloudfront.net,"2600:9000:2554:5400:8:bee8:1000:93a1, 2600:9000:2554:c200:8:bee8:1000:93a1, 2600:9000:2554:8a00:8:bee8:1000:93a1, 2600:9000:2554:7800:8:bee8:1000:93a1, 2600:9000:2554:ac00:8:bee8:1000:93a1, 2600:9000:2554:b600:8:bee8:1000:93a1, 2600:9000:2554:3200:8:bee8:1000:93a1, 2600:9000:2554:a400:8:bee8:1000:93a1","ns-1036.awsdns-01.org, ns-226.awsdns-28.com, ns-1665.awsdns-16.co.uk, ns-990.awsdns-59.net",True,cloudfront,,,
[x],m.ecomms.originenergy.com.au,"3.106.145.91, 54.66.56.0","ns-99.awsdns-12.com, awsdns-hostmaster.amazon.com",NOERROR,,,originenergy-mkt-prod5-wp47w-59846451.ap-southeast-2.elb.amazonaws.com,,,,,,,
[x],m.originenergy.com.au,119.9.38.130,"ns-54.awsdns-06.com, awsdns-hostmaster.amazon.com",NOERROR,,,,,,,,,,
[x],mail-tracking.oe.originenergy.com.au,"54.187.34.48, 35.165.18.186, 34.213.107.64","ns-332.awsdns-41.com, awsdns-hostmaster.amazon.com",NOERROR,,,"r.us-west-2.awstrack.me, r.delegate.us-west-2.awstrack.me, baconredirects-elb-mev7rf5mv7m-1287676624.us-west-2.elb.amazonaws.com",,,,,,,
[x],mail.originenergy.com.au,52.207.128.88,"ns-1714.awsdns-22.co.uk, awsdns-hostmaster.amazon.com",NOERROR,mail555.messagelabs.com,,cluster5a.us.messagelabs.com,,,,,,,
[x],mail.reward.originenergy.com.au,54.252.217.215,"ns-54.awsdns-06.com, awsdns-hostmaster.amazon.com",NOERROR,,,,,,,,,,
[x],me.originenergy.com.au,,,NOERROR,,,me.gslb.originenergy.com.au,,,,,,,
[x],mi.originenergy.com.au,"13.32.27.120, 13.32.27.43, 13.32.27.4, 13.32.27.33","ns-324.awsdns-40.com, awsdns-hostmaster.amazon.com",NOERROR,,,d2n7e128blzunx.cloudfront.net,,"ns-856.awsdns-43.net, ns-1112.awsdns-11.org, ns-1737.awsdns-25.co.uk, ns-324.awsdns-40.com",True,cloudfront,,,
[x],mobile.originenergy.com.au,203.20.195.32,"ns-54.awsdns-06.com, awsdns-hostmaster.amazon.com",NOERROR,,,,,,,,,,
[x],movingservices.originenergy.com.au,52.65.208.4,"ns-54.awsdns-06.com, awsdns-hostmaster.amazon.com",NOERROR,,,,,,,,,,
[x],mta.lpg.originenergy.com.au,13.111.97.80,"ns1.exacttarget.com, hostmaster.exacttarget.com",NOERROR,,,,,,,,,,
[x],mta.retail.originenergy.com.au,13.111.127.46,"ns-54.awsdns-06.com, awsdns-hostmaster.amazon.com",NOERROR,,,,,,,,,,
[x],mydata.cdr.originenergy.com.au,,"alexis.ns.cloudflare.com, dns.cloudflare.com",NOERROR,,,,,"alexis.ns.cloudflare.com, sureena.ns.cloudflare.com",,,,,
[x],news.originenergy.com.au,198.245.82.46,"ns-54.awsdns-06.com, awsdns-hostmaster.amazon.com",NOERROR,reply-mx.s6.exacttarget.com,"v=spf1 include:cust-spf.exacttarget.com -all, spf2.0/pra include:cust-senderid.exacttarget.com -all",,,,,,,,
[x],nex.odcdn.com.au,10.201.243.252,"ns-484.awsdns-60.com, awsdns-hostmaster.amazon.com",NOERROR,,,,,,,,True,10.201.243.252,
[x],ocs.originenergy.com.au,203.20.196.75,"ns-54.awsdns-06.com, awsdns-hostmaster.amazon.com",NOERROR,,,,,,,,,,
[x],odcdn.com.au,,"ns-484.awsdns-60.com, awsdns-hostmaster.amazon.com",NOERROR,inbound-smtp.us-east-1.amazonaws.com,,,,"ns-555.awsdns-05.net, ns-1103.awsdns-09.org, ns-1555.awsdns-02.co.uk, ns-484.awsdns-60.com",,,,,
[x],oe.originenergy.com.au,208.75.92.100,"ns-54.awsdns-06.com, awsdns-hostmaster.amazon.com",NOERROR,inbound-smtp.us-west-2.amazonaws.com,v=spf1 include:amazonses.com ~all,,,,,,,,
[x],oetest.originenergy.com.au,208.75.92.133,"ns-54.awsdns-06.com, awsdns-hostmaster.amazon.com",NOERROR,inbound-smtp.us-west-2.amazonaws.com,v=spf1 include:amazonses.com ~all,,,,,,,,
[x],oliex.originenergy.com.au,13.70.151.195,"tm1.dns-tm.com, hostmaster.trafficmanager.net",NOERROR,,,"oliex-origin.msappproxy.net, 97160e56-eb00-44fe-b31d-0d6d351c636d.tenant.runtime.msappproxy.net, cwap-aus1-runtime.routing.msappproxy.net, aus.proxy-2.appproxy.msidentity.com, www.tm.aus.proxy-2.appproxy.trafficmanager.net",,,True,azure,,,
[x],olms.originenergy.com.au,,"slen.gtm.idc.telstra.com, hostmaster.slen.gtm.idc.telstra.com",NOERROR,,,,,"exhi.gtm.idc.telstra.com, slen.gtm.idc.telstra.com",,,,,
[x],online-gw.originenergy.com.au,,"ns-418.awsdns-52.com, hostmaster.cloudfront.net",NOERROR,,,d2xdpa95i6g0yg.cloudfront.net,,,,,,,
[x],online.originenergy.com.au,119.9.38.130,"ns-54.awsdns-06.com, awsdns-hostmaster.amazon.com",NOERROR,,,,,,,,,,
[x],origin.online-gw.originenergy.com.au,,,NOERROR,,,online-gw.gslb.originenergy.com.au,,,,,,,
[x],origindigital-pac.com.au,,"ns-10.awsdns-01.com, awsdns-hostmaster.amazon.com",NOERROR,inbound-smtp.us-east-1.amazonaws.com,"google-site-verification=JeZCnwmVfEH6UcSAjiFj4vpWTHEJpqz4zL465Y-uct8, google-site-verification=YI980JZewsVzMrNtx6iCZwfTQdygu9TU_i-lcGb07EQ, v=spf1 include:amazonses.com ~all, facebook-domain-verification=quhlgz38zj3uwd04sjovx5c5y42r5l",,,"ns-1832.awsdns-37.co.uk, ns-647.awsdns-16.net, ns-10.awsdns-01.com, ns-1252.awsdns-28.org",,,,,"amazontrust.com, awstrust.com, amazon.com, amazonaws.com"
[x],originenergy.com.au,"13.224.189.36, 13.224.189.44, 13.224.189.53, 13.224.189.79","ns-54.awsdns-06.com, awsdns-hostmaster.amazon.com",NOERROR,"mx1.hc852-37.ap.iphmx.com, mx2.hc852-37.ap.iphmx.com","1password-site-verification=ZCWPR5JGIBFVTAFP7MPH2ZXUUY, 3DrzIKSJGgS1w7GVO_VOeZU, MS=ms56582967, XKyYnON1fVSiNFhexQYALj9QmyldH/6yxy/jq9CrEwmd4C0Rg2eToWjSC5vJIX46Q9p6er2iJjKPqeEaZhGztg==, adobe-idp-site-verification=cfb9973b1a5fcb92d0df8af292cd038166ba53a0d4b7b6425ff11dc630c134fe, adobe-sign-verification=101e76e895d3438ac32ef47f24e219a8, ahrefs-site-verification_79265bb1eb668b7d49ed91f942f921f49b44e5b2892a6466695be7142f64bc9f, amazonses:1eQ6snJi3IOXeaavRVk5FbnA+1pObS864Jqm4hy+Ph4=, amazonses:6LnWPz7WZEYwitrMcX8FLUeNtj3MBgVv1sTNu4EBskY=, amazonses:BgEN0ykGl1Y4ntshsgJR7tgqE/I8n7fhnRZjCDppk5k=, amazonses:Jz5EaKVa4gaCpDFcBdhSGpq2ZVHq1YDt/jrp6YF4AAY=, amazonses:QIL29UoPglPQ3S1T6z+C+Q/MVuhrKmTo0TlGokGvfQs=, atlassian-domain-verification=Ici6ZLHdiuA7VDl9CbnH4zga5AEcIDC1Iu+rkRw6a6OLUjcrbLbJ4MlS7MEvix41, facebook-domain-verification=quhlgz38zj3uwd04sjovx5c5y42r5l, globalsign-domain-verification=asnCRhRiOLbEGFRO-Qmn7XtUc1llLZz8p0kCV4s-VR, google-site-verification=3GIgSYdjm-dDX26stJN2t2Rf2CquAaf6sfkd88gKI3s, google-site-verification=FAKoI2LTUW7SBZ50-3gwUDVFZFsRFwfOLz2CB965Nio, google-site-verification=KxD6mljU68DKNgHmLJMbdkDprK7Lzx17Ahhn2PFI30E, google-site-verification=WZDWhpOlgrGXFhbEmScwiVkDRkt1pPaKRIfq1rzw27o, have-i-been-pwned-verification=c65e7a80b3ddb6239e6f09921d735a36, twilio-domain-verification=4196326c7ee1dc1481b2ccec060b757f, v=spf1 mx include:spf.protection.outlook.com include:mailcontrol.com ip4:203.20.196.0/24 include:esa.hc852-37.ap.iphmx.com include:spfa.originenergy.com.au include:_spf-dc10.sapsf.com ~all, zapier-domain-verification-challenge=f07fe6e3-1ac6-4752-af23-27581e6b527c",,,"ns-1282.awsdns-32.org, ns-1747.awsdns-26.co.uk, ns-54.awsdns-06.com, ns-998.awsdns-60.net",True,cloudfront,,,"amazon.com, amazonaws.com, amazontrust.com, digicert.com, globalsign.com, letsencrypt.org, pki.goog, awstrust.com, securetrust.com"
[x],otportal.originenergy.com.au,49.255.177.250,"ns-54.awsdns-06.com, awsdns-hostmaster.amazon.com",NOERROR,,,,,,,,,,
[x],otportal01.originenergy.com.au,49.255.177.250,"ns-54.awsdns-06.com, awsdns-hostmaster.amazon.com",NOERROR,,,,,,,,,,
[x],otportal02.originenergy.com.au,49.255.177.254,"ns-54.awsdns-06.com, awsdns-hostmaster.amazon.com",NOERROR,,,,,,,,,,
[x],owa.originenergy.com.au,"203.20.195.237, 203.20.195.37","slen.gtm.idc.telstra.com, hostmaster.slen.gtm.idc.telstra.com",NOERROR,,,,,"slen.gtm.idc.telstra.com, exhi.gtm.idc.telstra.com",,,,,
[x],pay.originenergy.com.au,,"ns-99.awsdns-12.com, awsdns-hostmaster.amazon.com",NOERROR,,,"payments-consumer-au.fico-ccs.net, prod-inter-171xy1caujwh7-1785485662.ap-southeast-2.elb.amazonaws.com",,,,,,,
[x],paytest.originenergy.com.au,"3.106.97.255, 52.62.247.182","ns-99.awsdns-12.com, awsdns-hostmaster.amazon.com",NOERROR,,,"payments-consumer-au.ficoccs-cqa.net, cqa-b-inter-xka9nu4j5pws-41457991.ap-southeast-2.elb.amazonaws.com",,,,,,,
[x],peoplecentral.originenergy.com.au,"13.226.153.110, 13.226.153.28, 13.226.153.73, 13.226.153.29","ns-54.awsdns-06.com, awsdns-hostmaster.amazon.com",NOERROR,,,,,,True,cloudfront,,,
[x],plan.originenergy.com.au,"108.138.51.67, 108.138.51.76, 108.138.51.42, 108.138.51.69, 205.251.193.161","ns-533.awsdns-02.net, awsdns-hostmaster.amazon.com",NOERROR,,,d3kc2u5d2dju03.cloudfront.net,"2600:9000:2436:5000:1a:9068:e8c0:93a1, 2600:9000:2436:d400:1a:9068:e8c0:93a1, 2600:9000:2436:b800:1a:9068:e8c0:93a1, 2600:9000:2436:cc00:1a:9068:e8c0:93a1, 2600:9000:2436:7600:1a:9068:e8c0:93a1, 2600:9000:2436:2c00:1a:9068:e8c0:93a1, 2600:9000:2436:2a00:1a:9068:e8c0:93a1, 2600:9000:2436:c800:1a:9068:e8c0:93a1","ns-417.awsdns-52.com, ns-533.awsdns-02.net, ns-1475.awsdns-56.org, ns-1872.awsdns-42.co.uk",True,cloudfront,,,
[x],plans.api.odcdn.com.au,"13.32.27.98, 13.32.27.120, 13.32.27.46, 13.32.27.27","ns-1982.awsdns-55.co.uk, awsdns-hostmaster.amazon.com",NOERROR,,,dukrtz4ipqy34.cloudfront.net,,"ns-1982.awsdns-55.co.uk, ns-266.awsdns-33.com, ns-830.awsdns-39.net, ns-1471.awsdns-55.org",True,cloudfront,,,
[x],plantest.originenergy.com.au,"18.165.201.47, 18.165.201.66, 18.165.201.90, 18.165.201.31","ns-1725.awsdns-23.co.uk, awsdns-hostmaster.amazon.com",NOERROR,,,d47x6p8hfh4ob.cloudfront.net,"2600:9000:23d3:5000:3:8611:3ac0:93a1, 2600:9000:23d3:9200:3:8611:3ac0:93a1, 2600:9000:23d3:c800:3:8611:3ac0:93a1, 2600:9000:23d3:5200:3:8611:3ac0:93a1, 2600:9000:23d3:8800:3:8611:3ac0:93a1, 2600:9000:23d3:6600:3:8611:3ac0:93a1, 2600:9000:23d3:9800:3:8611:3ac0:93a1, 2600:9000:23d3:3000:3:8611:3ac0:93a1","ns-1725.awsdns-23.co.uk, ns-989.awsdns-59.net, ns-309.awsdns-38.com, ns-1109.awsdns-10.org",True,cloudfront,,,
[x],prd-admin.mydata.cdr.originenergy.com.au,"172.64.147.145, 104.18.40.111","alexis.ns.cloudflare.com, dns.cloudflare.com",NOERROR,,,,"2606:4700:4400::ac40:9391, 2606:4700:4400::6812:286f",,True,cloudflare,,,
[x],pre-prod-online.originenergy.com.au,,,NOERROR,,,pre-prod-online.gslb.originenergy.com.au,,,,,,,
[x],preprod.dataportal.originenergy.com.au,"13.32.27.85, 13.32.27.73, 13.32.27.64, 13.32.27.101","ns-261.awsdns-32.com, awsdns-hostmaster.amazon.com",NOERROR,,,,,,True,cloudfront,,,
[x],preprod.digital.api.odcdn.com.au,,"ns-418.awsdns-52.com, hostmaster.cloudfront.net",NOERROR,,,d2y6aa1490edjg.cloudfront.net,,,,,,,
[x],preprod.distributorlookup.api.odcdn.com.au,,"ns-418.awsdns-52.com, hostmaster.cloudfront.net",NOERROR,,,d1v82bh56rt10h.cloudfront.net,,,,,,,
[x],preprod.ftr.api.odcdn.com.au,,"ns-418.awsdns-52.com, hostmaster.cloudfront.net",NOERROR,,,d2vz6ttx3886fl.cloudfront.net,,,,,,,
[x],preprod.plans.api.odcdn.com.au,,"ns-418.awsdns-52.com, hostmaster.cloudfront.net",NOERROR,,,d3h3i5dt0wlljj.cloudfront.net,,,,,,,
[x],processsafety.originenergy.com.au,"54.253.159.246, 54.79.209.181, 52.62.212.17","ns-99.awsdns-12.com, awsdns-hostmaster.amazon.com",NOERROR,,,internet-redirector-1137885757.ap-southeast-2.elb.amazonaws.com,,,,,,,
[x],prodtest.im.originenergy.com.au,"13.224.189.35, 13.224.189.38, 13.224.189.103, 13.224.189.32","ns-49.awsdns-06.com, awsdns-hostmaster.amazon.com",NOERROR,,,d3myvw73dmar63.cloudfront.net,"2600:9000:20eb:6c00:1d:a0b0:82c0:93a1, 2600:9000:20eb:8000:1d:a0b0:82c0:93a1, 2600:9000:20eb:a400:1d:a0b0:82c0:93a1, 2600:9000:20eb:aa00:1d:a0b0:82c0:93a1, 2600:9000:20eb:c400:1d:a0b0:82c0:93a1, 2600:9000:20eb:cc00:1d:a0b0:82c0:93a1, 2600:9000:20eb:da00:1d:a0b0:82c0:93a1, 2600:9000:20eb:ea00:1d:a0b0:82c0:93a1","ns-49.awsdns-06.com, ns-668.awsdns-19.net, ns-1158.awsdns-16.org, ns-1830.awsdns-36.co.uk",True,cloudfront,,,
[x],products.originenergy.com.au,,"ns-10.awsdns-01.com, awsdns-hostmaster.amazon.com",NOERROR,,,products.rack.origindigital-pac.com.au,,,,,,,
[x],products.rack.origindigital-pac.com.au,,"ns-10.awsdns-01.com, awsdns-hostmaster.amazon.com",NOERROR,,,,,,,,,,
[x],public.mydata.cdr.originenergy.com.au,"172.64.147.145, 104.18.40.111","alexis.ns.cloudflare.com, dns.cloudflare.com",NOERROR,,,,"2606:4700:4400::ac40:9391, 2606:4700:4400::6812:286f",,True,cloudflare,,,
[x],q.originenergy.com.au,52.64.65.26,"ns-54.awsdns-06.com, awsdns-hostmaster.amazon.com",NOERROR,,,,,,,,,,
[x],qmark-test.originenergy.com.au,,"slen.gtm.idc.telstra.com, hostmaster.slen.gtm.idc.telstra.com",NOERROR,,,,,"slen.gtm.idc.telstra.com, exhi.gtm.idc.telstra.com",,,,,
[x],qmark.originenergy.com.au,,"slen.gtm.idc.telstra.com, hostmaster.slen.gtm.idc.telstra.com",NOERROR,,,,,"slen.gtm.idc.telstra.com, exhi.gtm.idc.telstra.com",,,,,
[x],r171.ecomms.originenergy.com.au,172.82.242.171,"ns-261.awsdns-32.com, awsdns-hostmaster.amazon.com",NOERROR,,,,,,,,,,
[x],r173.ecomms.originenergy.com.au,172.82.242.173,"ns-261.awsdns-32.com, awsdns-hostmaster.amazon.com",NOERROR,,,,,,,,,,
[x],r175.ecomms.originenergy.com.au,172.82.242.175,"ns-261.awsdns-32.com, awsdns-hostmaster.amazon.com",NOERROR,,,,,,,,,,
[x],r176.ecomms.originenergy.com.au,172.82.242.176,"ns-261.awsdns-32.com, awsdns-hostmaster.amazon.com",NOERROR,,,,,,,,,,
[x],r177.ecomms.originenergy.com.au,172.82.242.177,"ns-261.awsdns-32.com, awsdns-hostmaster.amazon.com",NOERROR,,,,,,,,,,
[x],r178.ecomms.originenergy.com.au,172.82.242.178,"ns-261.awsdns-32.com, awsdns-hostmaster.amazon.com",NOERROR,,,,,"ns-1527.awsdns-62.org, ns-1856.awsdns-40.co.uk, ns-261.awsdns-32.com, ns-653.awsdns-17.net",,,,,
[x],relay.originenergy.com.au,"10.207.4.25, 10.207.0.25","ns-54.awsdns-06.com, awsdns-hostmaster.amazon.com",NOERROR,,,,,,,,True,"10.207.4.25, 10.207.0.25",
[x],reneweclipse.originenergy.com.au,"13.237.118.78, 13.237.134.104, 54.79.240.247","ns-1240.awsdns-27.org, awsdns-hostmaster.amazon.com",NOERROR,,,"reneweclipse.originenergy.com.au.cname.mendix.net, elb.bbl-prod-10.ap-southeast-2.mendixcloud.net","2406:da1c:b15:1602:3ff3:6738:d908:30fa, 2406:da1c:b15:1601:223e:128a:8a0c:2a0, 2406:da1c:b15:1600:2d29:9d64:ac51:3164",,,,,,
[x],reports.originenergy.com.au,119.9.38.130,"ns-54.awsdns-06.com, awsdns-hostmaster.amazon.com",NOERROR,,,,,,,,,,
[x],res.ecomms.originenergy.com.au,"18.66.112.75, 18.66.112.129, 18.66.112.94, 18.66.112.84","ns-261.awsdns-32.com, awsdns-hostmaster.amazon.com",NOERROR,,,,,,True,cloudfront,,,
[x],retail-prod-crm.originenergy.com.au,,"slen.gtm.idc.telstra.com, hostmaster.slen.gtm.idc.telstra.com",NOERROR,,,,,"exhi.gtm.idc.telstra.com, slen.gtm.idc.telstra.com",,,,,
[x],retail.originenergy.com.au,13.111.18.27,"ns-54.awsdns-06.com, awsdns-hostmaster.amazon.com",NOERROR,reply.s10.exacttarget.com,"b4d2c8647a7842e2bcafa5698f5e96c1, amazonses:EwgRrnMzIAF1VEvLx81zHyWCOpZ1Dv+nYCxdL2nE4nc=, spf2.0/pra include:cust-senderid.exacttarget.com -all, v=spf1 include:cust-spf.exacttarget.com -all",,,,,,,,
[x],reward.originenergy.com.au,54.79.120.137,"ns-54.awsdns-06.com, awsdns-hostmaster.amazon.com",NOERROR,mail.reward.originenergy.com.au,v=spf1 a:mail.reward.originenergy.com.au include:amazonses.com -all,,,,,,,,
[x],salesplan-api-prod.api.origindigital-pac.com.au,"18.66.248.23, 18.66.248.108, 18.66.248.20, 18.66.248.2","ns-172.awsdns-21.com, awsdns-hostmaster.amazon.com",NOERROR,,,qm1ewf9vr7.execute-api.ap-southeast-2.amazonaws.com,,,True,cloudfront,,,
[x],salesplan-api-staging.api.origindigital-pac.com.au,"13.32.208.19, 13.32.208.85, 13.32.208.80, 13.32.208.102","ns-172.awsdns-21.com, awsdns-hostmaster.amazon.com",NOERROR,,,91m5he7lvk.execute-api.ap-southeast-2.amazonaws.com,,,True,cloudfront,,,
[x],sanmet.originenergy.com.au,"63.140.62.160, 63.140.62.135, 63.140.62.164","ns201.adobe.net, hostmaster.adobe.com",NOERROR,,,originenergy.com.au.ssl.sc.omtrdc.net,,,,,,,digicert.com
[x],secure.originenergy.com.au,,"ns-418.awsdns-52.com, hostmaster.cloudfront.net",NOERROR,,,d3lhqkjsrqyjsg.cloudfront.net,,"ns-1282.awsdns-32.org, ns-1747.awsdns-26.co.uk, ns-54.awsdns-06.com, ns-998.awsdns-60.net",,,,,
[x],shift.originenergy.com.au,"18.165.242.8, 18.165.242.104, 18.165.242.110, 18.165.242.101","ns-1214.awsdns-23.org, awsdns-hostmaster.amazon.com",NOERROR,,,d1kpacf8dvkv60.cloudfront.net,"2600:9000:2554:3e00:a:817b:7200:93a1, 2600:9000:2554:9a00:a:817b:7200:93a1, 2600:9000:2554:dc00:a:817b:7200:93a1, 2600:9000:2554:3400:a:817b:7200:93a1, 2600:9000:2554:aa00:a:817b:7200:93a1, 2600:9000:2554:d200:a:817b:7200:93a1, 2600:9000:2554:5e00:a:817b:7200:93a1, 2600:9000:2554:c600:a:817b:7200:93a1","ns-280.awsdns-35.com, ns-688.awsdns-22.net, ns-1214.awsdns-23.org, ns-1627.awsdns-11.co.uk",True,cloudfront,,,
[x],sip.originenergy.com.au,203.20.196.71,"ns-54.awsdns-06.com, awsdns-hostmaster.amazon.com",NOERROR,,,,,,,,,,
[x],smartworld.originenergy.com.au,"119.9.38.130, 119.9.19.168","ns-54.awsdns-06.com, awsdns-hostmaster.amazon.com",NOERROR,575643-prod-mail1.originenergy.com.au,v=spf1 mx -all,,,"ns-1282.awsdns-32.org, ns-1747.awsdns-26.co.uk, ns-54.awsdns-06.com, ns-998.awsdns-60.net",,,,,
[x],solar-api.originenergy.com.au,142.251.141.51,"ns1.google.com, dns-admin.google.com",NOERROR,,,ghs.googlehosted.com,2a00:1450:4017:816::2013,,,,,,
[x],solar-quote.originenergy.com.au,142.250.80.51,"ns1.google.com, dns-admin.google.com",NOERROR,,,ghs.googlehosted.com,2607:f8b0:4006:80b::2013,,,,,,
[x],solarportal.fe-dev.originenergy.com.au,"13.224.189.62, 13.224.189.64, 13.224.189.94, 13.224.189.7","ns-1607.awsdns-08.co.uk, awsdns-hostmaster.amazon.com",NOERROR,,,d1espy3r7o18do.cloudfront.net,,"ns-423.awsdns-52.com, ns-680.awsdns-21.net, ns-1059.awsdns-04.org, ns-1607.awsdns-08.co.uk",True,cloudfront,,,
[x],solarportal.fe-stg.originenergy.com.au,"52.85.242.42, 52.85.242.73, 52.85.242.13, 52.85.242.28","ns-1053.awsdns-03.org, awsdns-hostmaster.amazon.com",NOERROR,,,d1wrukpy1gl57w.cloudfront.net,,"ns-1053.awsdns-03.org, ns-1642.awsdns-13.co.uk, ns-334.awsdns-41.com, ns-810.awsdns-37.net",True,cloudfront,,,
[x],solarportal.fe.originenergy.com.au,"18.173.233.34, 18.173.233.101, 18.173.233.72, 18.173.233.52","ns-1502.awsdns-59.org, awsdns-hostmaster.amazon.com",NOERROR,,,d17hemr1fu6y8e.cloudfront.net,,"ns-583.awsdns-08.net, ns-1502.awsdns-59.org, ns-1934.awsdns-49.co.uk, ns-402.awsdns-50.com",True,cloudfront,,,
[x],spfa.originenergy.com.au,,"ns-54.awsdns-06.com, awsdns-hostmaster.amazon.com",NOERROR,,v=spf1 ip4:60.234.58.6 ip4:66.150.108.0/24 ip4:168.87.71.42 ip4:185.37.172.6 ip4:208.72.90.123 ip4:208.72.90.124/31 ip4:210.80.140.140/30 ip4:116.50.58.190 ip4:116.50.57.190 ip4:168.87.70.90 ip4:67.217.81.0/24 include:spfb.originenergy.com.au ~all,,,,,,,,
[x],staging-connect.origindigital-pac.com.au,"18.66.122.82, 18.66.122.84, 18.66.122.97, 18.66.122.63","ns-1643.awsdns-13.co.uk, awsdns-hostmaster.amazon.com",NOERROR,,,d1mdxi6rmw4h2c.cloudfront.net,"2600:9000:2250:fc00:15:d8e5:d900:93a1, 2600:9000:2250:de00:15:d8e5:d900:93a1, 2600:9000:2250:5600:15:d8e5:d900:93a1, 2600:9000:2250:9200:15:d8e5:d900:93a1, 2600:9000:2250:a200:15:d8e5:d900:93a1, 2600:9000:2250:3200:15:d8e5:d900:93a1, 2600:9000:2250:9000:15:d8e5:d900:93a1, 2600:9000:2250:ba00:15:d8e5:d900:93a1","ns-1056.awsdns-04.org, ns-120.awsdns-15.com, ns-1643.awsdns-13.co.uk, ns-514.awsdns-00.net",True,cloudfront,,,
[x],staging.connect.originenergy.com.au,"18.66.122.82, 18.66.122.97, 18.66.122.63, 18.66.122.84","ns-1643.awsdns-13.co.uk, awsdns-hostmaster.amazon.com",NOERROR,,,"staging-connect.origindigital-pac.com.au, d1mdxi6rmw4h2c.cloudfront.net","2600:9000:2396:1800:15:d8e5:d900:93a1, 2600:9000:2396:7e00:15:d8e5:d900:93a1, 2600:9000:2396:600:15:d8e5:d900:93a1, 2600:9000:2396:c400:15:d8e5:d900:93a1, 2600:9000:2396:6400:15:d8e5:d900:93a1, 2600:9000:2396:bc00:15:d8e5:d900:93a1, 2600:9000:2396:f600:15:d8e5:d900:93a1, 2600:9000:2396:8e00:15:d8e5:d900:93a1","ns-1056.awsdns-04.org, ns-120.awsdns-15.com, ns-1643.awsdns-13.co.uk, ns-514.awsdns-00.net",True,cloudfront,,,
[x],staging.digital.api.odcdn.com.au,,"ns-418.awsdns-52.com, hostmaster.cloudfront.net",NOERROR,,,dixcmtg6u2j54.cloudfront.net,,,,,,,
[x],staging.origin.odcdn.com.au,,"ns-418.awsdns-52.com, hostmaster.cloudfront.net",NOERROR,,,duvhyyuc4l3pl.cloudfront.net,,,,,,,
[x],staging1.rack.origindigital-pac.com.au,,"ns-10.awsdns-01.com, awsdns-hostmaster.amazon.com",NOERROR,,,,,,,,,,
[x],staticsite-cdn-prod.origindigital-pac.com.au,,"ns-418.awsdns-52.com, hostmaster.cloudfront.net",NOERROR,,,d1i56i3j3nrnsc.cloudfront.net,,,,,,,
[x],support.originenergy.com.au,"18.165.201.107, 18.165.201.37, 18.165.201.104, 18.165.201.7","ns-54.awsdns-06.com, awsdns-hostmaster.amazon.com",NOERROR,,,,,,True,cloudfront,,,
[x],support.staticsite-cdn-staging.origindigital-pac.com.au,3.211.30.140,"ns-124.awsdns-15.com, awsdns-hostmaster.amazon.com",NOERROR,,ft2jfx55bwywwjpggnskjzfrgsm252dm,"originenergy.nanorep.co, us1-1.nanorep.co",,,,,,,
[x],svn.originenergy.com.au,203.122.252.75,"ns-54.awsdns-06.com, awsdns-hostmaster.amazon.com",NOERROR,,,,,,,,,,
[x],syzmrsds01.originenergy.com.au,,,NOERROR,,,,,,,,,,
[x],syzmrsus01.upstream.originenergy.com.au,,,NOERROR,,,,,,,,,,
[x],t.ecomms.originenergy.com.au,"3.106.145.91, 54.66.56.0","ns-99.awsdns-12.com, awsdns-hostmaster.amazon.com",NOERROR,,,originenergy-mkt-prod5-wp47w-59846451.ap-southeast-2.elb.amazonaws.com,,,,,,,
[x],td.ecomms.originenergy.com.au,"52.52.238.220, 54.183.236.66, 50.18.202.186, 13.56.46.112","ns-1925.awsdns-48.co.uk, awsdns-hostmaster.amazon.com",NOERROR,,v=spf1 -all,thirdparty.bnc.lt,,,,,,,"digicert.com, entrust.net, letsencrypt.org"
[x],td.testbnc.originenergy.com.au,"52.52.238.220, 13.56.46.112, 54.183.236.66, 50.18.202.186","ns-1925.awsdns-48.co.uk, awsdns-hostmaster.amazon.com",NOERROR,,v=spf1 -all,thirdparty.bnc.lt,,"ns-1241.awsdns-27.org, ns-1925.awsdns-48.co.uk, ns-20.awsdns-02.com, ns-819.awsdns-38.net",,,,,"digicert.com, entrust.net, letsencrypt.org"
[x],test-iproc.originenergy.com.au,"3.105.90.56, 54.79.60.180, 52.65.49.67","ns-54.awsdns-06.com, awsdns-hostmaster.amazon.com",NOERROR,,,,,,,,,,
[x],test.connect.originenergy.com.au,"13.32.99.15, 13.32.99.34, 13.32.99.109, 13.32.99.4","ns-948.awsdns-54.net, awsdns-hostmaster.amazon.com",NOERROR,,,"test-connect.origindigital-dac.com.au, d1pnnvd0xjibkw.cloudfront.net","2600:9000:2251:d200:3:bdd8:8800:93a1, 2600:9000:2251:3600:3:bdd8:8800:93a1, 2600:9000:2251:a00:3:bdd8:8800:93a1, 2600:9000:2251:d400:3:bdd8:8800:93a1, 2600:9000:2251:5600:3:bdd8:8800:93a1, 2600:9000:2251:2800:3:bdd8:8800:93a1, 2600:9000:2251:3a00:3:bdd8:8800:93a1, 2600:9000:2251:7200:3:bdd8:8800:93a1","ns-948.awsdns-54.net, ns-1229.awsdns-25.org, ns-1683.awsdns-18.co.uk, ns-61.awsdns-07.com",True,cloudfront,,,
[x],test.dataportal.originenergy.com.au,"18.66.112.114, 18.66.112.62, 18.66.112.109, 18.66.112.124","ns-1994.awsdns-57.co.uk, awsdns-hostmaster.amazon.com",NOERROR,,,d11uoejc0rzc12.cloudfront.net,"2600:9000:223f:e600:6:93a8:a980:93a1, 2600:9000:223f:1e00:6:93a8:a980:93a1, 2600:9000:223f:2e00:6:93a8:a980:93a1, 2600:9000:223f:f800:6:93a8:a980:93a1, 2600:9000:223f:f200:6:93a8:a980:93a1, 2600:9000:223f:fc00:6:93a8:a980:93a1, 2600:9000:223f:8200:6:93a8:a980:93a1, 2600:9000:223f:7000:6:93a8:a980:93a1","ns-500.awsdns-62.com, ns-1242.awsdns-27.org, ns-1994.awsdns-57.co.uk, ns-805.awsdns-36.net",True,cloudfront,,,
[x],test.digital.api.odcdn.com.au,"52.222.236.100, 52.222.236.116, 52.222.236.104, 52.222.236.24","ns-235.awsdns-29.com, awsdns-hostmaster.amazon.com",NOERROR,,,d16ijlxn2ri88z.cloudfront.net,,"ns-235.awsdns-29.com, ns-569.awsdns-07.net, ns-1030.awsdns-00.org, ns-1755.awsdns-27.co.uk",True,cloudfront,,,
[x],test.distributorlookup.api.odcdn.com.au,"143.204.215.22, 143.204.215.91, 143.204.215.35, 143.204.215.121","ns-203.awsdns-25.com, awsdns-hostmaster.amazon.com",NOERROR,,,d3659mygf2jwtb.cloudfront.net,,"ns-1630.awsdns-11.co.uk, ns-203.awsdns-25.com, ns-1000.awsdns-61.net, ns-1522.awsdns-62.org",True,cloudfront,,,
[x],test.ftr.api.odcdn.com.au,,"ns-418.awsdns-52.com, hostmaster.cloudfront.net",NOERROR,,,d240paqrqqst4r.cloudfront.net,,,,,,,
[x],testassist.originenergy.com.au,"52.62.247.182, 3.106.97.255","ns-99.awsdns-12.com, awsdns-hostmaster.amazon.com",NOERROR,,,"corecollection-consumer-au.ficoccs-cqa.net, cqa-b-inter-xka9nu4j5pws-41457991.ap-southeast-2.elb.amazonaws.com",,,,,,,
[x],tetraupdates.originenergy.com.au,,"ns-54.awsdns-06.com, awsdns-hostmaster.amazon.com",NOERROR,,,,,,,,,,
[x],trapl.originenergy.com.au,"54.253.233.220, 52.64.65.179, 13.238.180.74","ns-99.awsdns-12.com, awsdns-hostmaster.amazon.com",NOERROR,,,"trapl.etrm.io, etrm-trap-prod-alb-1854358665.ap-southeast-2.elb.amazonaws.com",,,,,,,
[x],trapltest.gtm.originenergy.com.au,"203.20.195.236, 203.20.195.16","slen.gtm.idc.telstra.com, hostmaster.slen.gtm.idc.telstra.com",NOERROR,,,,,,,,,,
[x],trials.originenergy.com.au,"85.222.140.10, 85.222.140.6, 85.222.140.11","dns1.p02.nsone.net, hostmaster.nsone.net",NOERROR,,,"trials.originenergy.com.au.00d2v000000rhcweag.live.siteforce.com, n.edge2.salesforce.com, europe.edge2.salesforce.com, fra.edge2.salesforce.com",,,,,,,
[x],uat-iproc.originenergy.com.au,"13.239.165.135, 54.66.86.253, 3.104.23.149","ns-54.awsdns-06.com, awsdns-hostmaster.amazon.com",NOERROR,,,,,,,,,,
[x],view.lpg.originenergy.com.au,128.245.48.224,"ns1.exacttarget.com, hostmaster.exacttarget.com",NOERROR,,,,,,,,,,
[x],view.retail.originenergy.com.au,13.111.137.147,"ns-54.awsdns-06.com, awsdns-hostmaster.amazon.com",NOERROR,,,,,,,,,,
[x],vpn-access.originenergy.com.au,54.206.4.72,"ns-54.awsdns-06.com, awsdns-hostmaster.amazon.com",NOERROR,,,,,,,,,,
[x],vpn.originenergy.com.au,203.20.195.135,"ns-54.awsdns-06.com, awsdns-hostmaster.amazon.com",NOERROR,,,,,,,,,,
[x],wap.originenergy.com.au,203.16.214.209,"ns-54.awsdns-06.com, awsdns-hostmaster.amazon.com",NOERROR,,,,,,,,,,
[x],web-corp.originenergy.com.au,"108.138.233.14, 108.138.233.96, 108.138.233.15, 108.138.233.50","ns-1894.awsdns-44.co.uk, awsdns-hostmaster.amazon.com",NOERROR,,,d39lcawlixs4ja.cloudfront.net,"2600:9000:2360:1a00:1d:1fe7:bd80:93a1, 2600:9000:2360:d800:1d:1fe7:bd80:93a1, 2600:9000:2360:9a00:1d:1fe7:bd80:93a1, 2600:9000:2360:4800:1d:1fe7:bd80:93a1, 2600:9000:2360:8600:1d:1fe7:bd80:93a1, 2600:9000:2360:f400:1d:1fe7:bd80:93a1, 2600:9000:2360:2800:1d:1fe7:bd80:93a1, 2600:9000:2360:6800:1d:1fe7:bd80:93a1","ns-758.awsdns-30.net, ns-1894.awsdns-44.co.uk, ns-414.awsdns-51.com, ns-1307.awsdns-35.org",True,cloudfront,,,
[x],webauthor.originenergy.com.au,,"ns-418.awsdns-52.com, hostmaster.cloudfront.net",NOERROR,,,d1kmzj8wycvyvn.cloudfront.net,,,,,,,
[x],webbrief.originenergy.com.au,119.9.38.129,"ns-54.awsdns-06.com, awsdns-hostmaster.amazon.com",NOERROR,,,,,,,,,,
[x],webconf.originenergy.com.au,203.20.196.72,"ns-54.awsdns-06.com, awsdns-hostmaster.amazon.com",NOERROR,,,,,,,,,,
[x],webmail.originenergy.com.au,203.20.195.60,"ns-54.awsdns-06.com, awsdns-hostmaster.amazon.com",NOERROR,,,,,,,,,,
[x],wpengine-dns-prod.origindigital-pac.com.au,"3.104.148.115, 52.65.90.82","ns-99.awsdns-12.com, awsdns-hostmaster.amazon.com",NOERROR,,,"oexmas21.wpengine.com, lbmaster-96835.wpengine.com, cluster96-elbwpeel-1nz7gbgtc790h-1381853909.ap-southeast-2.elb.amazonaws.com",,,,,,,
[x],www.careers.originenergy.com.au,23.253.31.170,"ns4.sap-ag.de, dns.sap-ag.de",NOERROR,,,"originenergy.jobs2web.com, RMKRS.jobs2web.com",,,,,,,
[x],www.csc.originenergy.com.au,203.20.192.33,"ns-54.awsdns-06.com, awsdns-hostmaster.amazon.com",NOERROR,,,,,,,,,,
[x],yoursay.originenergy.com.au,207.189.168.138,"ns-54.awsdns-06.com, awsdns-hostmaster.amazon.com",NOERROR,"mail7701.maritzcx-apac-t.mkt8300.com, reply.maritzcx-apac-t.mkt8300.com",v=spf1 mx a include:allegiancetech.com ~all,,,,,,,,
