new,host,a,aaaa,soa,status_code,cdn,cdn-name,cname,ns,caa,mx,txt
[x],accounts-api.websitebuilder.com,"104.17.8.84, 104.17.9.84","2606:4700::6811:854, 2606:4700::6811:954","nile.ns.cloudflare.com, dns.cloudflare.com",NOERROR,True,cloudflare,,,,,
[x],awverify.preview-express.websitebuilder.com,40.80.191.1,,"ns1-02.azure-dns.com, msnhst.microsoft.com",NOERROR,True,azure,"re-api-prod-us-central-north.azurewebsites.net, waws-prod-ch1-055.sip.azurewebsites.windows.net, waws-prod-ch1-055-geor.northcentralus.cloudapp.azure.com",,,,
[x],blog-api.websitebuilder.com,"104.17.8.84, 104.17.9.84","2606:4700::6811:854, 2606:4700::6811:954","nile.ns.cloudflare.com, dns.cloudflare.com",NOERROR,True,cloudflare,,,,,
[x],ref.websitebuilder.com,"104.17.9.84, 104.17.8.84","2606:4700::6811:854, 2606:4700::6811:954","nile.ns.cloudflare.com, dns.cloudflare.com",NOERROR,True,cloudflare,,,,,
[x],templates.websitebuilder.com,"104.17.8.84, 104.17.9.84","2606:4700::6811:954, 2606:4700::6811:854","nile.ns.cloudflare.com, dns.cloudflare.com",NOERROR,True,cloudflare,,,,,
[x],wildcard.websitebuilder.com,,,"nile.ns.cloudflare.com, dns.cloudflare.com",NOERROR,True,google,,,,,
,affiliate.websitebuilder.com,107.178.240.244,,"nile.ns.cloudflare.com, dns.cloudflare.com",NOERROR,True,google,,,,,
,affiliates.websitebuilder.com,107.178.240.244,,"nile.ns.cloudflare.com, dns.cloudflare.com",NOERROR,True,google,,,,,
,api.websitebuilder.com,23.236.50.90,,"nile.ns.cloudflare.com, dns.cloudflare.com",NOERROR,True,google,,,,,
,app-gateway.websitebuilder.com,"104.17.8.84, 104.17.9.84","2606:4700::6811:854, 2606:4700::6811:954","nile.ns.cloudflare.com, dns.cloudflare.com",NOERROR,True,cloudflare,,,,,
,app.websitebuilder.com,"104.17.9.84, 104.17.8.84","2606:4700::6811:854, 2606:4700::6811:954","nile.ns.cloudflare.com, dns.cloudflare.com",NOERROR,True,cloudflare,,,,,
,assets.websitebuilder.com,"104.17.9.84, 104.17.8.84","2606:4700::6811:854, 2606:4700::6811:954","nile.ns.cloudflare.com, dns.cloudflare.com",NOERROR,True,cloudflare,,,,,
,autodiscover.websitebuilder.com,"52.98.228.56, 52.98.242.248, 40.99.214.40, 52.98.152.184","2603:1026:c0d:c03::8, 2603:1026:c0d:c2f::8, 2603:1026:c0d:c30::8, 2603:1026:c0d:828::8","ns1-ms-acdc.office.com, hostmaster.microsoft.com",NOERROR,,,"autodiscover.outlook.com, atod-g2.tm-4.office.com, autod.ms-acdc-autod.office.com",,,,
,billing-api.websitebuilder.com,"104.17.9.84, 104.17.8.84","2606:4700::6811:954, 2606:4700::6811:854","nile.ns.cloudflare.com, dns.cloudflare.com",NOERROR,True,cloudflare,,,,,
,billing.websitebuilder.com,,,"nile.ns.cloudflare.com, dns.cloudflare.com",NOERROR,,,,,,,v=spf1 include:mailgun.org ~all
,cc.websitebuilder.com,52.239.186.196,,"ns1-05.azure-dns.com, azuredns-hostmaster.microsoft.com, nile.ns.cloudflare.com, dns.cloudflare.com",NOERROR,True,azure,"wbfosstorageprod.blob.core.windows.net, blob.chi21prdstr04a.store.core.windows.net, www.websitebuilder.com",,,,
,checkout.websitebuilder.com,"104.17.8.84, 104.17.9.84","2606:4700::6811:954, 2606:4700::6811:854","nile.ns.cloudflare.com, dns.cloudflare.com",NOERROR,True,cloudflare,,,,,
,cp-api-login.websitebuilder.com,"104.17.9.84, 104.17.8.84","2606:4700::6811:854, 2606:4700::6811:954","nile.ns.cloudflare.com, dns.cloudflare.com",NOERROR,True,cloudflare,,,,,
,cp-api.websitebuilder.com,"104.17.8.84, 104.17.9.84","2606:4700::6811:854, 2606:4700::6811:954","nile.ns.cloudflare.com, dns.cloudflare.com",NOERROR,True,cloudflare,,,,,
,cp-my.websitebuilder.com,,"2606:4700::6811:954, 2606:4700::6811:854","nile.ns.cloudflare.com, dns.cloudflare.com",NOERROR,True,cloudflare,,,,,
,cp-templates.websitebuilder.com,"104.17.8.84, 104.17.9.84","2606:4700::6811:954, 2606:4700::6811:854","nile.ns.cloudflare.com, dns.cloudflare.com",NOERROR,True,cloudflare,,,,,
,designer.websitebuilder.com,"104.17.8.84, 104.17.9.84","2606:4700::6811:854, 2606:4700::6811:954","nile.ns.cloudflare.com, dns.cloudflare.com",NOERROR,True,cloudflare,,,,,
,dev.cap.websitebuilder.com,,,"ns-1222.awsdns-24.org, awsdns-hostmaster.amazon.com",NOERROR,,,,"ns-1222.awsdns-24.org, ns-1892.awsdns-44.co.uk, ns-489.awsdns-61.com, ns-734.awsdns-27.net",,,
,dev.sr.cap.websitebuilder.com,"205.251.192.84, 205.251.198.19",,"ns-1007.awsdns-61.net, awsdns-hostmaster.amazon.com",NOERROR,,,,"ns-1527.awsdns-62.org, ns-84.awsdns-10.com, ns-1007.awsdns-61.net, ns-1555.awsdns-02.co.uk",,,
,dev.static.sr.cap.websitebuilder.com,"99.86.4.61, 99.86.4.34, 99.86.4.2, 99.86.4.121",,"ns-652.awsdns-17.net, awsdns-hostmaster.amazon.com",NOERROR,,,,,,,
,e.websitebuilder.com,198.245.82.46,,"nile.ns.cloudflare.com, dns.cloudflare.com",NOERROR,,,,,,inbound-reply.s6.exacttarget.com,"spf2.0/pra include:cust-senderid.exacttarget.com -all, v=spf1 include:cust-spf.exacttarget.com -all"
,editor.websitebuilder.com,"104.17.9.84, 104.17.8.84","2606:4700::6811:954, 2606:4700::6811:854","nile.ns.cloudflare.com, dns.cloudflare.com",NOERROR,True,cloudflare,,,,,
,embed.websitebuilder.com,"104.17.8.84, 104.17.9.84","2606:4700::6811:954, 2606:4700::6811:854","nile.ns.cloudflare.com, dns.cloudflare.com",NOERROR,True,cloudflare,,,,,
,forms.websitebuilder.com,"104.17.8.84, 104.17.9.84","2606:4700::6811:954, 2606:4700::6811:854","nile.ns.cloudflare.com, dns.cloudflare.com",NOERROR,True,cloudflare,,,,,
,help.websitebuilder.com,"104.17.8.84, 104.17.9.84","2606:4700::6811:854, 2606:4700::6811:954","nile.ns.cloudflare.com, dns.cloudflare.com",NOERROR,True,cloudflare,,,,,
,helpchat.websitebuilder.com,13.58.72.76,,"ns-1673.awsdns-17.co.uk, awsdns-hostmaster.amazon.com",NOERROR,,,helpchat.unified-contact.com,,,,
,helpfos.websitebuilder.com,"104.17.9.84, 104.17.8.84","2606:4700::6811:854, 2606:4700::6811:954","nile.ns.cloudflare.com, dns.cloudflare.com",NOERROR,True,cloudflare,,,,,
,hero-wok.websitebuilder.com,,,,NOERROR,,,,,,,
,householdpackers.websitebuilder.com,,,,NOERROR,,,,,,,
,iframe.websitebuilder.com,"104.17.9.84, 104.17.8.84","2606:4700::6811:954, 2606:4700::6811:854","nile.ns.cloudflare.com, dns.cloudflare.com",NOERROR,True,cloudflare,,,,,
,insights.websitebuilder.com,"104.17.9.84, 104.17.8.84","2606:4700::6811:854, 2606:4700::6811:954","nile.ns.cloudflare.com, dns.cloudflare.com",NOERROR,True,cloudflare,,,,,
,kb.websitebuilder.com,"104.17.8.84, 104.17.9.84","2606:4700::6811:854, 2606:4700::6811:954","nile.ns.cloudflare.com, dns.cloudflare.com",NOERROR,True,cloudflare,,,,,
,link.websitebuilder.com,"104.17.8.84, 104.17.9.84","2606:4700::6811:854, 2606:4700::6811:954","nile.ns.cloudflare.com, dns.cloudflare.com",NOERROR,True,cloudflare,,,,,
,localize.websitebuilder.com,"104.17.9.84, 104.17.8.84","2606:4700::6811:854, 2606:4700::6811:954","nile.ns.cloudflare.com, dns.cloudflare.com",NOERROR,True,cloudflare,,,,,
,login.websitebuilder.com,"104.17.8.84, 104.17.9.84","2606:4700::6811:954, 2606:4700::6811:854","nile.ns.cloudflare.com, dns.cloudflare.com",NOERROR,True,cloudflare,,,,,
,mail.websitebuilder.com,"104.17.9.84, 104.17.8.84","2606:4700::6811:854, 2606:4700::6811:954","nile.ns.cloudflare.com, dns.cloudflare.com",NOERROR,True,cloudflare,,,,,
,my.websitebuilder.com,"104.17.9.84, 104.17.8.84","2606:4700::6811:954, 2606:4700::6811:854","nile.ns.cloudflare.com, dns.cloudflare.com",NOERROR,True,cloudflare,,,,,
,mylinks.websitebuilder.com,"104.17.9.84, 104.17.8.84","2606:4700::6811:954, 2606:4700::6811:854","nile.ns.cloudflare.com, dns.cloudflare.com",NOERROR,True,cloudflare,,,,,
,ns1.websitebuilder.com,146.148.52.27,,"nile.ns.cloudflare.com, dns.cloudflare.com",NOERROR,True,google,,,,,
,ns2.websitebuilder.com,130.211.99.98,,"nile.ns.cloudflare.com, dns.cloudflare.com",NOERROR,True,google,,,,,
,preview.websitebuilder.com,"104.17.8.84, 104.17.9.84","2606:4700::6811:954, 2606:4700::6811:854","nile.ns.cloudflare.com, dns.cloudflare.com",NOERROR,True,cloudflare,,,,,
,qa.cap.websitebuilder.com,,,"ns-161.awsdns-20.com, awsdns-hostmaster.amazon.com",NOERROR,,,,"ns-1805.awsdns-33.co.uk, ns-780.awsdns-33.net, ns-1417.awsdns-49.org, ns-161.awsdns-20.com",,,
,qa.websitebuilder.com,,,"nile.ns.cloudflare.com, dns.cloudflare.com",NOERROR,,,,,,,
,re-api.websitebuilder.com,"104.17.9.84, 104.17.8.84","2606:4700::6811:954, 2606:4700::6811:854","nile.ns.cloudflare.com, dns.cloudflare.com",NOERROR,True,cloudflare,,,,,
,secure.websitebuilder.com,"104.17.9.84, 104.17.8.84","2606:4700::6811:954, 2606:4700::6811:854","nile.ns.cloudflare.com, dns.cloudflare.com",NOERROR,True,cloudflare,,,,,
,signup.websitebuilder.com,"104.17.8.84, 104.17.9.84","2606:4700::6811:854, 2606:4700::6811:954","nile.ns.cloudflare.com, dns.cloudflare.com",NOERROR,True,cloudflare,,,,,
,sr.cap.websitebuilder.com,,,"ns-1325.awsdns-37.org, awsdns-hostmaster.amazon.com",NOERROR,,,,"ns-1325.awsdns-37.org, ns-54.awsdns-06.com, ns-536.awsdns-03.net, ns-1870.awsdns-41.co.uk",,,
,st-onboarding.websitebuilder.com,"104.17.8.84, 104.17.9.84","2606:4700::6811:954, 2606:4700::6811:854","nile.ns.cloudflare.com, dns.cloudflare.com",NOERROR,True,cloudflare,,,,,
,static.sr.cap.websitebuilder.com,,,"ns-652.awsdns-17.net, awsdns-hostmaster.amazon.com",NOERROR,,,,"ns-1979.awsdns-55.co.uk, ns-1316.awsdns-36.org, ns-652.awsdns-17.net, ns-56.awsdns-07.com",amazon.com,,
,static.websitebuilder.com,"104.17.9.84, 104.17.8.84","2606:4700::6811:854, 2606:4700::6811:954","nile.ns.cloudflare.com, dns.cloudflare.com",NOERROR,True,cloudflare,,,,,
,status.websitebuilder.com,18.246.31.132,,"ns-1711.awsdns-21.co.uk, awsdns-hostmaster.amazon.com",NOERROR,,,g9q4z9xmlrsk.stspg-customer.com,,"letsencrypt.org, globalsign.com;",,
,store-api.websitebuilder.com,"104.17.8.84, 104.17.9.84","2606:4700::6811:954, 2606:4700::6811:854","nile.ns.cloudflare.com, dns.cloudflare.com",NOERROR,True,cloudflare,,,,,
,store.websitebuilder.com,"104.17.8.84, 104.17.9.84","2606:4700::6811:954, 2606:4700::6811:854","nile.ns.cloudflare.com, dns.cloudflare.com",NOERROR,True,cloudflare,,,,,
,support.websitebuilder.com,"104.17.8.84, 104.17.9.84","2606:4700::6811:954, 2606:4700::6811:854","nile.ns.cloudflare.com, dns.cloudflare.com",NOERROR,True,cloudflare,,,,,
,track.websitebuilder.com,130.211.8.219,,"nile.ns.cloudflare.com, dns.cloudflare.com",NOERROR,True,google,,,,,
,tracking.websitebuilder.com,"104.17.9.84, 104.17.8.84","2606:4700::6811:954, 2606:4700::6811:854","nile.ns.cloudflare.com, dns.cloudflare.com",NOERROR,True,cloudflare,,,,,
,www-test.websitebuilder.com,"104.17.9.84, 104.17.8.84","2606:4700::6811:854, 2606:4700::6811:954","nile.ns.cloudflare.com, dns.cloudflare.com",NOERROR,True,cloudflare,,,,,
,www.qa.cap.websitebuilder.com,,,"ns-161.awsdns-20.com, awsdns-hostmaster.amazon.com",NOERROR,,,,,,,
,www.websitebuilder.com,"104.17.9.84, 104.17.8.84","2606:4700::6811:954, 2606:4700::6811:854","nile.ns.cloudflare.com, dns.cloudflare.com",NOERROR,True,cloudflare,,,,,
,yourapps.websitebuilder.com,"104.17.9.84, 104.17.8.84",,"nile.ns.cloudflare.com, dns.cloudflare.com",NOERROR,True,cloudflare,,,,,
