input,title,status_code,content_length,tls_host,tls_port,tls_probe_status,tls_tls_version,tls_cipher,tls_not_before,tls_not_after,tls_subject_dn,tls_subject_cn,tls_subject_org_,tls_subject_an_,tls_issuer_dn,tls_issuer_cn,tls_issuer_org_,tls_fingerprint_hash_md,tls_fingerprint_hash_sha,tls_wildcard_certificate,tls_tls_connection,tls_sni,cdn_name,port,url,scheme,webserver,content_type,method,host,path,favicon,tech_,lines,failed,cdn,tls_mismatched,final_url,chain_status_codes_,csp_domains_
affiliate.websitebuilder.com,Connexion - Smart Algo,200,4475,affiliate.websitebuilder.com,443,True,tls13,TLS_AES_128_GCM_SHA256,2023-03-30T22:43:37Z,2023-06-28T23:37:51Z,CN=sa.stable.rc-aa.gcp.seenovate.com,sa.stable.rc-aa.gcp.seenovate.com,,sa.stable-validation.rc-aa.gcp.seenovate.com,"CN=GTS CA 1D4, O=Google Trust Services LLC, C=US",GTS CA 1D4,Google Trust Services LLC,260cc72c1883bd6d994c03f905235d8a,7dfecd552d327f46711b9719c65935207455801606a2dbc199bac076df0c57a0,,ctls,affiliate.websitebuilder.com,google,443,https://affiliate.websitebuilder.com:443,https,Apache/2.4.37 (centos),text/html,GET,107.178.240.244,/,-2064903507,PHP:7.4.26,75,False,True,True,https://affiliate.websitebuilder.com/login,200,
affiliates.websitebuilder.com,Connexion - Smart Algo,200,4475,affiliates.websitebuilder.com,443,True,tls13,TLS_AES_128_GCM_SHA256,2023-03-30T22:43:37Z,2023-06-28T23:37:51Z,CN=sa.stable.rc-aa.gcp.seenovate.com,sa.stable.rc-aa.gcp.seenovate.com,,sa.stable-validation.rc-aa.gcp.seenovate.com,"CN=GTS CA 1D4, O=Google Trust Services LLC, C=US",GTS CA 1D4,Google Trust Services LLC,260cc72c1883bd6d994c03f905235d8a,7dfecd552d327f46711b9719c65935207455801606a2dbc199bac076df0c57a0,,ctls,affiliates.websitebuilder.com,google,443,https://affiliates.websitebuilder.com:443,https,Apache/2.4.37 (centos),text/html,GET,107.178.240.244,/,-2064903507,PHP:7.4.26,75,False,True,True,https://affiliates.websitebuilder.com/login,200,
api.websitebuilder.com,,404,,,,,,,,,,,,,,,,,,,,,google,80,http://api.websitebuilder.com:80,http,Viewer,,GET,23.236.50.90,/,-1840324437,,1,False,True,,,,
app-gateway.websitebuilder.com,,500,151,app-gateway.websitebuilder.com,443,True,tls13,TLS_AES_128_GCM_SHA256,2023-01-19T00:00:00Z,2024-01-18T23:59:59Z,"CN=websitebuilder.com, O=Cloudflare\, Inc., L=San Francisco, ST=California, C=US",websitebuilder.com,"Cloudflare, Inc.",*.websitebuilder.com,"CN=Cloudflare Inc ECC CA-3, O=Cloudflare\, Inc., C=US",Cloudflare Inc ECC CA-3,"Cloudflare, Inc.",2d5888067a7a688fa90f5808d6149eec,51164b10948d61d68a3f5b0c493d1d9dc7a09249db67b55a0963ed8ad308ca1e,True,ctls,app-gateway.websitebuilder.com,cloudflare,443,https://app-gateway.websitebuilder.com:443,https,cloudflare,text/plain,GET,104.17.8.84,/,-1398977751,HSTS,4,False,True,,,,
app.websitebuilder.com,WebsiteBuilder,200,5454,app.websitebuilder.com,443,True,tls13,TLS_AES_128_GCM_SHA256,2023-01-19T00:00:00Z,2024-01-18T23:59:59Z,"CN=websitebuilder.com, O=Cloudflare\, Inc., L=San Francisco, ST=California, C=US",websitebuilder.com,"Cloudflare, Inc.",*.websitebuilder.com,"CN=Cloudflare Inc ECC CA-3, O=Cloudflare\, Inc., C=US",Cloudflare Inc ECC CA-3,"Cloudflare, Inc.",2d5888067a7a688fa90f5808d6149eec,51164b10948d61d68a3f5b0c493d1d9dc7a09249db67b55a0963ed8ad308ca1e,True,ctls,app.websitebuilder.com,cloudflare,443,https://app.websitebuilder.com:443,https,cloudflare,text/html,GET,104.17.9.84,/,-42029339,HSTS,29,False,True,,,,*.websitebuilder.com
assets.websitebuilder.com,,404,213,assets.websitebuilder.com,443,True,tls13,TLS_AES_128_GCM_SHA256,2023-01-19T00:00:00Z,2024-01-18T23:59:59Z,"CN=websitebuilder.com, O=Cloudflare\, Inc., L=San Francisco, ST=California, C=US",websitebuilder.com,"Cloudflare, Inc.",*.websitebuilder.com,"CN=Cloudflare Inc ECC CA-3, O=Cloudflare\, Inc., C=US",Cloudflare Inc ECC CA-3,"Cloudflare, Inc.",2d5888067a7a688fa90f5808d6149eec,51164b10948d61d68a3f5b0c493d1d9dc7a09249db67b55a0963ed8ad308ca1e,True,ctls,assets.websitebuilder.com,cloudflare,443,https://assets.websitebuilder.com:443,https,cloudflare,application/xml,GET,104.17.8.84,/,-2071598410,HSTS,3,False,True,,,,
autodiscover.websitebuilder.com,Sign in to Outlook,200,199775,login.microsoftonline.com,443,True,tls12,TLS_ECDHE_RSA_WITH_AES_256_GCM_SHA384,2023-03-02T00:00:00Z,2024-03-02T23:59:59Z,"CN=stamp2.login.microsoftonline.com, O=Microsoft Corporation, L=Redmond, ST=Washington, C=US",stamp2.login.microsoftonline.com,Microsoft Corporation,stamp2.login.microsoftonline-int.com,"CN=DigiCert SHA2 Secure Server CA, O=DigiCert Inc, C=US",DigiCert SHA2 Secure Server CA,DigiCert Inc,4ceb9ced5b9a448baf4eb595cb5ac3ac,451bd20790847897690ff09ec60812993db03eef241cb1e2b1054c370205650c,,ctls,login.microsoftonline.com,,80,http://autodiscover.websitebuilder.com:80,http,,text/html,GET,52.98.241.184,/,-1249852061,HSTS,174,False,,,https://login.microsoftonline.com/common/oauth2/authorize?client_id=00000002-0000-0ff1-ce00-000000000000&redirect_uri=https%3a%2f%2foutlook.office365.com%2fowa%2f&resource=00000002-0000-0ff1-ce00-000000000000&response_mode=form_post&response_type=code+id_token&scope=openid&msafed=1&msaredir=1&client-request-id=4810f98a-ad8b-f0e2-67a0-c31310d06f2f&protectedtoken=true&claims=%7b%22id_token%22%3a%7b%22xms_cc%22%3a%7b%22values%22%3a%5b%22CP1%22%5d%7d%7d%7d&domain_hint=websitebuilder.com&nonce=638192574591881297.b567a017-f055-4c9a-be23-fee7cb9d9135&state=DctJDoQgEEBR6L5L71AGy6IWps_CUCYkGhKcri-L93dfCiG-3aeTukfg7LwhCzgBGe-NJRwizBi0QbVqADUlCiqydWplxhQpk3Eg-zuM9Qnjv3HY9uXheJST41W2zG1Idf_deQnXWXM5Ur25vQ,200,
billing-api.websitebuilder.com,Origin DNS error | billing-api.websitebuilder.com | Cloudflare,530,6241,billing-api.websitebuilder.com,443,True,tls13,TLS_AES_128_GCM_SHA256,2023-01-19T00:00:00Z,2024-01-18T23:59:59Z,"CN=websitebuilder.com, O=Cloudflare\, Inc., L=San Francisco, ST=California, C=US",websitebuilder.com,"Cloudflare, Inc.",*.websitebuilder.com,"CN=Cloudflare Inc ECC CA-3, O=Cloudflare\, Inc., C=US",Cloudflare Inc ECC CA-3,"Cloudflare, Inc.",2d5888067a7a688fa90f5808d6149eec,51164b10948d61d68a3f5b0c493d1d9dc7a09249db67b55a0963ed8ad308ca1e,True,ctls,billing-api.websitebuilder.com,cloudflare,443,https://billing-api.websitebuilder.com:443,https,cloudflare,text/html,GET,104.17.8.84,/,-1574244461,Cloudflare,93,False,True,,,,
cc.websitebuilder.com,,400,207,cc.websitebuilder.com,443,True,tls12,TLS_ECDHE_RSA_WITH_AES_256_GCM_SHA384,2023-03-25T13:34:06Z,2024-03-25T13:34:06Z,CN=*.blob.core.windows.net,*.blob.core.windows.net,,*.z50.blob.storage.azure.net,"CN=Microsoft RSA TLS CA 01, O=Microsoft Corporation, C=US",Microsoft RSA TLS CA 01,Microsoft Corporation,62a1c3a90d52f4e5bf9c4c8ba60f6cf6,1f6a65d5694610d45e09952a134627aef17b822c22d7140bb7df271221c546a8,True,ctls,cc.websitebuilder.com,azure,443,https://cc.websitebuilder.com:443,https,Windows-Azure-Blob/1.0 Microsoft-HTTPAPI/2.0,application/xml,GET,52.239.186.196,/,2093742145,Microsoft HTTPAPI:2.0,4,False,True,True,,,
checkout.websitebuilder.com,"One moment, please...",200,1437,checkout.websitebuilder.com,443,True,tls13,TLS_AES_128_GCM_SHA256,2023-01-19T00:00:00Z,2024-01-18T23:59:59Z,"CN=websitebuilder.com, O=Cloudflare\, Inc., L=San Francisco, ST=California, C=US",websitebuilder.com,"Cloudflare, Inc.",*.websitebuilder.com,"CN=Cloudflare Inc ECC CA-3, O=Cloudflare\, Inc., C=US",Cloudflare Inc ECC CA-3,"Cloudflare, Inc.",2d5888067a7a688fa90f5808d6149eec,51164b10948d61d68a3f5b0c493d1d9dc7a09249db67b55a0963ed8ad308ca1e,True,ctls,checkout.websitebuilder.com,cloudflare,443,https://checkout.websitebuilder.com:443,https,cloudflare,text/html,GET,104.17.9.84,/,1954041614,HSTS,35,False,True,,,,
cp-api-login.websitebuilder.com,,200,119,cp-api-login.websitebuilder.com,443,True,tls13,TLS_AES_128_GCM_SHA256,2023-01-19T00:00:00Z,2024-01-18T23:59:59Z,"CN=websitebuilder.com, O=Cloudflare\, Inc., L=San Francisco, ST=California, C=US",websitebuilder.com,"Cloudflare, Inc.",*.websitebuilder.com,"CN=Cloudflare Inc ECC CA-3, O=Cloudflare\, Inc., C=US",Cloudflare Inc ECC CA-3,"Cloudflare, Inc.",2d5888067a7a688fa90f5808d6149eec,51164b10948d61d68a3f5b0c493d1d9dc7a09249db67b55a0963ed8ad308ca1e,True,ctls,cp-api-login.websitebuilder.com,cloudflare,443,https://cp-api-login.websitebuilder.com:443,https,cloudflare,application/json,GET,104.17.8.84,/,1528269212,HSTS,1,False,True,,,,
cp-checkout.websitebuilder.com,WebsiteBuilder,200,104114,cp-checkout.websitebuilder.com,443,True,tls13,TLS_AES_128_GCM_SHA256,2023-01-19T00:00:00Z,2024-01-18T23:59:59Z,"CN=websitebuilder.com, O=Cloudflare\, Inc., L=San Francisco, ST=California, C=US",websitebuilder.com,"Cloudflare, Inc.",*.websitebuilder.com,"CN=Cloudflare Inc ECC CA-3, O=Cloudflare\, Inc., C=US",Cloudflare Inc ECC CA-3,"Cloudflare, Inc.",2d5888067a7a688fa90f5808d6149eec,51164b10948d61d68a3f5b0c493d1d9dc7a09249db67b55a0963ed8ad308ca1e,True,ctls,cp-checkout.websitebuilder.com,cloudflare,443,https://cp-checkout.websitebuilder.com:443,https,cloudflare,text/html,GET,104.17.9.84,/,-298953673,HSTS,92,False,True,,,,*.websitebuilder.com
cp-my.websitebuilder.com,WebsiteBuilder,200,5454,app.websitebuilder.com,443,True,tls13,TLS_AES_128_GCM_SHA256,2023-01-19T00:00:00Z,2024-01-18T23:59:59Z,"CN=websitebuilder.com, O=Cloudflare\, Inc., L=San Francisco, ST=California, C=US",websitebuilder.com,"Cloudflare, Inc.",*.websitebuilder.com,"CN=Cloudflare Inc ECC CA-3, O=Cloudflare\, Inc., C=US",Cloudflare Inc ECC CA-3,"Cloudflare, Inc.",2d5888067a7a688fa90f5808d6149eec,51164b10948d61d68a3f5b0c493d1d9dc7a09249db67b55a0963ed8ad308ca1e,True,ctls,app.websitebuilder.com,cloudflare,443,https://cp-my.websitebuilder.com:443,https,cloudflare,text/html,GET,104.17.8.84,/,491949804,HSTS,29,False,True,,https://app.websitebuilder.com/,200,*.websitebuilder.com
cp-templates.websitebuilder.com,,400,207,cp-templates.websitebuilder.com,443,True,tls13,TLS_AES_128_GCM_SHA256,2023-01-19T00:00:00Z,2024-01-18T23:59:59Z,"CN=websitebuilder.com, O=Cloudflare\, Inc., L=San Francisco, ST=California, C=US",websitebuilder.com,"Cloudflare, Inc.",*.websitebuilder.com,"CN=Cloudflare Inc ECC CA-3, O=Cloudflare\, Inc., C=US",Cloudflare Inc ECC CA-3,"Cloudflare, Inc.",2d5888067a7a688fa90f5808d6149eec,51164b10948d61d68a3f5b0c493d1d9dc7a09249db67b55a0963ed8ad308ca1e,True,ctls,cp-templates.websitebuilder.com,cloudflare,443,https://cp-templates.websitebuilder.com:443,https,cloudflare,application/xml,GET,104.17.9.84,/,1511115656,HSTS,4,False,True,,,,
designer.websitebuilder.com,WebsiteBuilder,200,5454,app.websitebuilder.com,443,True,tls13,TLS_AES_128_GCM_SHA256,2023-01-19T00:00:00Z,2024-01-18T23:59:59Z,"CN=websitebuilder.com, O=Cloudflare\, Inc., L=San Francisco, ST=California, C=US",websitebuilder.com,"Cloudflare, Inc.",*.websitebuilder.com,"CN=Cloudflare Inc ECC CA-3, O=Cloudflare\, Inc., C=US",Cloudflare Inc ECC CA-3,"Cloudflare, Inc.",2d5888067a7a688fa90f5808d6149eec,51164b10948d61d68a3f5b0c493d1d9dc7a09249db67b55a0963ed8ad308ca1e,True,ctls,app.websitebuilder.com,cloudflare,443,https://designer.websitebuilder.com:443,https,cloudflare,text/html,GET,104.17.8.84,/,934972717,HSTS,29,False,True,,https://app.websitebuilder.com/express-editor/,200,*.websitebuilder.com
dev.static.sr.cap.websitebuilder.com,404 Not Found,404,557,dev.static.sr.cap.websitebuilder.com,443,True,tls13,TLS_AES_128_GCM_SHA256,2023-03-23T00:00:00Z,2024-04-20T23:59:59Z,CN=*.static.sr.cap.sitey.com,*.static.sr.cap.sitey.com,,*.static.sr.cap.netfirms.com,"CN=Amazon RSA 2048 M01, O=Amazon, C=US",Amazon RSA 2048 M01,Amazon,84a9ca9cd23655defadddd25f4cb62f9,6bd490954d8c8bbbbe2c910e44bcc4fcbb7ab4b06482a80b10e84d215eae9dad,True,ctls,dev.static.sr.cap.websitebuilder.com,cloudfront,443,https://dev.static.sr.cap.websitebuilder.com:443,https,AmazonS3,text/html,GET,108.138.199.11,/,-1126454205,Amazon Web Services,21,False,True,True,,,
dev.websitebuilder.com,,404,,,,,,,,,,,,,,,,,,,,,google,80,http://dev.websitebuilder.com:80,http,Viewer,,GET,23.236.50.90,/,-1840324437,,1,False,True,,,,
editor.websitebuilder.com,Editor,200,57801,editor.websitebuilder.com,443,True,tls13,TLS_AES_128_GCM_SHA256,2023-01-19T00:00:00Z,2024-01-18T23:59:59Z,"CN=websitebuilder.com, O=Cloudflare\, Inc., L=San Francisco, ST=California, C=US",websitebuilder.com,"Cloudflare, Inc.",*.websitebuilder.com,"CN=Cloudflare Inc ECC CA-3, O=Cloudflare\, Inc., C=US",Cloudflare Inc ECC CA-3,"Cloudflare, Inc.",2d5888067a7a688fa90f5808d6149eec,51164b10948d61d68a3f5b0c493d1d9dc7a09249db67b55a0963ed8ad308ca1e,True,ctls,editor.websitebuilder.com,cloudflare,443,https://editor.websitebuilder.com:443,https,cloudflare,text/html,GET,104.17.8.84,/,-1840324437,HSTS,59,False,True,,,,
embed.websitebuilder.com,Web App - Unavailable,403,2242,embed.websitebuilder.com,443,True,tls13,TLS_AES_128_GCM_SHA256,2023-01-19T00:00:00Z,2024-01-18T23:59:59Z,"CN=websitebuilder.com, O=Cloudflare\, Inc., L=San Francisco, ST=California, C=US",websitebuilder.com,"Cloudflare, Inc.",*.websitebuilder.com,"CN=Cloudflare Inc ECC CA-3, O=Cloudflare\, Inc., C=US",Cloudflare Inc ECC CA-3,"Cloudflare, Inc.",2d5888067a7a688fa90f5808d6149eec,51164b10948d61d68a3f5b0c493d1d9dc7a09249db67b55a0963ed8ad308ca1e,True,ctls,embed.websitebuilder.com,cloudflare,443,https://embed.websitebuilder.com:443,https,cloudflare,text/html,GET,104.17.9.84,/,-1314458103,HSTS,75,False,True,,,,
forms.websitebuilder.com,,200,1496,forms.websitebuilder.com,443,True,tls13,TLS_AES_128_GCM_SHA256,2023-01-19T00:00:00Z,2024-01-18T23:59:59Z,"CN=websitebuilder.com, O=Cloudflare\, Inc., L=San Francisco, ST=California, C=US",websitebuilder.com,"Cloudflare, Inc.",*.websitebuilder.com,"CN=Cloudflare Inc ECC CA-3, O=Cloudflare\, Inc., C=US",Cloudflare Inc ECC CA-3,"Cloudflare, Inc.",2d5888067a7a688fa90f5808d6149eec,51164b10948d61d68a3f5b0c493d1d9dc7a09249db67b55a0963ed8ad308ca1e,True,ctls,forms.websitebuilder.com,cloudflare,443,https://forms.websitebuilder.com:443,https,cloudflare,text/html,GET,104.17.9.84,/,-2070047203,webpack,1,False,True,,,,
help.websitebuilder.com,WebsiteBuilder,200,5454,app.websitebuilder.com,443,True,tls13,TLS_AES_128_GCM_SHA256,2023-01-19T00:00:00Z,2024-01-18T23:59:59Z,"CN=websitebuilder.com, O=Cloudflare\, Inc., L=San Francisco, ST=California, C=US",websitebuilder.com,"Cloudflare, Inc.",*.websitebuilder.com,"CN=Cloudflare Inc ECC CA-3, O=Cloudflare\, Inc., C=US",Cloudflare Inc ECC CA-3,"Cloudflare, Inc.",2d5888067a7a688fa90f5808d6149eec,51164b10948d61d68a3f5b0c493d1d9dc7a09249db67b55a0963ed8ad308ca1e,True,ctls,app.websitebuilder.com,cloudflare,443,https://help.websitebuilder.com:443,https,cloudflare,text/html,GET,104.17.8.84,/,165399690,HSTS,29,False,True,,https://app.websitebuilder.com/kb/help,200,*.websitebuilder.com
helpchat.websitebuilder.com,Support,200,872,helpchat.websitebuilder.com,443,True,tls12,TLS_ECDHE_RSA_WITH_AES_256_GCM_SHA384,2022-09-02T00:00:00Z,2023-10-03T23:59:59Z,CN=helpchat.websitebuilder.com,helpchat.websitebuilder.com,,helpchat.websitebuilder.com,"CN=Sectigo RSA Domain Validation Secure Server CA, O=Sectigo Limited, L=Salford, ST=Greater Manchester, C=GB",Sectigo RSA Domain Validation Secure Server CA,Sectigo Limited,422b76de6c10417b4eedb3a0d2ad346d,6e930b2db92e0f3806f547a0db4b7257bab41bfc6324470ff449a540d643201d,,ctls,helpchat.websitebuilder.com,,443,https://helpchat.websitebuilder.com:443,https,nginx/1.12.0,text/html,GET,52.53.143.110,/,-366337701,Nginx:1.12.0,20,False,,,,,
helpfos.websitebuilder.com,Cloudflare Captcha Page | Web.com,403,255790,www.web.com,443,True,tls13,TLS_AES_128_GCM_SHA256,2022-09-23T00:00:00Z,2023-10-22T23:59:59Z,CN=*.web.com,*.web.com,,web.com,"CN=Sectigo RSA Domain Validation Secure Server CA, O=Sectigo Limited, L=Salford, ST=Greater Manchester, C=GB",Sectigo RSA Domain Validation Secure Server CA,Sectigo Limited,dead9f72af8009ccc06a81f092d0aef6,a2ef2c18ac6278ce46c4e93217fa2ad0cc2bd5038e9575daaa23b599a39b5c91,True,ctls,www.web.com,cloudflare,443,https://helpfos.websitebuilder.com:443,https,cloudflare,text/html,GET,104.17.8.84,/,-631272035,HSTS,130,False,True,,https://www.web.com/websitebuilder?brand=websitebuilder&siteID=101&channelID=P99C101S653N0B2A16D132E0000V109,403,
insights.websitebuilder.com,Origin DNS error | insights.websitebuilder.com | Cloudflare,530,6232,insights.websitebuilder.com,443,True,tls13,TLS_AES_128_GCM_SHA256,2023-01-19T00:00:00Z,2024-01-18T23:59:59Z,"CN=websitebuilder.com, O=Cloudflare\, Inc., L=San Francisco, ST=California, C=US",websitebuilder.com,"Cloudflare, Inc.",*.websitebuilder.com,"CN=Cloudflare Inc ECC CA-3, O=Cloudflare\, Inc., C=US",Cloudflare Inc ECC CA-3,"Cloudflare, Inc.",2d5888067a7a688fa90f5808d6149eec,51164b10948d61d68a3f5b0c493d1d9dc7a09249db67b55a0963ed8ad308ca1e,True,ctls,insights.websitebuilder.com,cloudflare,443,https://insights.websitebuilder.com:443,https,cloudflare,text/html,GET,104.17.9.84,/,1263114168,Cloudflare,93,False,True,,,,
kb.websitebuilder.com,WebsiteBuilder,200,9889,kb.websitebuilder.com,443,True,tls13,TLS_AES_128_GCM_SHA256,2023-01-19T00:00:00Z,2024-01-18T23:59:59Z,"CN=websitebuilder.com, O=Cloudflare\, Inc., L=San Francisco, ST=California, C=US",websitebuilder.com,"Cloudflare, Inc.",*.websitebuilder.com,"CN=Cloudflare Inc ECC CA-3, O=Cloudflare\, Inc., C=US",Cloudflare Inc ECC CA-3,"Cloudflare, Inc.",2d5888067a7a688fa90f5808d6149eec,51164b10948d61d68a3f5b0c493d1d9dc7a09249db67b55a0963ed8ad308ca1e,True,ctls,kb.websitebuilder.com,cloudflare,443,https://kb.websitebuilder.com:443,https,cloudflare,text/html,GET,104.17.9.84,/,-32260895,HSTS,52,False,True,,,,*.websitebuilder.com
localize.websitebuilder.com,,200,28,localize.websitebuilder.com,443,True,tls13,TLS_AES_128_GCM_SHA256,2023-01-19T00:00:00Z,2024-01-18T23:59:59Z,"CN=websitebuilder.com, O=Cloudflare\, Inc., L=San Francisco, ST=California, C=US",websitebuilder.com,"Cloudflare, Inc.",*.websitebuilder.com,"CN=Cloudflare Inc ECC CA-3, O=Cloudflare\, Inc., C=US",Cloudflare Inc ECC CA-3,"Cloudflare, Inc.",2d5888067a7a688fa90f5808d6149eec,51164b10948d61d68a3f5b0c493d1d9dc7a09249db67b55a0963ed8ad308ca1e,True,ctls,localize.websitebuilder.com,cloudflare,443,https://localize.websitebuilder.com:443,https,cloudflare,application/javascript,GET,104.17.8.84,/,972359959,Microsoft ASP.NET,1,False,True,,,,
mail.websitebuilder.com,WebsiteBuilder,200,5454,app.websitebuilder.com,443,True,tls13,TLS_AES_128_GCM_SHA256,2023-01-19T00:00:00Z,2024-01-18T23:59:59Z,"CN=websitebuilder.com, O=Cloudflare\, Inc., L=San Francisco, ST=California, C=US",websitebuilder.com,"Cloudflare, Inc.",*.websitebuilder.com,"CN=Cloudflare Inc ECC CA-3, O=Cloudflare\, Inc., C=US",Cloudflare Inc ECC CA-3,"Cloudflare, Inc.",2d5888067a7a688fa90f5808d6149eec,51164b10948d61d68a3f5b0c493d1d9dc7a09249db67b55a0963ed8ad308ca1e,True,ctls,app.websitebuilder.com,cloudflare,443,https://mail.websitebuilder.com:443,https,cloudflare,text/html,GET,104.17.8.84,/,1652681636,HSTS,29,False,True,,https://app.websitebuilder.com/mail-designer/,200,*.websitebuilder.com
my.websitebuilder.com,WebsiteBuilder,200,5454,app.websitebuilder.com,443,True,tls13,TLS_AES_128_GCM_SHA256,2023-01-19T00:00:00Z,2024-01-18T23:59:59Z,"CN=websitebuilder.com, O=Cloudflare\, Inc., L=San Francisco, ST=California, C=US",websitebuilder.com,"Cloudflare, Inc.",*.websitebuilder.com,"CN=Cloudflare Inc ECC CA-3, O=Cloudflare\, Inc., C=US",Cloudflare Inc ECC CA-3,"Cloudflare, Inc.",2d5888067a7a688fa90f5808d6149eec,51164b10948d61d68a3f5b0c493d1d9dc7a09249db67b55a0963ed8ad308ca1e,True,ctls,app.websitebuilder.com,cloudflare,443,https://my.websitebuilder.com:443,https,cloudflare,text/html,GET,104.17.8.84,/,-1784546593,HSTS,29,False,True,,https://app.websitebuilder.com/,200,*.websitebuilder.com
mylinks.websitebuilder.com,,200,,mylinks.websitebuilder.com,443,True,tls13,TLS_AES_128_GCM_SHA256,2023-01-19T00:00:00Z,2024-01-18T23:59:59Z,"CN=websitebuilder.com, O=Cloudflare\, Inc., L=San Francisco, ST=California, C=US",websitebuilder.com,"Cloudflare, Inc.",*.websitebuilder.com,"CN=Cloudflare Inc ECC CA-3, O=Cloudflare\, Inc., C=US",Cloudflare Inc ECC CA-3,"Cloudflare, Inc.",2d5888067a7a688fa90f5808d6149eec,51164b10948d61d68a3f5b0c493d1d9dc7a09249db67b55a0963ed8ad308ca1e,True,ctls,mylinks.websitebuilder.com,cloudflare,443,https://mylinks.websitebuilder.com:443,https,cloudflare,text/html,GET,104.17.8.84,/,-1840324437,HSTS,1,False,True,,,,
news.websitebuilder.com,Websitebuilder.com,200,8703,news.websitebuilder.com,443,True,tls13,TLS_AES_128_GCM_SHA256,2023-04-17T08:24:27Z,2023-07-10T08:24:26Z,CN=*.storage.googleapis.com,*.storage.googleapis.com,,*.storage-download.googleapis.com,"CN=GTS CA 1C3, O=Google Trust Services LLC, C=US",GTS CA 1C3,Google Trust Services LLC,48e4b14bafc7463b79dd4b8e26f3c4f3,c842aecf6a2358f0445ceb7d8f91693cb2d3e7559f13a2c0428d1b1b05107e65,True,ctls,news.websitebuilder.com,,443,https://news.websitebuilder.com:443,https,UploadServer,text/html,GET,142.250.186.112,/,1287779974,HTTP/3,166,False,,True,,,
preview-express.websitebuilder.com,,404,,preview-express.websitebuilder.com,443,True,tls13,TLS_AES_128_GCM_SHA256,2023-01-19T00:00:00Z,2024-01-18T23:59:59Z,"CN=websitebuilder.com, O=Cloudflare\, Inc., L=San Francisco, ST=California, C=US",websitebuilder.com,"Cloudflare, Inc.",*.websitebuilder.com,"CN=Cloudflare Inc ECC CA-3, O=Cloudflare\, Inc., C=US",Cloudflare Inc ECC CA-3,"Cloudflare, Inc.",2d5888067a7a688fa90f5808d6149eec,51164b10948d61d68a3f5b0c493d1d9dc7a09249db67b55a0963ed8ad308ca1e,True,ctls,preview-express.websitebuilder.com,cloudflare,443,https://preview-express.websitebuilder.com:443,https,cloudflare,,GET,104.17.9.84,/,-1840324437,HSTS,1,False,True,,,,
preview.websitebuilder.com,,200,,preview.websitebuilder.com,443,True,tls13,TLS_AES_128_GCM_SHA256,2023-01-19T00:00:00Z,2024-01-18T23:59:59Z,"CN=websitebuilder.com, O=Cloudflare\, Inc., L=San Francisco, ST=California, C=US",websitebuilder.com,"Cloudflare, Inc.",*.websitebuilder.com,"CN=Cloudflare Inc ECC CA-3, O=Cloudflare\, Inc., C=US",Cloudflare Inc ECC CA-3,"Cloudflare, Inc.",2d5888067a7a688fa90f5808d6149eec,51164b10948d61d68a3f5b0c493d1d9dc7a09249db67b55a0963ed8ad308ca1e,True,ctls,preview.websitebuilder.com,cloudflare,443,https://preview.websitebuilder.com:443,https,cloudflare,,GET,104.17.8.84,/,-1840324437,HSTS,1,False,True,,,,
re-api.websitebuilder.com,,404,,re-api.websitebuilder.com,443,True,tls13,TLS_AES_128_GCM_SHA256,2023-01-19T00:00:00Z,2024-01-18T23:59:59Z,"CN=websitebuilder.com, O=Cloudflare\, Inc., L=San Francisco, ST=California, C=US",websitebuilder.com,"Cloudflare, Inc.",*.websitebuilder.com,"CN=Cloudflare Inc ECC CA-3, O=Cloudflare\, Inc., C=US",Cloudflare Inc ECC CA-3,"Cloudflare, Inc.",2d5888067a7a688fa90f5808d6149eec,51164b10948d61d68a3f5b0c493d1d9dc7a09249db67b55a0963ed8ad308ca1e,True,ctls,re-api.websitebuilder.com,cloudflare,443,https://re-api.websitebuilder.com:443,https,cloudflare,,GET,104.17.8.84,/,-1840324437,HSTS,1,False,True,,,,
signup.websitebuilder.com,WebsiteBuilder,200,5454,app.websitebuilder.com,443,True,tls13,TLS_AES_128_GCM_SHA256,2023-01-19T00:00:00Z,2024-01-18T23:59:59Z,"CN=websitebuilder.com, O=Cloudflare\, Inc., L=San Francisco, ST=California, C=US",websitebuilder.com,"Cloudflare, Inc.",*.websitebuilder.com,"CN=Cloudflare Inc ECC CA-3, O=Cloudflare\, Inc., C=US",Cloudflare Inc ECC CA-3,"Cloudflare, Inc.",2d5888067a7a688fa90f5808d6149eec,51164b10948d61d68a3f5b0c493d1d9dc7a09249db67b55a0963ed8ad308ca1e,True,ctls,app.websitebuilder.com,cloudflare,443,https://signup.websitebuilder.com:443,https,cloudflare,text/html,GET,104.17.9.84,/,-415186898,HSTS,29,False,True,,https://app.websitebuilder.com/auth/signup/,200,*.websitebuilder.com
st-edit.websitebuilder.com,WebsiteBuilder,200,185662,st-edit.websitebuilder.com,443,True,tls13,TLS_AES_128_GCM_SHA256,2023-01-19T00:00:00Z,2024-01-18T23:59:59Z,"CN=websitebuilder.com, O=Cloudflare\, Inc., L=San Francisco, ST=California, C=US",websitebuilder.com,"Cloudflare, Inc.",*.websitebuilder.com,"CN=Cloudflare Inc ECC CA-3, O=Cloudflare\, Inc., C=US",Cloudflare Inc ECC CA-3,"Cloudflare, Inc.",2d5888067a7a688fa90f5808d6149eec,51164b10948d61d68a3f5b0c493d1d9dc7a09249db67b55a0963ed8ad308ca1e,True,ctls,st-edit.websitebuilder.com,cloudflare,443,https://st-edit.websitebuilder.com:443,https,cloudflare,text/html,GET,104.17.8.84,/,-664002769,HSTS,4,False,True,,,,
st-onboarding.websitebuilder.com,,403,16,st-onboarding.websitebuilder.com,443,True,tls13,TLS_AES_128_GCM_SHA256,2023-01-19T00:00:00Z,2024-01-18T23:59:59Z,"CN=websitebuilder.com, O=Cloudflare\, Inc., L=San Francisco, ST=California, C=US",websitebuilder.com,"Cloudflare, Inc.",*.websitebuilder.com,"CN=Cloudflare Inc ECC CA-3, O=Cloudflare\, Inc., C=US",Cloudflare Inc ECC CA-3,"Cloudflare, Inc.",2d5888067a7a688fa90f5808d6149eec,51164b10948d61d68a3f5b0c493d1d9dc7a09249db67b55a0963ed8ad308ca1e,True,ctls,st-onboarding.websitebuilder.com,cloudflare,443,https://st-onboarding.websitebuilder.com:443,https,cloudflare,text/plain,GET,104.17.8.84,/,1659100526,HSTS,1,False,True,,,,
status.websitebuilder.com,Websitebuilder Status - Page Inactive,200,31053,websitebuilder.statuspage.io,443,True,tls13,TLS_AES_256_GCM_SHA384,2022-08-08T00:00:00Z,2023-08-22T23:59:59Z,"CN=*.statuspage.io, O=Atlassian\, Inc., L=San Francisco, ST=California, C=US",*.statuspage.io,"Atlassian, Inc.",statuspage.io,"CN=DigiCert TLS RSA SHA256 2020 CA1, O=DigiCert Inc, C=US",DigiCert TLS RSA SHA256 2020 CA1,DigiCert Inc,eecd10eea6fd6ff59cf22d07af5a78bb,a0d9fe1d2d8e8246cc1c32e903693152c80723c54f60d270f0370cee839d3e17,True,ctls,websitebuilder.statuspage.io,,443,https://status.websitebuilder.com:443,https,,text/html,GET,52.215.192.131,/,-1840324437,HSTS,693,False,,,https://websitebuilder.statuspage.io/inactive,200,
store.websitebuilder.com,Origin DNS error | store.websitebuilder.com | Cloudflare,530,6223,store.websitebuilder.com,443,True,tls13,TLS_AES_128_GCM_SHA256,2023-01-19T00:00:00Z,2024-01-18T23:59:59Z,"CN=websitebuilder.com, O=Cloudflare\, Inc., L=San Francisco, ST=California, C=US",websitebuilder.com,"Cloudflare, Inc.",*.websitebuilder.com,"CN=Cloudflare Inc ECC CA-3, O=Cloudflare\, Inc., C=US",Cloudflare Inc ECC CA-3,"Cloudflare, Inc.",2d5888067a7a688fa90f5808d6149eec,51164b10948d61d68a3f5b0c493d1d9dc7a09249db67b55a0963ed8ad308ca1e,True,ctls,store.websitebuilder.com,cloudflare,443,https://store.websitebuilder.com:443,https,cloudflare,text/html,GET,104.17.8.84,/,1866695457,Cloudflare,93,False,True,,,,
track.websitebuilder.com,,404,18,track.websitebuilder.com,443,True,tls13,TLS_AES_128_GCM_SHA256,2023-03-30T12:33:43Z,2023-06-28T13:25:35Z,CN=customer-api-stg.loyalsys.io,customer-api-stg.loyalsys.io,,customer-api-stg.loyalsys.io,"CN=GTS CA 1D4, O=Google Trust Services LLC, C=US",GTS CA 1D4,Google Trust Services LLC,0463638b6142630f11395ba7e3d7978c,9b802f1b0d30f9b97f773df1ff5a6c1c301681c3dd24091eb9408bce02f2c924,,ctls,track.websitebuilder.com,google,443,https://track.websitebuilder.com:443,https,,text/plain,GET,130.211.8.219,/,-429073533,HTTP/3,1,False,True,True,,,
websitebuilder.com,Cloudflare Captcha Page | Web.com,403,255811,www.web.com,443,True,tls13,TLS_AES_128_GCM_SHA256,2022-09-23T00:00:00Z,2023-10-22T23:59:59Z,CN=*.web.com,*.web.com,,web.com,"CN=Sectigo RSA Domain Validation Secure Server CA, O=Sectigo Limited, L=Salford, ST=Greater Manchester, C=GB",Sectigo RSA Domain Validation Secure Server CA,Sectigo Limited,dead9f72af8009ccc06a81f092d0aef6,a2ef2c18ac6278ce46c4e93217fa2ad0cc2bd5038e9575daaa23b599a39b5c91,True,ctls,www.web.com,cloudflare,443,https://websitebuilder.com:443,https,cloudflare,text/html,GET,104.17.8.84,/,-1852007262,HSTS,130,False,True,,https://www.web.com/websitebuilder?brand=websitebuilder&siteID=101&channelID=P99C101S653N0B2A16D132E0000V109,403,
www-test.websitebuilder.com,,400,207,www-test.websitebuilder.com,443,True,tls13,TLS_AES_128_GCM_SHA256,2023-01-19T00:00:00Z,2024-01-18T23:59:59Z,"CN=websitebuilder.com, O=Cloudflare\, Inc., L=San Francisco, ST=California, C=US",websitebuilder.com,"Cloudflare, Inc.",*.websitebuilder.com,"CN=Cloudflare Inc ECC CA-3, O=Cloudflare\, Inc., C=US",Cloudflare Inc ECC CA-3,"Cloudflare, Inc.",2d5888067a7a688fa90f5808d6149eec,51164b10948d61d68a3f5b0c493d1d9dc7a09249db67b55a0963ed8ad308ca1e,True,ctls,www-test.websitebuilder.com,cloudflare,443,https://www-test.websitebuilder.com:443,https,cloudflare,application/xml,GET,104.17.8.84,/,-1908469020,HSTS,4,False,True,,,,
www.websitebuilder.com,Cloudflare Captcha Page | Web.com,403,255790,www.web.com,443,True,tls13,TLS_AES_128_GCM_SHA256,2022-09-23T00:00:00Z,2023-10-22T23:59:59Z,CN=*.web.com,*.web.com,,web.com,"CN=Sectigo RSA Domain Validation Secure Server CA, O=Sectigo Limited, L=Salford, ST=Greater Manchester, C=GB",Sectigo RSA Domain Validation Secure Server CA,Sectigo Limited,dead9f72af8009ccc06a81f092d0aef6,a2ef2c18ac6278ce46c4e93217fa2ad0cc2bd5038e9575daaa23b599a39b5c91,True,ctls,www.web.com,cloudflare,443,https://www.websitebuilder.com:443,https,cloudflare,text/html,GET,104.17.9.84,/,157150931,HSTS,130,False,True,,https://www.web.com/websitebuilder?brand=websitebuilder&siteID=101&channelID=P99C101S653N0B2A16D132E0000V109,403,
your.websitebuilder.com,,404,,,,,,,,,,,,,,,,,,,,,google,80,http://your.websitebuilder.com:80,http,Viewer,,GET,23.236.50.90,/,-1840324437,,1,False,True,,,,
yourapps.websitebuilder.com,WebsiteBuilder,200,10568,yourapps.websitebuilder.com,443,True,tls13,TLS_AES_128_GCM_SHA256,2023-01-19T00:00:00Z,2024-01-18T23:59:59Z,"CN=websitebuilder.com, O=Cloudflare\, Inc., L=San Francisco, ST=California, C=US",websitebuilder.com,"Cloudflare, Inc.",*.websitebuilder.com,"CN=Cloudflare Inc ECC CA-3, O=Cloudflare\, Inc., C=US",Cloudflare Inc ECC CA-3,"Cloudflare, Inc.",2d5888067a7a688fa90f5808d6149eec,51164b10948d61d68a3f5b0c493d1d9dc7a09249db67b55a0963ed8ad308ca1e,True,ctls,yourapps.websitebuilder.com,cloudflare,443,https://yourapps.websitebuilder.com:443,https,cloudflare,text/html,GET,104.17.8.84,/,1485276371,HSTS,60,False,True,,,,*.websitebuilder.com
