new,host,a,soa,status_code,cdn,cdn-name,ns,aaaa,cname,mx,txt
[x],20151014134724.go.easyprojects.net,52.226.232.207,"ns-715.awsdns-25.net, awsdns-hostmaster.amazon.com",NOERROR,True,azure,,,,,
[x],20151018213440.go.easyprojects.net,52.226.232.207,"ns-715.awsdns-25.net, awsdns-hostmaster.amazon.com",NOERROR,True,azure,,,,,
[x],20151119135010.go.easyprojects.net,52.226.232.207,"ns-715.awsdns-25.net, awsdns-hostmaster.amazon.com",NOERROR,True,azure,,,,,
[x],20160312041826.go.easyprojects.net,52.226.232.207,"ns-715.awsdns-25.net, awsdns-hostmaster.amazon.com",NOERROR,True,azure,,,,,
[x],20160906061745.go.easyprojects.net,52.226.232.207,"ns-715.awsdns-25.net, awsdns-hostmaster.amazon.com",NOERROR,True,azure,,,,,
[x],achievers.go.easyprojects.net,52.226.232.207,"ns-715.awsdns-25.net, awsdns-hostmaster.amazon.com",NOERROR,True,azure,,,,,
[x],acn.go.easyprojects.net,52.226.232.207,"ns-715.awsdns-25.net, awsdns-hostmaster.amazon.com",NOERROR,True,azure,,,,,
[x],activate.easyprojects.net,216.105.94.33,"ns-715.awsdns-25.net, awsdns-hostmaster.amazon.com",NOERROR,,,,,,,
[x],activator.go.easyprojects.net,23.96.96.142,"ns1-201.azure-dns.com, msnhst.microsoft.com",NOERROR,True,azure,,,"ep-trialactivator.azurewebsites.net, waws-prod-blu-009.vip.azurewebsites.windows.net, waws-prod-blu-009.cloudapp.net",,
[x],adminportal.easyprojects.net,52.152.230.98,"ns1-201.azure-dns.com, msnhst.microsoft.com",NOERROR,True,azure,,,accountscontrol.eastus.cloudapp.azure.com,,
[x],aella.go.easyprojects.net,52.226.232.207,"ns-715.awsdns-25.net, awsdns-hostmaster.amazon.com",NOERROR,True,azure,,,,,
[x],aellagroup.go.easyprojects.net,,"ns-715.awsdns-25.net, awsdns-hostmaster.amazon.com",NOERROR,True,azure,,,,,
[x],aerosysengcom.go.easyprojects.net,52.226.232.207,"ns-715.awsdns-25.net, awsdns-hostmaster.amazon.com",NOERROR,True,azure,,,,,
[x],airmethods.go.easyprojects.net,52.226.232.207,"ns-715.awsdns-25.net, awsdns-hostmaster.amazon.com",NOERROR,True,azure,,,,,
[x],annodyne.go.easyprojects.net,,"ns-715.awsdns-25.net, awsdns-hostmaster.amazon.com",NOERROR,True,azure,,,,,
[x],api.easyprojects.net,"141.193.213.20, 141.193.213.21","darwin.ns.cloudflare.com, dns.cloudflare.com",NOERROR,,,,,u0fbsxrju7py.wpeproxy.com,,
[x],api.go.easyprojects.net,52.226.232.207,"ns-715.awsdns-25.net, awsdns-hostmaster.amazon.com",NOERROR,True,azure,,,,,
[x],b2begw.go.easyprojects.net,52.226.232.207,"ns-715.awsdns-25.net, awsdns-hostmaster.amazon.com",NOERROR,True,azure,"ns-1060.awsdns-04.org, ns-1869.awsdns-41.co.uk, ns-487.awsdns-60.com, ns-715.awsdns-25.net",,,,
[x],bakerandtaylor.go.easyprojects.net,52.226.232.207,"ns-715.awsdns-25.net, awsdns-hostmaster.amazon.com",NOERROR,True,azure,"ns-1060.awsdns-04.org, ns-1869.awsdns-41.co.uk, ns-487.awsdns-60.com, ns-715.awsdns-25.net",,,,
[x],batesville.go.easyprojects.net,52.226.232.207,"ns-715.awsdns-25.net, awsdns-hostmaster.amazon.com",NOERROR,True,azure,,,,,
[x],bec.go.easyprojects.net,52.226.232.207,"ns-715.awsdns-25.net, awsdns-hostmaster.amazon.com",NOERROR,True,azure,,,,,
[x],benchmarkemail.go.easyprojects.net,52.226.232.207,"ns-715.awsdns-25.net, awsdns-hostmaster.amazon.com",NOERROR,True,azure,"ns-1060.awsdns-04.org, ns-1869.awsdns-41.co.uk, ns-487.awsdns-60.com, ns-715.awsdns-25.net",,,,
[x],bifm.go.easyprojects.net,52.226.232.207,"ns-715.awsdns-25.net, awsdns-hostmaster.amazon.com",NOERROR,True,azure,"ns-1060.awsdns-04.org, ns-1869.awsdns-41.co.uk, ns-487.awsdns-60.com, ns-715.awsdns-25.net",,,,
[x],bpc.go.easyprojects.net,20.123.101.86,"ns-715.awsdns-25.net, awsdns-hostmaster.amazon.com",NOERROR,,,,,northeurope.go.easyprojects.net,,
[x],brickroadmedia.go.easyprojects.net,52.226.232.207,"ns-715.awsdns-25.net, awsdns-hostmaster.amazon.com",NOERROR,True,azure,,,,,
[x],burnmediagroup.go.easyprojects.net,52.226.232.207,"ns-715.awsdns-25.net, awsdns-hostmaster.amazon.com",NOERROR,True,azure,,,,,
[x],campingandcaravanningclub.go.easyprojects.net,52.226.232.207,"ns-715.awsdns-25.net, awsdns-hostmaster.amazon.com",NOERROR,True,azure,,,,,
[x],canadacentral.go.easyprojects.net,20.104.39.185,"ns-715.awsdns-25.net, awsdns-hostmaster.amazon.com",NOERROR,,,,,,,
[x],candacoding.go.easyprojects.net,52.226.232.207,"ns-715.awsdns-25.net, awsdns-hostmaster.amazon.com",NOERROR,True,azure,,,,,
[x],carthagecollege.go.easyprojects.net,52.226.232.207,"ns-715.awsdns-25.net, awsdns-hostmaster.amazon.com",NOERROR,True,azure,,,,,
[x],concordia.go.easyprojects.net,20.104.39.185,"ns-715.awsdns-25.net, awsdns-hostmaster.amazon.com",NOERROR,,,,,canadacentral.go.easyprojects.net,,
[x],cornellssit.go.easyprojects.net,52.226.232.207,"ns-715.awsdns-25.net, awsdns-hostmaster.amazon.com",NOERROR,True,azure,,,,,
[x],eliteediting.go.easyprojects.net,52.226.232.207,"ns-715.awsdns-25.net, awsdns-hostmaster.amazon.com",NOERROR,True,azure,,,,,
[x],email.easyprojects.net,"199.60.103.225, 199.60.103.31","jerry.ns.cloudflare.com, dns.cloudflare.com",NOERROR,,,,"2606:2c40::c73c:671f, 2606:2c40::c73c:67e1","5966961.group11.sites.hubspot.net, group11.sites.hscoscdn10.net",,
[x],epicor.go.easyprojects.net,52.226.232.207,"ns-715.awsdns-25.net, awsdns-hostmaster.amazon.com",NOERROR,True,azure,,,,,
[x],errorapinamasterrings.go.easyprojects.net,52.226.232.207,"ns-715.awsdns-25.net, awsdns-hostmaster.amazon.com",NOERROR,True,azure,,,,,
[x],eset.go.easyprojects.net,20.123.101.86,"ns-715.awsdns-25.net, awsdns-hostmaster.amazon.com",NOERROR,,,,,northeurope.go.easyprojects.net,,
[x],esolutionsgroup.go.easyprojects.net,52.226.232.207,"ns-715.awsdns-25.net, awsdns-hostmaster.amazon.com",NOERROR,True,azure,,,,,
[x],evolution.go.easyprojects.net,52.226.232.207,"ns-715.awsdns-25.net, awsdns-hostmaster.amazon.com",NOERROR,True,azure,,,,,
[x],exness.go.easyprojects.net,52.226.232.207,"ns-715.awsdns-25.net, awsdns-hostmaster.amazon.com",NOERROR,True,azure,,,,,
[x],explodeseo.go.easyprojects.net,52.226.232.207,"ns-715.awsdns-25.net, awsdns-hostmaster.amazon.com",NOERROR,True,azure,,,,,
[x],exxonmobilchemical.go.easyprojects.net,40.117.199.231,"ns-715.awsdns-25.net, awsdns-hostmaster.amazon.com",NOERROR,True,azure,,,,,
[x],exxonmobilchemical.staging.easyprojects.net,40.117.199.231,"ns-715.awsdns-25.net, awsdns-hostmaster.amazon.com",NOERROR,True,azure,"ns-1060.awsdns-04.org, ns-1869.awsdns-41.co.uk, ns-487.awsdns-60.com, ns-715.awsdns-25.net",,,,
[x],eyemagine.go.easyprojects.net,52.226.232.207,"ns-715.awsdns-25.net, awsdns-hostmaster.amazon.com",NOERROR,True,azure,,,,,
[x],flybest.go.easyprojects.net,52.226.232.207,"ns-715.awsdns-25.net, awsdns-hostmaster.amazon.com",NOERROR,True,azure,"ns-1060.awsdns-04.org, ns-1869.awsdns-41.co.uk, ns-487.awsdns-60.com, ns-715.awsdns-25.net",,,,
[x],geishospitality.go.easyprojects.net,52.226.232.207,"ns-715.awsdns-25.net, awsdns-hostmaster.amazon.com",NOERROR,True,azure,,,,,
[x],getsetgames.go.easyprojects.net,52.226.232.207,"ns-715.awsdns-25.net, awsdns-hostmaster.amazon.com",NOERROR,True,azure,,,,,
[x],girardengineering.go.easyprojects.net,52.226.232.207,"ns-715.awsdns-25.net, awsdns-hostmaster.amazon.com",NOERROR,True,azure,,,,,
[x],harperjones.go.easyprojects.net,52.226.232.207,"ns-715.awsdns-25.net, awsdns-hostmaster.amazon.com",NOERROR,True,azure,,,,,
[x],help.easyprojects.net,"104.16.53.111, 104.16.51.111","ns-1213.awsdns-23.org, awsdns-hostmaster.amazon.com",NOERROR,True,cloudflare,,,helpeasyprojects.zendesk.com,mail-pod-13.int.zendesk.com,"pod=13, v=spf1 include:mail.zendesk.com ~all"
[x],helpsearch.go.easyprojects.net,23.96.96.142,"ns1-201.azure-dns.com, msnhst.microsoft.com",NOERROR,True,azure,,,"ep-us-helpsearch.azurewebsites.net, waws-prod-blu-009.vip.azurewebsites.windows.net, waws-prod-blu-009.cloudapp.net",,
[x],hfhsa.go.easyprojects.net,52.226.232.207,"ns-715.awsdns-25.net, awsdns-hostmaster.amazon.com",NOERROR,True,azure,,,,,
[x],hpinc.go.easyprojects.net,52.226.232.207,"ns-715.awsdns-25.net, awsdns-hostmaster.amazon.com",NOERROR,True,azure,,,,,
[x],htn.go.easyprojects.net,52.226.232.207,"ns-715.awsdns-25.net, awsdns-hostmaster.amazon.com",NOERROR,True,azure,,,,,
[x],ibamu.go.easyprojects.net,,"ns-715.awsdns-25.net, awsdns-hostmaster.amazon.com",NOERROR,True,azure,,,,,
[x],imagewerks.go.easyprojects.net,52.226.232.207,"ns-715.awsdns-25.net, awsdns-hostmaster.amazon.com",NOERROR,True,azure,"ns-1060.awsdns-04.org, ns-1869.awsdns-41.co.uk, ns-487.awsdns-60.com, ns-715.awsdns-25.net",,,,
[x],imagewerksmarketing.go.easyprojects.net,52.226.232.207,"ns-715.awsdns-25.net, awsdns-hostmaster.amazon.com",NOERROR,True,azure,,,,,
[x],imcpt.go.easyprojects.net,52.226.232.207,"ns-715.awsdns-25.net, awsdns-hostmaster.amazon.com",NOERROR,True,azure,"ns-1060.awsdns-04.org, ns-1869.awsdns-41.co.uk, ns-487.awsdns-60.com, ns-715.awsdns-25.net",,,,
[x],iwmarketing.go.easyprojects.net,52.226.232.207,"ns-715.awsdns-25.net, awsdns-hostmaster.amazon.com",NOERROR,True,azure,,,,,
[x],jacksontownship.go.easyprojects.net,52.226.232.207,"ns-715.awsdns-25.net, awsdns-hostmaster.amazon.com",NOERROR,True,azure,,,,,
[x],joyentertainment.go.easyprojects.net,52.226.232.207,"ns-715.awsdns-25.net, awsdns-hostmaster.amazon.com",NOERROR,True,azure,,,,,
[x],jrss-215-71-93-18.staging.easyprojects.net,13.82.239.30,"ns-715.awsdns-25.net, awsdns-hostmaster.amazon.com",NOERROR,True,azure,,,,,
[x],kijs.go.easyprojects.net,52.226.232.207,"ns-715.awsdns-25.net, awsdns-hostmaster.amazon.com",NOERROR,True,azure,,,,,
[x],kinetixdesign.go.easyprojects.net,52.226.232.207,"ns-715.awsdns-25.net, awsdns-hostmaster.amazon.com",NOERROR,True,azure,,,,,
[x],kmdg.go.easyprojects.net,52.226.232.207,"ns-715.awsdns-25.net, awsdns-hostmaster.amazon.com",NOERROR,True,azure,,,,,
[x],koopmanlumber.go.easyprojects.net,,"ns-715.awsdns-25.net, awsdns-hostmaster.amazon.com",NOERROR,True,azure,,,,,
[x],landcordatacorp.go.easyprojects.net,52.226.232.207,"ns-715.awsdns-25.net, awsdns-hostmaster.amazon.com",NOERROR,True,azure,,,,,
[x],ldb12.go.easyprojects.net,,"ns-715.awsdns-25.net, awsdns-hostmaster.amazon.com",NOERROR,True,azure,,,,,
[x],lenovo.go.easyprojects.net,52.226.232.207,"ns-715.awsdns-25.net, awsdns-hostmaster.amazon.com",NOERROR,True,azure,,,,,
[x],logic.go.easyprojects.net,52.226.232.207,"ns-715.awsdns-25.net, awsdns-hostmaster.amazon.com",NOERROR,True,azure,"ns-1060.awsdns-04.org, ns-1869.awsdns-41.co.uk, ns-487.awsdns-60.com, ns-715.awsdns-25.net",,,,
[x],logicdata.go.easyprojects.net,52.226.232.207,"ns-715.awsdns-25.net, awsdns-hostmaster.amazon.com",NOERROR,True,azure,,,,,
[x],lollywebdesigns.go.easyprojects.net,52.226.232.207,"ns-715.awsdns-25.net, awsdns-hostmaster.amazon.com",NOERROR,True,azure,,,,,
[x],mail.easyprojects.net,65.88.52.25,"ns-715.awsdns-25.net, awsdns-hostmaster.amazon.com",NOERROR,,,,,,,
[x],mailgw.easyprojects.net,98.158.140.89,"ns-715.awsdns-25.net, awsdns-hostmaster.amazon.com",NOERROR,,,,,,,
[x],messiahcollege.go.easyprojects.net,52.226.232.207,"ns-715.awsdns-25.net, awsdns-hostmaster.amazon.com",NOERROR,True,azure,,,,,
[x],mountainview.go.easyprojects.net,52.226.232.207,"ns-715.awsdns-25.net, awsdns-hostmaster.amazon.com",NOERROR,True,azure,,,,,
[x],mycaseonline.go.easyprojects.net,52.226.232.207,"ns-715.awsdns-25.net, awsdns-hostmaster.amazon.com",NOERROR,True,azure,,,,,
[x],myfox-okta.login.go.easyprojects.net,52.226.232.207,"ns-715.awsdns-25.net, awsdns-hostmaster.amazon.com",NOERROR,True,azure,,,,,
[x],newspeakmediallc.go.easyprojects.net,52.226.232.207,"ns-715.awsdns-25.net, awsdns-hostmaster.amazon.com",NOERROR,True,azure,,,,,
[x],northeurope.go.easyprojects.net,20.123.101.86,"ns-715.awsdns-25.net, awsdns-hostmaster.amazon.com",NOERROR,,,,,,,
[x],onlinedemo34.go.easyprojects.net,52.226.232.207,"ns-715.awsdns-25.net, awsdns-hostmaster.amazon.com",NOERROR,True,azure,,,,,
[x],onlinedemo64.go.easyprojects.net,52.226.232.207,"ns-715.awsdns-25.net, awsdns-hostmaster.amazon.com",NOERROR,True,azure,,,,,
[x],oracast.go.easyprojects.net,52.226.232.207,"ns-715.awsdns-25.net, awsdns-hostmaster.amazon.com",NOERROR,True,azure,,,,,
[x],orangecountypublicworks.go.easyprojects.net,52.226.232.207,"ns-715.awsdns-25.net, awsdns-hostmaster.amazon.com",NOERROR,True,azure,,,,,
[x],paloaltousdca.staging.easyprojects.net,13.82.239.30,"ns-715.awsdns-25.net, awsdns-hostmaster.amazon.com",NOERROR,True,azure,,,,,
[x],pastimefoods.go.easyprojects.net,52.226.232.207,"ns-715.awsdns-25.net, awsdns-hostmaster.amazon.com",NOERROR,True,azure,,,,,
[x],peakadvisorygroup.go.easyprojects.net,,"ns-715.awsdns-25.net, awsdns-hostmaster.amazon.com",NOERROR,True,azure,,,,,
[x],pennstatehershey.go.easyprojects.net,52.226.232.207,"ns-715.awsdns-25.net, awsdns-hostmaster.amazon.com",NOERROR,True,azure,,,,,
[x],pepsico2.go.easyprojects.net,,"ns-715.awsdns-25.net, awsdns-hostmaster.amazon.com",NOERROR,True,azure,,,,,
[x],portal.easyprojects.net,,"ns1-201.azure-dns.com, msnhst.microsoft.com",NOERROR,True,azure,,,accountscontrol.eastus.cloudapp.azure.com,,
[x],preferredmart.go.easyprojects.net,52.226.232.207,"ns-715.awsdns-25.net, awsdns-hostmaster.amazon.com",NOERROR,True,azure,,,,,
[x],promojoe.go.easyprojects.net,52.226.232.207,"ns-715.awsdns-25.net, awsdns-hostmaster.amazon.com",NOERROR,True,azure,,,,,
[x],psav.go.easyprojects.net,52.226.232.207,"ns-715.awsdns-25.net, awsdns-hostmaster.amazon.com",NOERROR,True,azure,"ns-1060.awsdns-04.org, ns-1869.awsdns-41.co.uk, ns-487.awsdns-60.com, ns-715.awsdns-25.net",,,,
[x],psu.go.easyprojects.net,52.226.232.207,"ns-715.awsdns-25.net, awsdns-hostmaster.amazon.com",NOERROR,True,azure,"ns-1060.awsdns-04.org, ns-1869.awsdns-41.co.uk, ns-487.awsdns-60.com, ns-715.awsdns-25.net",,,,
[x],psufoundation.go.easyprojects.net,52.226.232.207,"ns-715.awsdns-25.net, awsdns-hostmaster.amazon.com",NOERROR,True,azure,,,,,
[x],rangedelivers.go.easyprojects.net,52.226.232.207,"ns-715.awsdns-25.net, awsdns-hostmaster.amazon.com",NOERROR,True,azure,,,,,
[x],rbstechlimited.go.easyprojects.net,52.226.232.207,"ns-715.awsdns-25.net, awsdns-hostmaster.amazon.com",NOERROR,True,azure,"ns-1060.awsdns-04.org, ns-1869.awsdns-41.co.uk, ns-487.awsdns-60.com, ns-715.awsdns-25.net",,,,
[x],resources.easyprojects.net,"141.193.213.21, 141.193.213.20","darwin.ns.cloudflare.com, dns.cloudflare.com",NOERROR,,,,,qq565is3zbek.wpeproxy.com,,
[x],riedelmarketinggroup.go.easyprojects.net,52.226.232.207,"ns-715.awsdns-25.net, awsdns-hostmaster.amazon.com",NOERROR,True,azure,,,,,
[x],ru.easyprojects.net,"141.193.213.21, 141.193.213.20","ns-715.awsdns-25.net, awsdns-hostmaster.amazon.com",NOERROR,,,,,easyprojects.net,,"v=spf1 include:_spf.google.com include:5966961.spf07.hubspotemail.net -all, google-site-verification=x-YYU8POYwunHNaZqwTuvbLgrJcgtsR3j2GD61bnxBI, MS=ms51451619"
[x],sesciences.go.easyprojects.net,52.226.232.207,"ns-715.awsdns-25.net, awsdns-hostmaster.amazon.com",NOERROR,True,azure,,,,,
[x],shadowinvestigationsltd.go.easyprojects.net,,"ns-715.awsdns-25.net, awsdns-hostmaster.amazon.com",NOERROR,,,,,canadacentral.go.easyprojects.net,,
[x],sklepyviola.go.easyprojects.net,52.226.232.207,"ns-715.awsdns-25.net, awsdns-hostmaster.amazon.com",NOERROR,True,azure,,,,,
[x],stage.easyprojects.net,104.199.126.163,"jim.ns.cloudflare.com, dns.cloudflare.com",NOERROR,True,google,,,easystaging.wpengine.com,,
[x],static.go.easyprojects.net,52.226.232.207,"ns-715.awsdns-25.net, awsdns-hostmaster.amazon.com",NOERROR,True,azure,,,,,
[x],strausspaper.go.easyprojects.net,52.226.232.207,"ns-715.awsdns-25.net, awsdns-hostmaster.amazon.com",NOERROR,True,azure,,,,,
[x],supplycore.go.easyprojects.net,52.226.232.207,"ns-715.awsdns-25.net, awsdns-hostmaster.amazon.com",NOERROR,True,azure,,,,,
[x],susanthomaslaw.go.easyprojects.net,52.226.232.207,"ns-715.awsdns-25.net, awsdns-hostmaster.amazon.com",NOERROR,True,azure,,,,,
[x],team.easyprojects.net,74.208.125.29,"ns-715.awsdns-25.net, awsdns-hostmaster.amazon.com",NOERROR,,,,,,,
[x],teensafe.go.easyprojects.net,52.226.232.207,"ns-715.awsdns-25.net, awsdns-hostmaster.amazon.com",NOERROR,True,azure,,,,,
[x],thatagency.go.easyprojects.net,52.226.232.207,"ns-715.awsdns-25.net, awsdns-hostmaster.amazon.com",NOERROR,True,azure,,,,,
[x],totaltelecom.go.easyprojects.net,52.226.232.207,"ns-715.awsdns-25.net, awsdns-hostmaster.amazon.com",NOERROR,True,azure,,,,,
[x],try.easyprojects.net,"141.193.213.21, 141.193.213.20","darwin.ns.cloudflare.com, dns.cloudflare.com",NOERROR,,,,,w07fbjux605a.wpeproxy.com,,
[x],turnthepage.go.easyprojects.net,52.226.232.207,"ns-715.awsdns-25.net, awsdns-hostmaster.amazon.com",NOERROR,True,azure,,,,,
[x],unhlibrary.go.easyprojects.net,52.226.232.207,"ns-715.awsdns-25.net, awsdns-hostmaster.amazon.com",NOERROR,True,azure,"ns-1060.awsdns-04.org, ns-1869.awsdns-41.co.uk, ns-487.awsdns-60.com, ns-715.awsdns-25.net",,,,
[x],uofwisconsinmadison.go.easyprojects.net,52.226.232.207,"ns-715.awsdns-25.net, awsdns-hostmaster.amazon.com",NOERROR,True,azure,,,,,
[x],webmail.easyprojects.net,142.250.185.83,"ns1.google.com, dns-admin.google.com",NOERROR,,,,2a00:1450:4001:80e::2013,ghs.google.com,,
[x],wsingm.go.easyprojects.net,52.226.232.207,"ns-715.awsdns-25.net, awsdns-hostmaster.amazon.com",NOERROR,True,azure,,,,,
[x],www.api.easyprojects.net,104.198.97.97,"jim.ns.cloudflare.com, dns.cloudflare.com",NOERROR,True,google,,,apieasyproject.wpengine.com,,
[x],www2.easyprojects.net,184.168.152.32,"ns-715.awsdns-25.net, awsdns-hostmaster.amazon.com",NOERROR,,,,,,,
