input,title,status_code,content_length,tls_host,tls_port,tls_probe_status,tls_tls_version,tls_cipher,tls_not_before,tls_not_after,tls_subject_dn,tls_subject_cn,tls_subject_an_,tls_issuer_dn,tls_issuer_cn,tls_issuer_org_,tls_fingerprint_hash_md,tls_fingerprint_hash_sha,tls_wildcard_certificate,tls_tls_connection,tls_sni,cdn_name,port,url,scheme,webserver,method,host,path,favicon,tech_,lines,failed,cdn,csp_domains_,content_type,final_url,chain_status_codes_,tls_self_signed,tls_mismatched,tls_subject_org_
blog.hackenproof.com,Blog | HackenProof,200,34568,hackenproof.com,443,True,tls13,TLS_AES_128_GCM_SHA256,2023-04-23T07:20:42Z,2023-07-22T07:20:41Z,CN=hackenproof.com,hackenproof.com,*.hackenproof.com,"CN=GTS CA 1P5, O=Google Trust Services LLC, C=US",GTS CA 1P5,Google Trust Services LLC,1cd85692641d8be74ce63b659edf116c,3376596534e872250a0a027bea87f2ef0e04c4b91e71df538436b4b595bb479c,True,ctls,hackenproof.com,cloudflare,443,https://blog.hackenproof.com:443,https,cloudflare,GET,188.114.97.3,/,1198047028,Vue.js,159,False,True,,text/html,https://hackenproof.com/blog,200,,,
dashboard-dev.hackenproof.com,401 Authorization Required,401,172,dashboard-dev.hackenproof.com,443,True,tls13,TLS_AES_128_GCM_SHA256,2023-04-23T07:20:42Z,2023-07-22T07:20:41Z,CN=hackenproof.com,hackenproof.com,*.hackenproof.com,"CN=GTS CA 1P5, O=Google Trust Services LLC, C=US",GTS CA 1P5,Google Trust Services LLC,1cd85692641d8be74ce63b659edf116c,3376596534e872250a0a027bea87f2ef0e04c4b91e71df538436b4b595bb479c,True,ctls,dashboard-dev.hackenproof.com,cloudflare,443,https://dashboard-dev.hackenproof.com:443,https,cloudflare,GET,188.114.97.3,/,-1710455754,HTTP/3,8,False,True,,text/html,,,,,
dashboard-stg.hackenproof.com,401 Authorization Required,401,574,dashboard-stg.hackenproof.com,443,True,tls13,TLS_AES_128_GCM_SHA256,2023-04-23T07:20:42Z,2023-07-22T07:20:41Z,CN=hackenproof.com,hackenproof.com,*.hackenproof.com,"CN=GTS CA 1P5, O=Google Trust Services LLC, C=US",GTS CA 1P5,Google Trust Services LLC,1cd85692641d8be74ce63b659edf116c,3376596534e872250a0a027bea87f2ef0e04c4b91e71df538436b4b595bb479c,True,ctls,dashboard-stg.hackenproof.com,cloudflare,443,https://dashboard-stg.hackenproof.com:443,https,cloudflare,GET,188.114.97.3,/,1335698669,HTTP/3,14,False,True,,text/html,,,,,
dev.hackenproof.com,503 Service Temporarily Unavailable,503,592,dev.hackenproof.com,443,True,tls13,TLS_AES_128_GCM_SHA256,2023-04-23T07:20:42Z,2023-07-22T07:20:41Z,CN=hackenproof.com,hackenproof.com,*.hackenproof.com,"CN=GTS CA 1P5, O=Google Trust Services LLC, C=US",GTS CA 1P5,Google Trust Services LLC,1cd85692641d8be74ce63b659edf116c,3376596534e872250a0a027bea87f2ef0e04c4b91e71df538436b4b595bb479c,True,ctls,dev.hackenproof.com,cloudflare,443,https://dev.hackenproof.com:443,https,cloudflare,GET,188.114.97.3,/,1131193170,HTTP/3,14,False,True,,text/html,,,,,
faq.hackenproof.com,HackenProof Help Center,200,35247,faq.hackenproof.com,443,True,tls13,TLS_AES_128_GCM_SHA256,2023-04-23T07:20:42Z,2023-07-22T07:20:41Z,CN=hackenproof.com,hackenproof.com,*.hackenproof.com,"CN=GTS CA 1P5, O=Google Trust Services LLC, C=US",GTS CA 1P5,Google Trust Services LLC,1cd85692641d8be74ce63b659edf116c,3376596534e872250a0a027bea87f2ef0e04c4b91e71df538436b4b595bb479c,True,ctls,faq.hackenproof.com,cloudflare,443,https://faq.hackenproof.com:443,https,cloudflare,GET,188.114.96.3,/,-1840324437,Intercom Articles,22,False,True,https://intercom-help.eu,text/html,https://faq.hackenproof.com/en/,200,,,
grafana-dev.hackenproof.com,401 Authorization Required,401,172,grafana-dev.hackenproof.com,443,True,tls13,TLS_AES_128_GCM_SHA256,2023-04-23T07:20:42Z,2023-07-22T07:20:41Z,CN=hackenproof.com,hackenproof.com,*.hackenproof.com,"CN=GTS CA 1P5, O=Google Trust Services LLC, C=US",GTS CA 1P5,Google Trust Services LLC,1cd85692641d8be74ce63b659edf116c,3376596534e872250a0a027bea87f2ef0e04c4b91e71df538436b4b595bb479c,True,ctls,grafana-dev.hackenproof.com,cloudflare,443,https://grafana-dev.hackenproof.com:443,https,cloudflare,GET,104.21.90.58,/,-1710455754,HTTP/3,8,False,True,,text/html,,,,,
hackenproof.com,HackenProof | Web3 Bug Bounty platform for Crypto Projects,200,46487,hackenproof.com,443,True,tls13,TLS_AES_128_GCM_SHA256,2023-04-23T07:20:42Z,2023-07-22T07:20:41Z,CN=hackenproof.com,hackenproof.com,*.hackenproof.com,"CN=GTS CA 1P5, O=Google Trust Services LLC, C=US",GTS CA 1P5,Google Trust Services LLC,1cd85692641d8be74ce63b659edf116c,3376596534e872250a0a027bea87f2ef0e04c4b91e71df538436b4b595bb479c,True,ctls,hackenproof.com,cloudflare,443,https://hackenproof.com:443,https,cloudflare,GET,188.114.97.3,/,-1840324437,Stimulus,1015,False,True,,text/html,,,,,
jenkins-deploy-dev.hackenproof.com,401 Authorization Required,401,574,jenkins-deploy-dev.hackenproof.com,443,True,tls13,TLS_AES_128_GCM_SHA256,2023-04-23T07:20:42Z,2023-07-22T07:20:41Z,CN=hackenproof.com,hackenproof.com,*.hackenproof.com,"CN=GTS CA 1P5, O=Google Trust Services LLC, C=US",GTS CA 1P5,Google Trust Services LLC,1cd85692641d8be74ce63b659edf116c,3376596534e872250a0a027bea87f2ef0e04c4b91e71df538436b4b595bb479c,True,ctls,jenkins-deploy-dev.hackenproof.com,cloudflare,443,https://jenkins-deploy-dev.hackenproof.com:443,https,cloudflare,GET,188.114.96.3,/,1335698669,HTTP/3,14,False,True,,text/html,,,,,
resources.hackenproof.com,,200,122,resources.hackenproof.com,443,True,tls13,TLS_AES_128_GCM_SHA256,2023-04-23T07:20:42Z,2023-07-22T07:20:41Z,CN=hackenproof.com,hackenproof.com,*.hackenproof.com,"CN=GTS CA 1P5, O=Google Trust Services LLC, C=US",GTS CA 1P5,Google Trust Services LLC,1cd85692641d8be74ce63b659edf116c,3376596534e872250a0a027bea87f2ef0e04c4b91e71df538436b4b595bb479c,True,ctls,resources.hackenproof.com,cloudflare,443,https://resources.hackenproof.com:443,https,cloudflare,GET,188.114.97.3,/,1494302000,HTTP/3,8,False,True,URL=https://hackenproof.com/,text/html,,,,,
stg-legacy.hackenproof.com,,521,,stg-legacy.hackenproof.com,443,True,tls13,TLS_AES_128_GCM_SHA256,2023-04-23T07:20:42Z,2023-07-22T07:20:41Z,CN=hackenproof.com,hackenproof.com,*.hackenproof.com,"CN=GTS CA 1P5, O=Google Trust Services LLC, C=US",GTS CA 1P5,Google Trust Services LLC,1cd85692641d8be74ce63b659edf116c,3376596534e872250a0a027bea87f2ef0e04c4b91e71df538436b4b595bb479c,True,ctls,stg-legacy.hackenproof.com,cloudflare,443,https://stg-legacy.hackenproof.com:443,https,cloudflare,GET,188.114.96.3,/,-1840324437,HTTP/3,1,False,True,,,,,,,
stg.hackenproof.com,404 Not Found,404,548,stg.hackenproof.com,443,True,tls13,TLS_AES_128_GCM_SHA256,2023-04-23T07:20:42Z,2023-07-22T07:20:41Z,CN=hackenproof.com,hackenproof.com,*.hackenproof.com,"CN=GTS CA 1P5, O=Google Trust Services LLC, C=US",GTS CA 1P5,Google Trust Services LLC,1cd85692641d8be74ce63b659edf116c,3376596534e872250a0a027bea87f2ef0e04c4b91e71df538436b4b595bb479c,True,ctls,stg.hackenproof.com,cloudflare,443,https://stg.hackenproof.com:443,https,cloudflare,GET,188.114.97.3,/,566218143,HTTP/3,14,False,True,,text/html,,,,,
wp-euw1b.hackenproof.com,site1 â€“ Just another WordPress site,200,53428,wp-euw1b.hackenproof.com,443,True,tls13,TLS_AES_256_GCM_SHA384,2022-08-26T01:12:56Z,2032-08-23T01:12:56Z,"CN=site1.hackenproof.com, O=HACKEN, C=UA",site1.hackenproof.com,,"CN=site1.hackenproof.com, O=HACKEN, C=UA",site1.hackenproof.com,HACKEN,748f73426469cc75ef9f150a66a8e2d1,0d91af703c9036b765d623d274a9d44a2da0cfa169eff2aa5f24f74c43cb73cd,,ctls,wp-euw1b.hackenproof.com,google,443,https://wp-euw1b.hackenproof.com:443,https,nginx,GET,34.140.3.101,/,566218143,WordPress:6.1.1,249,False,True,,text/html,,,True,True,HACKEN
