new,host,a,cname,soa,status_code,cdn,cdn-name,aaaa,caa,ns,mx,txt,has_internal_ips,internal_ips
,ablink.ae.linktr.ee,"18.144.127.61, 13.57.168.50, 52.9.114.249, 52.52.9.112",thirdparty.bnc.lt,"ns-1925.awsdns-48.co.uk, awsdns-hostmaster.amazon.com",NOERROR,,,,"digicert.com, entrust.net, letsencrypt.org",,,,,
,ablink.ma.linktr.ee,"52.52.9.112, 18.144.127.61, 52.9.114.249, 13.57.168.50",thirdparty.bnc.lt,"ns-1925.awsdns-48.co.uk, awsdns-hostmaster.amazon.com",NOERROR,,,,"digicert.com, entrust.net, letsencrypt.org",,,v=spf1 -all,,
,account.develop.linktr.ee,,,"ns-1458.awsdns-54.org, awsdns-hostmaster.amazon.com",NOERROR,,,,,,,,,
,album.link,76.76.21.21,,"ns-531.awsdns-02.net, awsdns-hostmaster.amazon.com",NOERROR,,,,,"ns-1250.awsdns-28.org, ns-1678.awsdns-17.co.uk, ns-484.awsdns-60.com, ns-531.awsdns-02.net",,"facebook-domain-verification=ik0olzw8yrod91m5xjs5ngu85ffuft, google-site-verification=rzcPweoovWi7Fh7BN2lbLIgbRXGQo5lnDAQ904a1t7s",,
,analytics.linktr.ee,"99.86.91.48, 99.86.91.91, 99.86.91.127, 99.86.91.120",,"ns-634.awsdns-15.net, awsdns-hostmaster.amazon.com",NOERROR,True,cloudfront,,,"ns-1534.awsdns-63.org, ns-169.awsdns-21.com, ns-1782.awsdns-30.co.uk, ns-634.awsdns-15.net",,,,
,analyticsapi.qa.linktr.ee,"34.215.81.172, 52.89.178.71, 54.185.16.175",,"ns-538.awsdns-03.net, awsdns-hostmaster.amazon.com",NOERROR,,,,,"ns-1100.awsdns-09.org, ns-1870.awsdns-41.co.uk, ns-277.awsdns-34.com, ns-538.awsdns-03.net",,,,
,api.blog.production.linktr.ee,"141.193.213.21, 141.193.213.20",cmuf4he02dub.wpeproxy.com,"darwin.ns.cloudflare.com, dns.cloudflare.com",NOERROR,,,,,,,,,
,api.odesli.co,"151.101.194.132, 151.101.66.132, 151.101.2.132, 151.101.130.132",j.sni.global.fastly.net,"ns1.fastly.net, hostmaster.fastly.com",NOERROR,True,fastly,,,,,,,
,api.song.link,146.75.122.132,j.sni.global.fastly.net,"ns1.fastly.net, hostmaster.fastly.com",NOERROR,True,fastly,,,,,,,
,api.staging.odesli.co,"151.101.2.132, 151.101.66.132, 151.101.130.132, 151.101.194.132",j.sni.global.fastly.net,"ns1.fastly.net, hostmaster.fastly.com",NOERROR,True,fastly,,,,,,,
,api.staging.song.link,"151.101.2.132, 151.101.66.132, 151.101.130.132, 151.101.194.132",j.sni.global.fastly.net,"ns1.fastly.net, hostmaster.fastly.com",NOERROR,True,fastly,,,,,,,
,apt-telemetry.platform.linktr.ee,"54.68.73.78, 52.10.115.76",,"ns-109.awsdns-13.com, awsdns-hostmaster.amazon.com",NOERROR,,,,,,,,,
,arnie.linktr.ee,"99.84.208.34, 99.84.208.23, 99.84.208.79, 99.84.208.44",,"ns-634.awsdns-15.net, awsdns-hostmaster.amazon.com",NOERROR,True,cloudfront,,,,,,,
,artist.link,"76.76.21.21, 205.251.192.55, 205.251.195.62, 205.251.196.179, 205.251.199.251",,"ns-830.awsdns-39.net, awsdns-hostmaster.amazon.com",NOERROR,,,,,"ns-55.awsdns-06.com, ns-2043.awsdns-63.co.uk, ns-1203.awsdns-22.org, ns-830.awsdns-39.net",,"facebook-domain-verification=p90tmeuaxawctae6848bpyj510j6n0, google-site-verification=QjYR1T2-oHiVaEuxknLzU9ardW79mp1IuC3r1z1JlGs",,
,assets.linktr.ee,,_0067a513557568a07fde64ca72d5fef9.acm-validations.aws,"ns-22.awsdns-02.com, awsdns-hostmaster.amazon.com",NOERROR,,,,,,,"6a7fccf9b95046319d2f0f7eec8c0647, 976afe1a8cc4434e8f4283046deab5c9",,
,assets.production.linktr.ee,"108.156.60.40, 108.156.60.24, 108.156.60.67, 108.156.60.66",d1redxmslvp7oy.cloudfront.net,"ns-384.awsdns-48.com, awsdns-hostmaster.amazon.com",NOERROR,True,cloudfront,"2600:9000:2394:d400:14:6c09:8c80:93a1, 2600:9000:2394:bc00:14:6c09:8c80:93a1, 2600:9000:2394:6400:14:6c09:8c80:93a1, 2600:9000:2394:e600:14:6c09:8c80:93a1, 2600:9000:2394:e00:14:6c09:8c80:93a1, 2600:9000:2394:1400:14:6c09:8c80:93a1, 2600:9000:2394:2c00:14:6c09:8c80:93a1, 2600:9000:2394:f800:14:6c09:8c80:93a1",,"ns-1013.awsdns-62.net, ns-1514.awsdns-61.org, ns-1850.awsdns-39.co.uk, ns-384.awsdns-48.com",,,,
,assets.qa.linktr.ee,"52.222.214.11, 52.222.214.92, 52.222.214.20, 52.222.214.50",d25le389su7j42.cloudfront.net,"ns-915.awsdns-50.net, awsdns-hostmaster.amazon.com",NOERROR,True,cloudfront,"2600:9000:2204:8400:12:f92e:a080:93a1, 2600:9000:2204:9200:12:f92e:a080:93a1, 2600:9000:2204:8000:12:f92e:a080:93a1, 2600:9000:2204:7c00:12:f92e:a080:93a1, 2600:9000:2204:1400:12:f92e:a080:93a1, 2600:9000:2204:4600:12:f92e:a080:93a1, 2600:9000:2204:ce00:12:f92e:a080:93a1, 2600:9000:2204:1000:12:f92e:a080:93a1",,"ns-1514.awsdns-61.org, ns-1975.awsdns-54.co.uk, ns-915.awsdns-50.net, ns-99.awsdns-12.com",,,,
,auth.develop.linktr.ee,"104.16.83.103, 104.16.82.103",test-linktree-cd-drzwyjok0oek2mky.edge.tenants.us.auth0.com,"kara.ns.cloudflare.com, dns.cloudflare.com",NOERROR,True,cloudflare,"2606:4700::6810:5267, 2606:4700::6810:5367",letsencrypt.org,,,,,
,auth.linktr.ee,,d.sni.global.fastly.net,"ns1.fastly.net, hostmaster.fastly.com",NOERROR,True,fastly,,,,,,,
,auth.qa.linktr.ee,"151.101.2.133, 151.101.66.133, 151.101.130.133, 151.101.194.133",d.sni.global.fastly.net,"ns1.fastly.net, hostmaster.fastly.com",NOERROR,True,fastly,,,,,,,
,authiamapi.qa.linktr.ee,"52.88.18.196, 35.166.124.195, 54.70.132.210, 35.81.105.210",,"ns-538.awsdns-03.net, awsdns-hostmaster.amazon.com",NOERROR,,,,,"ns-1100.awsdns-09.org, ns-1870.awsdns-41.co.uk, ns-277.awsdns-34.com, ns-538.awsdns-03.net",,,,
,backstage-testing.platform.linktr.ee,"44.241.50.23, 52.42.175.215",,"ns-109.awsdns-13.com, awsdns-hostmaster.amazon.com",NOERROR,,,,,,,,,
,backstage.platform.linktr.ee,"44.237.157.14, 44.239.110.126",,"ns-109.awsdns-13.com, awsdns-hostmaster.amazon.com",NOERROR,,,,,,,,,
,blog-api.develop.linktr.ee,,,"ns-1458.awsdns-54.org, awsdns-hostmaster.amazon.com",NOERROR,,,,,,,,,
,blog-api.linktr.ee,54.200.146.249,ec2-54-200-146-249.us-west-2.compute.amazonaws.com,"dns-external-master.amazon.com, root.amazon.com",NOERROR,,,,,,,,,
,blog.linktr.ee,151.101.38.133,d.sni.global.fastly.net,"ns1.fastly.net, hostmaster.fastly.com",NOERROR,True,fastly,,,,,,,
,blog.qa.linktr.ee,151.101.46.22,"bloglinktreeqa.gatsbyjs.io, dualstack.eu-na.gatsbyjs.map.fastly.net","ns1.fastly.net, hostmaster.fastly.com",NOERROR,True,fastly,2a04:4e42:b::534,,,,,,
,canva.qa.linktr.ee,"44.241.4.106, 54.218.22.136",,"ns-538.awsdns-03.net, awsdns-hostmaster.amazon.com",NOERROR,,,,,,,,,
,capi.tr.ee,34.216.87.141,,"ns-640.awsdns-16.net, awsdns-hostmaster.amazon.com",NOERROR,,,2600:1f13:6f0:5500:ee4e:e574:5f88:7cfd,,,,,,
,cassia-test.qa.linktr.ee,"44.226.180.68, 44.237.195.79, 44.238.108.202, 44.240.14.170",,"ns-538.awsdns-03.net, awsdns-hostmaster.amazon.com",NOERROR,,,,,,,,,
,cdn.linktr.ee,"13.225.34.39, 13.225.34.70, 13.225.34.73, 13.225.34.118",dei0um7nsjzjw.cloudfront.net,"ns-14.awsdns-01.com, awsdns-hostmaster.amazon.com",NOERROR,True,cloudfront,"2600:9000:225d:6400:17:5460:af00:93a1, 2600:9000:225d:8600:17:5460:af00:93a1, 2600:9000:225d:9c00:17:5460:af00:93a1, 2600:9000:225d:5a00:17:5460:af00:93a1, 2600:9000:225d:a000:17:5460:af00:93a1, 2600:9000:225d:2000:17:5460:af00:93a1, 2600:9000:225d:0:17:5460:af00:93a1, 2600:9000:225d:1200:17:5460:af00:93a1",,"ns-1850.awsdns-39.co.uk, ns-1105.awsdns-10.org, ns-776.awsdns-33.net, ns-14.awsdns-01.com",,,,
,chargebee.qa.linktr.ee,"54.201.56.96, 44.224.239.217",,"ns-538.awsdns-03.net, awsdns-hostmaster.amazon.com",NOERROR,,,,,,,,,
,chargehound.qa.linktr.ee,"34.212.98.78, 44.235.105.140",,"ns-538.awsdns-03.net, awsdns-hostmaster.amazon.com",NOERROR,,,,,,,,,
,clicks.linktr.ee,"108.157.229.101, 108.157.229.73, 108.157.229.36, 108.157.229.122",,"ns-634.awsdns-15.net, awsdns-hostmaster.amazon.com",NOERROR,True,cloudfront,,,,,,,
,cms.linktr.ee,151.101.246.133,d.sni.global.fastly.net,"ns1.fastly.net, hostmaster.fastly.com",NOERROR,True,fastly,,,,,,,
,cms.qa.linktr.ee,146.75.122.133,d.sni.global.fastly.net,"ns1.fastly.net, hostmaster.fastly.com",NOERROR,True,fastly,,,"ns1.fastly.net, ns2.fastly.net, ns3.fastly.net, ns4.fastly.net, ns-1100.awsdns-09.org, ns-1870.awsdns-41.co.uk, ns-277.awsdns-34.com, ns-538.awsdns-03.net",,,,
,community.linktr.ee,"75.2.1.88, 99.83.137.50",domains.bettermode.io,"gail.ns.cloudflare.com, dns.cloudflare.com",NOERROR,,,,,,,,,
,como-review-api.production.linktr.ee,"52.26.90.251, 44.236.241.124, 44.227.32.151, 52.26.54.178",,"ns-1869.awsdns-41.co.uk, awsdns-hostmaster.amazon.com",NOERROR,,,,,,,,,
,como-review-api.qa.linktr.ee,"54.69.17.198, 54.68.130.22, 35.81.91.242, 44.233.8.236",,"ns-538.awsdns-03.net, awsdns-hostmaster.amazon.com",NOERROR,,,,,,,,,
,consent-backend.production.linktr.ee,"44.241.223.41, 52.43.13.43, 35.162.144.22, 52.32.142.204",,"ns-1869.awsdns-41.co.uk, awsdns-hostmaster.amazon.com",NOERROR,,,,,"ns-1106.awsdns-10.org, ns-1869.awsdns-41.co.uk, ns-390.awsdns-48.com, ns-926.awsdns-51.net",,,,
,consent-backend.qa.linktr.ee,"54.213.138.238, 100.20.113.77, 52.43.180.234, 44.241.7.127",,"ns-538.awsdns-03.net, awsdns-hostmaster.amazon.com",NOERROR,,,,,"ns-1100.awsdns-09.org, ns-1870.awsdns-41.co.uk, ns-277.awsdns-34.com, ns-538.awsdns-03.net",,,,
,consent.qa.linktr.ee,"151.101.66.133, 151.101.130.133, 151.101.194.133, 151.101.2.133",d.sni.global.fastly.net,"ns1.fastly.net, hostmaster.fastly.com",NOERROR,True,fastly,,,,,,,
,dev-blog.linktr.ee,"18.66.122.122, 18.66.122.46, 18.66.122.42, 18.66.122.26",d181p9zytn145f.cloudfront.net,"ns-1577.awsdns-05.co.uk, awsdns-hostmaster.amazon.com",NOERROR,True,cloudfront,,,"ns-1271.awsdns-30.org, ns-1577.awsdns-05.co.uk, ns-387.awsdns-48.com, ns-982.awsdns-58.net",,,,
,dev.retool.linktr.ee,"54.71.24.180, 44.234.246.183, 52.35.72.22",,"ns-634.awsdns-15.net, awsdns-hostmaster.amazon.com",NOERROR,,,,,,,,,
,develop.devops.linktr.ee,"143.204.89.23, 143.204.89.30, 143.204.89.51, 143.204.89.114",,"ns-634.awsdns-15.net, awsdns-hostmaster.amazon.com",NOERROR,True,cloudfront,,,,,,,
,develop.ingress.linktr.ee,"65.9.66.43, 65.9.66.39, 65.9.66.93, 65.9.66.123",,"ns-634.awsdns-15.net, awsdns-hostmaster.amazon.com",NOERROR,True,cloudfront,,,,,,,
,develop.linktr.ee,"205.251.193.19, 205.251.195.6, 205.251.197.178, 205.251.199.162",,"ns-1458.awsdns-54.org, awsdns-hostmaster.amazon.com",NOERROR,,,,,"ns-275.awsdns-34.com, ns-774.awsdns-32.net, ns-1458.awsdns-54.org, ns-1954.awsdns-52.co.uk",,,,
,docs.linktr.ee,"104.18.3.117, 104.18.2.117",dfd620be56-hosting.gitbook.io,"dahlia.ns.cloudflare.com, dns.cloudflare.com",NOERROR,True,cloudflare,"2606:4700::6812:275, 2606:4700::6812:375","digicert.com, letsencrypt.org, pki.goog",,,,,
,domains.linktr.ee,,,"ns-634.awsdns-15.net, awsdns-hostmaster.amazon.com",NOERROR,True,cloudfront,,,,,,,
,eco-marketing.qa.linktr.ee,"10.20.218.157, 10.20.152.84",,"ns-538.awsdns-03.net, awsdns-hostmaster.amazon.com",NOERROR,,,,,"ns-1100.awsdns-09.org, ns-1870.awsdns-41.co.uk, ns-277.awsdns-34.com, ns-538.awsdns-03.net",,,True,"10.20.218.157, 10.20.152.84"
,embed.odesli.co,"76.76.21.9, 76.76.21.61",cname.vercel-dns.com,"dns1.p07.nsone.net, hostmaster.nsone.net",NOERROR,,,,"letsencrypt.org, sectigo.com, globalsign.com",,,,,
,embed.song.link,"76.76.21.61, 76.76.21.123",cname.vercel-dns.com,"dns1.p07.nsone.net, hostmaster.nsone.net",NOERROR,,,,"globalsign.com, sectigo.com, letsencrypt.org",,,,,
,embed.staging.odesli.co,"76.76.21.22, 76.76.21.142",cname.vercel-dns.com,"dns1.p07.nsone.net, hostmaster.nsone.net",NOERROR,,,,"letsencrypt.org, sectigo.com, globalsign.com",,,,,
,embed.staging.song.link,"76.76.21.123, 76.76.21.93",cname.vercel-dns.com,"dns1.p07.nsone.net, hostmaster.nsone.net",NOERROR,,,,"letsencrypt.org, globalsign.com, sectigo.com",,,,,
,enrichments.linktr.ee,"13.225.78.109, 13.225.78.77, 13.225.78.44, 13.225.78.126",,"ns-634.awsdns-15.net, awsdns-hostmaster.amazon.com",NOERROR,True,cloudfront,,,,,,,
,fastly-assets.qa.linktr.ee,146.75.118.133,d.sni.global.fastly.net,"ns1.fastly.net, hostmaster.fastly.com",NOERROR,True,fastly,,,,,,,
,fdkey.help.linktr.ee,,,"ns-634.awsdns-15.net, awsdns-hostmaster.amazon.com",NOERROR,,,,,,,142f8407609e93e46567e0b1946b91d3,,
,files.production.linktr.ee,"13.224.103.117, 13.224.103.55, 13.224.103.38, 13.224.103.46",d20m8cz1zj0tp5.cloudfront.net,"ns-538.awsdns-03.net, awsdns-hostmaster.amazon.com",NOERROR,True,cloudfront,"2600:9000:2190:9000:0:ee71:5640:93a1, 2600:9000:2190:e00:0:ee71:5640:93a1, 2600:9000:2190:8600:0:ee71:5640:93a1, 2600:9000:2190:c200:0:ee71:5640:93a1, 2600:9000:2190:e200:0:ee71:5640:93a1, 2600:9000:2190:5e00:0:ee71:5640:93a1, 2600:9000:2190:1c00:0:ee71:5640:93a1, 2600:9000:2190:3800:0:ee71:5640:93a1",,"ns-1087.awsdns-07.org, ns-1550.awsdns-01.co.uk, ns-480.awsdns-60.com, ns-538.awsdns-03.net",,,,
,files.qa.linktr.ee,"52.222.236.87, 52.222.236.97, 52.222.236.14, 52.222.236.7",ded2ljwxrhe1d.cloudfront.net,"ns-1976.awsdns-55.co.uk, awsdns-hostmaster.amazon.com",NOERROR,True,cloudfront,"2600:9000:223e:2a00:12:ff50:1440:93a1, 2600:9000:223e:de00:12:ff50:1440:93a1, 2600:9000:223e:5000:12:ff50:1440:93a1, 2600:9000:223e:ae00:12:ff50:1440:93a1, 2600:9000:223e:7600:12:ff50:1440:93a1, 2600:9000:223e:ea00:12:ff50:1440:93a1, 2600:9000:223e:c600:12:ff50:1440:93a1, 2600:9000:223e:2000:12:ff50:1440:93a1",,"ns-1330.awsdns-38.org, ns-1976.awsdns-55.co.uk, ns-391.awsdns-48.com, ns-808.awsdns-37.net",,,,
,flux.platform.linktr.ee,"35.81.202.56, 100.20.84.177",,"ns-109.awsdns-13.com, awsdns-hostmaster.amazon.com",NOERROR,,,,,,,,,
,forgood.linktr.ee,213.188.193.176,ssl.raisely.com,"dale.ns.cloudflare.com, dns.cloudflare.com",NOERROR,,,2a09:8280:1:9169:525:6faf:8a6f:9ab1,,,,,,
,graph-origin.qa.linktr.ee,"34.210.205.130, 44.241.206.63, 54.69.27.126, 54.203.184.14",,"ns-538.awsdns-03.net, awsdns-hostmaster.amazon.com",NOERROR,,,,,,,,,
,graph.linktr.ee,"151.101.2.133, 151.101.66.133, 151.101.130.133, 151.101.194.133",d.sni.global.fastly.net,"ns1.fastly.net, hostmaster.fastly.com",NOERROR,True,fastly,,,,,,,
,graph.production.linktr.ee,"35.165.1.230, 44.231.0.216, 52.10.200.125, 54.191.12.33",,"ns-1869.awsdns-41.co.uk, awsdns-hostmaster.amazon.com",NOERROR,,,,,,,,,
,graph.qa.linktr.ee,151.101.246.133,d.sni.global.fastly.net,"ns1.fastly.net, hostmaster.fastly.com",NOERROR,True,fastly,,,,,,,
,green.qa.linktr.ee,,d.sni.global.fastly.net,"ns1.fastly.net, hostmaster.fastly.com",NOERROR,True,fastly,,,,,,,
,help.linktr.ee,199.232.18.133,d.sni.global.fastly.net,"ns1.fastly.net, hostmaster.fastly.com",NOERROR,True,fastly,,,,,,,
,help.qa.linktr.ee,151.101.38.133,d.sni.global.fastly.net,"ns1.fastly.net, hostmaster.fastly.com",NOERROR,True,fastly,,,,,,,
,hs.linktr.ee,,,"ns-499.awsdns-62.com, awsdns-hostmaster.amazon.com",NOERROR,,,,,"ns-499.awsdns-62.com, ns-835.awsdns-40.net, ns-1129.awsdns-13.org, ns-1910.awsdns-46.co.uk",,v=spf1 include:7677078.spf10.hubspotemail.net ~all,,
,i.linktr.ee,"18.244.114.34, 18.244.114.37, 18.244.114.84, 18.244.114.116",,"ns-634.awsdns-15.net, awsdns-hostmaster.amazon.com",NOERROR,True,cloudfront,,,,,,,
,identity.linktr.ee,,,"ns-634.awsdns-15.net, awsdns-hostmaster.amazon.com",NOERROR,,,,,,,,,
,ingress.linktr.ee,"52.222.236.84, 52.222.236.63, 52.222.236.55, 52.222.236.89",,"ns-634.awsdns-15.net, awsdns-hostmaster.amazon.com",NOERROR,True,cloudfront,,,,,,,
,integrations-store.linktr.ee,"52.43.161.18, 52.43.96.165, 44.228.55.238",,"ns-634.awsdns-15.net, awsdns-hostmaster.amazon.com",NOERROR,,,,,,,,,
,jobs.linktr.ee,151.101.38.133,d.sni.global.fastly.net,"ns1.fastly.net, hostmaster.fastly.com",NOERROR,True,fastly,,,,,,,
,jobs.qa.linktr.ee,"151.101.2.133, 151.101.66.133, 151.101.130.133, 151.101.194.133",d.sni.global.fastly.net,"ns1.fastly.net, hostmaster.fastly.com",NOERROR,True,fastly,,,,,,,
,link-types-assets.production.linktr.ee,"65.9.66.36, 65.9.66.56, 65.9.66.95, 65.9.66.109",d3tbktocvfyh4n.cloudfront.net,"ns-301.awsdns-37.com, awsdns-hostmaster.amazon.com",NOERROR,True,cloudfront,"2600:9000:206f:6000:0:ea5:8dc0:93a1, 2600:9000:206f:d400:0:ea5:8dc0:93a1, 2600:9000:206f:6800:0:ea5:8dc0:93a1, 2600:9000:206f:7200:0:ea5:8dc0:93a1, 2600:9000:206f:6c00:0:ea5:8dc0:93a1, 2600:9000:206f:3800:0:ea5:8dc0:93a1, 2600:9000:206f:5a00:0:ea5:8dc0:93a1, 2600:9000:206f:f400:0:ea5:8dc0:93a1",,"ns-1475.awsdns-56.org, ns-1665.awsdns-16.co.uk, ns-301.awsdns-37.com, ns-952.awsdns-55.net",,,,
,link-types-assets.qa.linktr.ee,"52.222.214.39, 52.222.214.16, 52.222.214.113, 52.222.214.58",dhr4ycqfltnfk.cloudfront.net,"ns-224.awsdns-28.com, awsdns-hostmaster.amazon.com",NOERROR,True,cloudfront,"2600:9000:223d:6a00:1c:8ce3:3800:93a1, 2600:9000:223d:8a00:1c:8ce3:3800:93a1, 2600:9000:223d:1e00:1c:8ce3:3800:93a1, 2600:9000:223d:8400:1c:8ce3:3800:93a1, 2600:9000:223d:1600:1c:8ce3:3800:93a1, 2600:9000:223d:3000:1c:8ce3:3800:93a1, 2600:9000:223d:9400:1c:8ce3:3800:93a1, 2600:9000:223d:1400:1c:8ce3:3800:93a1",,"ns-894.awsdns-47.net, ns-1534.awsdns-63.org, ns-1589.awsdns-06.co.uk, ns-224.awsdns-28.com",,,,
,link-types-config.production.linktr.ee,"52.222.214.65, 52.222.214.74, 52.222.214.44, 52.222.214.94",dxxguk9ynktc5.cloudfront.net,"ns-1637.awsdns-12.co.uk, awsdns-hostmaster.amazon.com",NOERROR,True,cloudfront,"2600:9000:223d:1800:a:ca28:2140:93a1, 2600:9000:223d:6c00:a:ca28:2140:93a1, 2600:9000:223d:a800:a:ca28:2140:93a1, 2600:9000:223d:9000:a:ca28:2140:93a1, 2600:9000:223d:7400:a:ca28:2140:93a1, 2600:9000:223d:ac00:a:ca28:2140:93a1, 2600:9000:223d:8800:a:ca28:2140:93a1, 2600:9000:223d:7000:a:ca28:2140:93a1",,"ns-1430.awsdns-50.org, ns-1637.awsdns-12.co.uk, ns-685.awsdns-21.net, ns-77.awsdns-09.com",,,,
,link-types-config.qa.linktr.ee,"52.222.174.27, 52.222.174.66, 52.222.174.127, 52.222.174.10",d1bciyn7anmvbz.cloudfront.net,"ns-562.awsdns-06.net, awsdns-hostmaster.amazon.com",NOERROR,True,cloudfront,"2600:9000:218d:e600:7:90d5:c7c0:93a1, 2600:9000:218d:3200:7:90d5:c7c0:93a1, 2600:9000:218d:be00:7:90d5:c7c0:93a1, 2600:9000:218d:c200:7:90d5:c7c0:93a1, 2600:9000:218d:fe00:7:90d5:c7c0:93a1, 2600:9000:218d:2c00:7:90d5:c7c0:93a1, 2600:9000:218d:7000:7:90d5:c7c0:93a1, 2600:9000:218d:400:7:90d5:c7c0:93a1",,"ns-1233.awsdns-26.org, ns-1978.awsdns-55.co.uk, ns-228.awsdns-28.com, ns-562.awsdns-06.net",,,,
,link-types.production.linktr.ee,"44.241.5.26, 52.11.129.229, 100.21.222.241, 44.242.89.63",,"ns-1869.awsdns-41.co.uk, awsdns-hostmaster.amazon.com",NOERROR,,,,,,,,,
,link-types.qa.linktr.ee,"35.82.9.239, 35.164.129.59, 54.203.27.127, 35.164.49.57",,"ns-538.awsdns-03.net, awsdns-hostmaster.amazon.com",NOERROR,,,,,,,,,
,links.linktr.ee,"13.32.145.115, 13.32.145.42, 13.32.145.54, 13.32.145.9",,"ns-634.awsdns-15.net, awsdns-hostmaster.amazon.com",NOERROR,True,cloudfront,,,,,,,
,linktr.ee,"151.101.130.133, 151.101.66.133, 151.101.2.133, 151.101.194.133, 205.251.192.169, 205.251.194.122, 205.251.197.254, 205.251.198.246",,"ns-634.awsdns-15.net, awsdns-hostmaster.amazon.com",NOERROR,True,fastly,,,"ns-169.awsdns-21.com, ns-1782.awsdns-30.co.uk, ns-1534.awsdns-63.org, ns-634.awsdns-15.net","alt4.aspmx.l.google.com, alt2.aspmx.l.google.com, alt1.aspmx.l.google.com, aspmx.l.google.com, alt3.aspmx.l.google.com","status-page-domain-verification=9f1700q799g3, fdkey.help.linktr.ee=142f8407609e93e46567e0b1946b91d3, loom-site-verification=1c1e2086449545d190b57b810de3c741, google-site-verification=ictM7BaxKAXWoNxeAH2qUWzbIWwUZT0krATNluy2hwg, facebook-domain-verification=8ssyxgwhdjg409vl1qwv8tqy6745zy, google-site-verification=BqwBT-jSv9iENaqGfI_gbooYEjs3uUHh-lXpVf8tkJk, google-site-verification=UXMxj6AqSTxScOdw6SIydc621_Ia4XXOvNleGHJr2lA, v=spf1 include:sendgrid.net include:hs.linktr.ee include:_spf.google.com -all, hubspot-domain-verification=MTQzMjVkY2EtZDc5YS00ZmMwLTgzNmMtODJhZWFhNjQ1MTFi, t252Y1nfZvxjX0093cC7cncQHg, google-site-verification=kOPPHJ-SJFt96kuk_bzTm4w7GnTwCRFxWMey9QGPDXA, google-site-verification=JnB4sONl0K7d3wGyRs9an0C0VJFVhhmGSjf5diV790k, dropbox-domain-verification=831j6zm4fvfj, ZOOM_verify_FEdjcGCXQD7LtbPD7NDAPO, notion_verify_LZm1CNzi_RmH#UCV.uR1MvXKsWEG8nebvc}bw+TYMj)mzgrf33H1tUkj*g@r37^#nuKBqT, google-site-verification=QyX9RQZvFrqdOJcVRGzfp_O42mveQbmv70zk22-6aDE, Validity-Domain-Verification=6HrSbK1DTz+C/kYrvt2yxBW93F4=, wiz-domain-verification=993ae6f241de2f53ea30277e8fb8042709252ec68b523cf26181b4cbef0a0a0c, h1-domain-verification=HDHQ9deSLqK9KYahSa9UU559PvrgNBi3T1zdN9Lj8CVoYCV8",,
,linktree-extensions.com,,,"ns-1697.awsdns-20.co.uk, awsdns-hostmaster.amazon.com",NOERROR,,,,,"ns-1697.awsdns-20.co.uk, ns-883.awsdns-46.net, ns-13.awsdns-01.com, ns-1356.awsdns-41.org",,,,
,linktree-web.production.linktr.ee,"18.66.122.99, 18.66.122.100, 18.66.122.94, 18.66.122.20",d2bhf39ya7oetn.cloudfront.net,"ns-640.awsdns-16.net, awsdns-hostmaster.amazon.com",NOERROR,True,cloudfront,"2600:9000:2250:4400:1e:6ba4:2c0:93a1, 2600:9000:2250:de00:1e:6ba4:2c0:93a1, 2600:9000:2250:2e00:1e:6ba4:2c0:93a1, 2600:9000:2250:7200:1e:6ba4:2c0:93a1, 2600:9000:2250:3800:1e:6ba4:2c0:93a1, 2600:9000:2250:6800:1e:6ba4:2c0:93a1, 2600:9000:2250:e400:1e:6ba4:2c0:93a1, 2600:9000:2250:1000:1e:6ba4:2c0:93a1",,"ns-640.awsdns-16.net, ns-1401.awsdns-47.org, ns-1846.awsdns-38.co.uk, ns-358.awsdns-44.com",,,,
,linktree-web.qa.linktr.ee,"52.222.236.118, 52.222.236.5, 52.222.236.36, 52.222.236.96",d3o3k9ten7s8km.cloudfront.net,"ns-1369.awsdns-43.org, awsdns-hostmaster.amazon.com",NOERROR,True,cloudfront,"2600:9000:223e:3000:19:e557:5980:93a1, 2600:9000:223e:9000:19:e557:5980:93a1, 2600:9000:223e:e400:19:e557:5980:93a1, 2600:9000:223e:8800:19:e557:5980:93a1, 2600:9000:223e:3c00:19:e557:5980:93a1, 2600:9000:223e:0:19:e557:5980:93a1, 2600:9000:223e:8e00:19:e557:5980:93a1, 2600:9000:223e:f600:19:e557:5980:93a1",,"ns-1798.awsdns-32.co.uk, ns-1369.awsdns-43.org, ns-1016.awsdns-63.net, ns-474.awsdns-59.com",,,,
,linktree.com,"151.101.130.133, 151.101.194.133, 151.101.2.133, 151.101.66.133",,"ns-697.awsdns-23.net, awsdns-hostmaster.amazon.com",NOERROR,True,fastly,,,"ns-300.awsdns-37.com, ns-697.awsdns-23.net, ns-1468.awsdns-55.org, ns-1912.awsdns-47.co.uk","alt4.aspmx.l.google.com, alt1.aspmx.l.google.com, alt2.aspmx.l.google.com, aspmx.l.google.com, alt3.aspmx.l.google.com",google-site-verification=yF-Xb8Nfeqw0JufdTV7uoJyLY_XSygy6Lyy6dHxTDUM,,
,linktreepublicapi.qa.linktr.ee,"44.227.7.68, 52.10.128.7, 54.184.108.124",,"ns-538.awsdns-03.net, awsdns-hostmaster.amazon.com",NOERROR,,,,,,,,,
,login.odesli.co,"104.18.103.2, 104.18.102.2",odesli-cd-4p1w0v9evlim2hrl.edge.tenants.auth0.com,"kolton.ns.cloudflare.com, dns.cloudflare.com",NOERROR,True,cloudflare,"2606:4700::6812:6602, 2606:4700::6812:6702","digicert.com, letsencrypt.org",,,,,
,login.staging.odesli.co,"104.18.102.2, 104.18.103.2",odesli-staging-cd-h12xba6owtpbhltl.edge.tenants.auth0.com,"kolton.ns.cloudflare.com, dns.cloudflare.com",NOERROR,True,cloudflare,"2606:4700::6812:6702, 2606:4700::6812:6602","letsencrypt.org, digicert.com",,,,,
,lookerbot-s3.production.linktr.ee,"18.66.147.3, 18.66.147.21, 18.66.147.119, 18.66.147.6",dgp51wjxlb06u.cloudfront.net,"ns-96.awsdns-12.com, awsdns-hostmaster.amazon.com",NOERROR,True,cloudfront,"2600:9000:225e:6e00:7:6317:ad80:93a1, 2600:9000:225e:ee00:7:6317:ad80:93a1, 2600:9000:225e:9e00:7:6317:ad80:93a1, 2600:9000:225e:9a00:7:6317:ad80:93a1, 2600:9000:225e:f200:7:6317:ad80:93a1, 2600:9000:225e:5600:7:6317:ad80:93a1, 2600:9000:225e:8000:7:6317:ad80:93a1, 2600:9000:225e:e400:7:6317:ad80:93a1",,"ns-96.awsdns-12.com, ns-823.awsdns-38.net, ns-1073.awsdns-06.org, ns-1947.awsdns-51.co.uk",,,,
,lookerbot.production.linktr.ee,"44.239.125.193, 52.27.238.109, 34.213.68.3, 52.33.159.139",,"ns-1869.awsdns-41.co.uk, awsdns-hostmaster.amazon.com",NOERROR,,,,,,,,,
,ltp.linktr.ee,"151.101.2.133, 151.101.66.133, 151.101.130.133, 151.101.194.133",d.sni.global.fastly.net,"ns1.fastly.net, hostmaster.fastly.com",NOERROR,True,fastly,,,,,,,
,ltp.production.linktr.ee,"108.156.60.13, 108.156.60.96, 108.156.60.55, 108.156.60.16",,"ns-1869.awsdns-41.co.uk, awsdns-hostmaster.amazon.com",NOERROR,True,cloudfront,,,,,,,
,ltp.qa.linktr.ee,"65.9.66.41, 65.9.66.29, 65.9.66.86, 65.9.66.99",,"ns-538.awsdns-03.net, awsdns-hostmaster.amazon.com",NOERROR,True,cloudfront,,,,,,,
,lttransactions.production.linktr.ee,"54.191.133.101, 52.32.233.78, 44.238.144.93, 34.212.159.221",,"ns-1869.awsdns-41.co.uk, awsdns-hostmaster.amazon.com",NOERROR,,,,,,,,,
,lttransactions.qa.linktr.ee,"52.89.176.224, 52.10.72.132, 34.209.199.250, 35.81.50.0",,"ns-538.awsdns-03.net, awsdns-hostmaster.amazon.com",NOERROR,,,,,,,,,
,maestro.production.linktr.ee,"54.186.71.121, 34.213.104.71, 54.71.223.111, 54.188.245.117",,"ns-1869.awsdns-41.co.uk, awsdns-hostmaster.amazon.com",NOERROR,,,,,,,,,
,maestro.qa.linktr.ee,"100.20.107.184, 54.201.102.226, 35.166.20.196, 44.237.84.172",,"ns-538.awsdns-03.net, awsdns-hostmaster.amazon.com",NOERROR,,,,,"ns-1100.awsdns-09.org, ns-1870.awsdns-41.co.uk, ns-277.awsdns-34.com, ns-538.awsdns-03.net",,,,
,marketplace.production.linktr.ee,"44.236.207.23, 54.71.5.120, 52.33.143.98, 52.25.101.221",,"ns-1869.awsdns-41.co.uk, awsdns-hostmaster.amazon.com",NOERROR,,,,,"ns-1106.awsdns-10.org, ns-1869.awsdns-41.co.uk, ns-390.awsdns-48.com, ns-926.awsdns-51.net",,,,
,marketplace.qa.linktr.ee,"34.213.112.68, 52.35.194.7, 44.238.175.74, 52.43.78.64",,"ns-538.awsdns-03.net, awsdns-hostmaster.amazon.com",NOERROR,,,,,,,,,
,metabase.qa.linktr.ee,"52.38.1.198, 100.21.7.146, 44.241.226.178",05755385-default-ingressme-4137-1147723496.us-west-2.elb.amazonaws.com,"ns-332.awsdns-41.com, awsdns-hostmaster.amazon.com",NOERROR,,,,,"ns-1475.awsdns-56.org, ns-1769.awsdns-29.co.uk, ns-332.awsdns-41.com, ns-560.awsdns-06.net",,,,
,mfe-activation-stepper.production.linktr.ee,,d33vsjn2dybkgc.cloudfront.net,"ns-1020.awsdns-63.net, awsdns-hostmaster.amazon.com",NOERROR,True,cloudfront,,,"ns-1291.awsdns-33.org, ns-1983.awsdns-55.co.uk, ns-1020.awsdns-63.net, ns-225.awsdns-28.com",,,,
,mfe-activation-stepper.qa.linktr.ee,"18.66.122.54, 18.66.122.129, 18.66.122.82, 18.66.122.111",dc3efsxnypelx.cloudfront.net,"ns-822.awsdns-38.net, awsdns-hostmaster.amazon.com",NOERROR,True,cloudfront,"2600:9000:2250:dc00:12:d151:d40:93a1, 2600:9000:2250:4000:12:d151:d40:93a1, 2600:9000:2250:2e00:12:d151:d40:93a1, 2600:9000:2250:be00:12:d151:d40:93a1, 2600:9000:2250:e800:12:d151:d40:93a1, 2600:9000:2250:2400:12:d151:d40:93a1, 2600:9000:2250:9800:12:d151:d40:93a1, 2600:9000:2250:4200:12:d151:d40:93a1",,"ns-1820.awsdns-35.co.uk, ns-486.awsdns-60.com, ns-822.awsdns-38.net, ns-1065.awsdns-05.org",,,,
,mfe-appearance.production.linktr.ee,"65.9.66.111, 65.9.66.26, 65.9.66.114, 65.9.66.2",d35spwv1k17b84.cloudfront.net,"ns-1407.awsdns-47.org, awsdns-hostmaster.amazon.com",NOERROR,True,cloudfront,"2600:9000:206f:400:3:e01d:6500:93a1, 2600:9000:206f:c000:3:e01d:6500:93a1, 2600:9000:206f:ac00:3:e01d:6500:93a1, 2600:9000:206f:f000:3:e01d:6500:93a1, 2600:9000:206f:6600:3:e01d:6500:93a1, 2600:9000:206f:3200:3:e01d:6500:93a1, 2600:9000:206f:6a00:3:e01d:6500:93a1, 2600:9000:206f:d200:3:e01d:6500:93a1",,"ns-1762.awsdns-28.co.uk, ns-462.awsdns-57.com, ns-1407.awsdns-47.org, ns-956.awsdns-55.net",,,,
,mfe-appearance.qa.linktr.ee,"108.156.60.90, 108.156.60.68, 108.156.60.7, 108.156.60.111",d3ika94owknhm7.cloudfront.net,"ns-1903.awsdns-45.co.uk, awsdns-hostmaster.amazon.com",NOERROR,True,cloudfront,"2600:9000:2394:cc00:1a:e53:3bc0:93a1, 2600:9000:2394:3000:1a:e53:3bc0:93a1, 2600:9000:2394:1600:1a:e53:3bc0:93a1, 2600:9000:2394:ee00:1a:e53:3bc0:93a1, 2600:9000:2394:7000:1a:e53:3bc0:93a1, 2600:9000:2394:6800:1a:e53:3bc0:93a1, 2600:9000:2394:5c00:1a:e53:3bc0:93a1, 2600:9000:2394:f800:1a:e53:3bc0:93a1",,"ns-727.awsdns-26.net, ns-1425.awsdns-50.org, ns-1903.awsdns-45.co.uk, ns-304.awsdns-38.com",,,,
,mfe-billing.production.linktr.ee,"13.225.78.21, 13.225.78.47, 13.225.78.86, 13.225.78.26",d5g3ni5390mgy.cloudfront.net,"ns-366.awsdns-45.com, awsdns-hostmaster.amazon.com",NOERROR,True,cloudfront,"2600:9000:21f3:8000:15:a575:b080:93a1, 2600:9000:21f3:600:15:a575:b080:93a1, 2600:9000:21f3:7e00:15:a575:b080:93a1, 2600:9000:21f3:c400:15:a575:b080:93a1, 2600:9000:21f3:d000:15:a575:b080:93a1, 2600:9000:21f3:5600:15:a575:b080:93a1, 2600:9000:21f3:8800:15:a575:b080:93a1, 2600:9000:21f3:1200:15:a575:b080:93a1",,"ns-1212.awsdns-23.org, ns-1740.awsdns-25.co.uk, ns-366.awsdns-45.com, ns-717.awsdns-25.net",,,,
,mfe-billing.qa.linktr.ee,"108.157.229.25, 108.157.229.105, 108.157.229.95, 108.157.229.78",d1eyons9ve4m2f.cloudfront.net,"ns-364.awsdns-45.com, awsdns-hostmaster.amazon.com",NOERROR,True,cloudfront,"2600:9000:2395:a800:0:60:adc0:93a1, 2600:9000:2395:2400:0:60:adc0:93a1, 2600:9000:2395:c600:0:60:adc0:93a1, 2600:9000:2395:3200:0:60:adc0:93a1, 2600:9000:2395:a400:0:60:adc0:93a1, 2600:9000:2395:1000:0:60:adc0:93a1, 2600:9000:2395:f200:0:60:adc0:93a1, 2600:9000:2395:c800:0:60:adc0:93a1",,"ns-1833.awsdns-37.co.uk, ns-364.awsdns-45.com, ns-690.awsdns-22.net, ns-1332.awsdns-38.org",,,,
,mfe-fep-h-poc.qa.linktr.ee,"18.165.98.68, 18.165.98.111, 18.165.98.37, 18.165.98.39, 205.251.192.69, 205.251.194.27, 205.251.196.26, 205.251.198.75",d1uqimc7v004t5.cloudfront.net,"ns-1611.awsdns-09.co.uk, awsdns-hostmaster.amazon.com",NOERROR,True,cloudfront,"2600:9000:24f5:c00:c:a719:1640:93a1, 2600:9000:24f5:7e00:c:a719:1640:93a1, 2600:9000:24f5:2200:c:a719:1640:93a1, 2600:9000:24f5:4e00:c:a719:1640:93a1, 2600:9000:24f5:a00:c:a719:1640:93a1, 2600:9000:24f5:8000:c:a719:1640:93a1, 2600:9000:24f5:a800:c:a719:1640:93a1, 2600:9000:24f5:1200:c:a719:1640:93a1",,"ns-1050.awsdns-03.org, ns-69.awsdns-08.com, ns-539.awsdns-03.net, ns-1611.awsdns-09.co.uk",,,,
,mfe-geotarget.qa.linktr.ee,"99.84.208.46, 99.84.208.5, 99.84.208.36, 99.84.208.55, 205.251.192.205, 205.251.194.178, 205.251.196.100, 205.251.199.182",dufowbzesi7xq.cloudfront.net,"ns-690.awsdns-22.net, awsdns-hostmaster.amazon.com",NOERROR,True,cloudfront,"2600:9000:2199:4c00:7:3adf:2b80:93a1, 2600:9000:2199:600:7:3adf:2b80:93a1, 2600:9000:2199:ea00:7:3adf:2b80:93a1, 2600:9000:2199:7c00:7:3adf:2b80:93a1, 2600:9000:2199:400:7:3adf:2b80:93a1, 2600:9000:2199:a600:7:3adf:2b80:93a1, 2600:9000:2199:b400:7:3adf:2b80:93a1, 2600:9000:2199:f600:7:3adf:2b80:93a1",,"ns-690.awsdns-22.net, ns-1974.awsdns-54.co.uk, ns-205.awsdns-25.com, ns-1124.awsdns-12.org",,,,
,mfe-onboarding.production.linktr.ee,"52.222.139.99, 52.222.139.100, 52.222.139.114, 52.222.139.53",d2f181javodar7.cloudfront.net,"ns-448.awsdns-56.com, awsdns-hostmaster.amazon.com",NOERROR,True,cloudfront,"2600:9000:2204:aa00:1:d432:ecc0:93a1, 2600:9000:2204:7000:1:d432:ecc0:93a1, 2600:9000:2204:2000:1:d432:ecc0:93a1, 2600:9000:2204:8200:1:d432:ecc0:93a1, 2600:9000:2204:8000:1:d432:ecc0:93a1, 2600:9000:2204:8c00:1:d432:ecc0:93a1, 2600:9000:2204:5c00:1:d432:ecc0:93a1, 2600:9000:2204:ac00:1:d432:ecc0:93a1",,"ns-1042.awsdns-02.org, ns-1996.awsdns-57.co.uk, ns-448.awsdns-56.com, ns-551.awsdns-04.net",,,,
,mfe-onboarding.qa.linktr.ee,"18.155.129.38, 18.155.129.89, 18.155.129.72, 18.155.129.18",d3og03gsp1ovhh.cloudfront.net,"ns-1598.awsdns-07.co.uk, awsdns-hostmaster.amazon.com",NOERROR,True,cloudfront,"2600:9000:244f:a000:12:3486:9940:93a1, 2600:9000:244f:800:12:3486:9940:93a1, 2600:9000:244f:4a00:12:3486:9940:93a1, 2600:9000:244f:a600:12:3486:9940:93a1, 2600:9000:244f:ca00:12:3486:9940:93a1, 2600:9000:244f:fc00:12:3486:9940:93a1, 2600:9000:244f:4e00:12:3486:9940:93a1, 2600:9000:244f:3600:12:3486:9940:93a1",,"ns-1395.awsdns-46.org, ns-1598.awsdns-07.co.uk, ns-497.awsdns-62.com, ns-769.awsdns-32.net",,,,
,monolith-ecs-prod-2022-canary.linktr.ee,"35.82.5.143, 54.190.125.146, 35.163.16.7",,"ns-634.awsdns-15.net, awsdns-hostmaster.amazon.com",NOERROR,,,,,,,,,
,monolith-ecs-prod-2022-mysql8.linktr.ee,"52.25.226.149, 54.187.35.89, 34.215.136.43",,"ns-634.awsdns-15.net, awsdns-hostmaster.amazon.com",NOERROR,,,,,,,,,
,monolith-ecs-qa-2022-mysql8.linktr.ee,"54.70.235.104, 34.215.211.202, 34.211.181.40",,"ns-634.awsdns-15.net, awsdns-hostmaster.amazon.com",NOERROR,,,,,,,,,
,monolith-qa-alpha.linktr.ee,"35.83.57.1, 54.68.155.249, 44.226.23.138",,"ns-634.awsdns-15.net, awsdns-hostmaster.amazon.com",NOERROR,,,,,,,,,
,monolith-qa-bravo.linktr.ee,"44.239.129.210, 34.211.201.21, 34.215.219.38",,"ns-634.awsdns-15.net, awsdns-hostmaster.amazon.com",NOERROR,,,,,"ns-1534.awsdns-63.org, ns-169.awsdns-21.com, ns-1782.awsdns-30.co.uk, ns-634.awsdns-15.net",,,,
,monolith-qa-charlie.linktr.ee,"54.218.188.35, 100.20.137.63, 52.35.111.61",,"ns-634.awsdns-15.net, awsdns-hostmaster.amazon.com",NOERROR,,,,,,,,,
,monolith-qa-core-apps.linktr.ee,"35.161.56.140, 52.27.255.238, 34.211.243.149",,"ns-634.awsdns-15.net, awsdns-hostmaster.amazon.com",NOERROR,,,,,,,,,
,monolith-qa-delta.linktr.ee,"52.42.71.251, 44.231.222.99, 44.231.0.33",,"ns-634.awsdns-15.net, awsdns-hostmaster.amazon.com",NOERROR,,,,,,,,,
,monolith-qa-echo.linktr.ee,"52.26.68.246, 52.41.199.98, 52.32.181.152",,"ns-634.awsdns-15.net, awsdns-hostmaster.amazon.com",NOERROR,,,,,"ns-1534.awsdns-63.org, ns-169.awsdns-21.com, ns-1782.awsdns-30.co.uk, ns-634.awsdns-15.net",,,,
,monolith-qa-foxtrot.linktr.ee,"52.34.182.197, 52.25.195.228, 34.214.199.211",,"ns-634.awsdns-15.net, awsdns-hostmaster.amazon.com",NOERROR,,,,,"ns-1534.awsdns-63.org, ns-169.awsdns-21.com, ns-1782.awsdns-30.co.uk, ns-634.awsdns-15.net",,,,
,monolith-qa-golf.linktr.ee,"34.211.171.13, 44.241.240.38, 54.68.40.42",,"ns-634.awsdns-15.net, awsdns-hostmaster.amazon.com",NOERROR,,,,,,,,,
,monolith-qa-hotel.linktr.ee,"52.10.150.214, 34.210.129.188, 44.238.180.125",,"ns-634.awsdns-15.net, awsdns-hostmaster.amazon.com",NOERROR,,,,,,,,,
,monolith-qa-india.linktr.ee,,,"ns-634.awsdns-15.net, awsdns-hostmaster.amazon.com",NOERROR,,,,,,,,,
,monolith-qa-juliett.linktr.ee,"52.89.53.104, 52.25.12.255, 44.237.247.254",,"ns-634.awsdns-15.net, awsdns-hostmaster.amazon.com",NOERROR,,,,,,,,,
,monolith-qa-kilo.linktr.ee,"44.239.248.78, 44.241.161.214, 44.240.141.58",,"ns-634.awsdns-15.net, awsdns-hostmaster.amazon.com",NOERROR,,,,,,,,,
,monolith-qa-november.linktr.ee,"34.210.163.136, 54.70.2.32, 54.149.97.84",,"ns-634.awsdns-15.net, awsdns-hostmaster.amazon.com",NOERROR,,,,,,,,,
,monolith-qa-oscar.linktr.ee,"44.237.226.190, 44.238.198.0, 44.234.210.14",,"ns-634.awsdns-15.net, awsdns-hostmaster.amazon.com",NOERROR,,,,,,,,,
,monolith.qa.linktr.ee,"18.236.11.121, 44.238.239.212, 35.164.171.168",qa-linktree-application-383080389.us-west-2.elb.amazonaws.com,"ns-332.awsdns-41.com, awsdns-hostmaster.amazon.com",NOERROR,,,,,,,,,
,mylink.page,76.76.21.21,,"ns-1774.awsdns-29.co.uk, awsdns-hostmaster.amazon.com",NOERROR,,,,,"ns-1465.awsdns-55.org, ns-1774.awsdns-29.co.uk, ns-325.awsdns-40.com, ns-539.awsdns-03.net",,"facebook-domain-verification=fbjry7z3a96enfj5wu2i3i69btrwe0, google-site-verification=hsq_xcE9S3Txgkvr5WMYdlP2vswt0T80hCNmYf5uqIw",,
,newsletter.linktr.ee,,,"ns-634.awsdns-15.net, awsdns-hostmaster.amazon.com",NOERROR,True,cloudfront,,,,,,,
,notification-manager.production.linktr.ee,"13.32.99.79, 13.32.99.105, 13.32.99.65, 13.32.99.117",d7r0d9jb0lxa2.cloudfront.net,"ns-332.awsdns-41.com, awsdns-hostmaster.amazon.com",NOERROR,True,cloudfront,"2600:9000:2251:3a00:7:5c05:ee80:93a1, 2600:9000:2251:3800:7:5c05:ee80:93a1, 2600:9000:2251:a400:7:5c05:ee80:93a1, 2600:9000:2251:f200:7:5c05:ee80:93a1, 2600:9000:2251:e600:7:5c05:ee80:93a1, 2600:9000:2251:d000:7:5c05:ee80:93a1, 2600:9000:2251:7800:7:5c05:ee80:93a1, 2600:9000:2251:4e00:7:5c05:ee80:93a1",,"ns-332.awsdns-41.com, ns-911.awsdns-49.net, ns-1437.awsdns-51.org, ns-1617.awsdns-10.co.uk",,,,
,notification-manager.qa.linktr.ee,"13.32.208.35, 13.32.208.91, 13.32.208.55, 13.32.208.47",d148r8riaicerw.cloudfront.net,"ns-279.awsdns-34.com, awsdns-hostmaster.amazon.com",NOERROR,True,cloudfront,,,,,,,
,notifications.linktr.ee,146.75.122.133,d.sni.global.fastly.net,"ns1.fastly.net, hostmaster.fastly.com",NOERROR,True,fastly,,,"ns1.fastly.net, ns2.fastly.net, ns3.fastly.net, ns4.fastly.net",,,,
,notifications.production.linktr.ee,"13.227.219.35, 13.227.219.47, 13.227.219.12, 13.227.219.65",d30oq488bqbbf4.cloudfront.net,"ns-290.awsdns-36.com, awsdns-hostmaster.amazon.com",NOERROR,True,cloudfront,"2600:9000:21c7:8800:3:977d:2400:93a1, 2600:9000:21c7:dc00:3:977d:2400:93a1, 2600:9000:21c7:3e00:3:977d:2400:93a1, 2600:9000:21c7:c200:3:977d:2400:93a1, 2600:9000:21c7:8400:3:977d:2400:93a1, 2600:9000:21c7:6800:3:977d:2400:93a1, 2600:9000:21c7:3600:3:977d:2400:93a1, 2600:9000:21c7:7400:3:977d:2400:93a1",,"ns-290.awsdns-36.com, ns-894.awsdns-47.net, ns-1030.awsdns-00.org, ns-1659.awsdns-15.co.uk",,,,
,notifications.qa.linktr.ee,146.75.122.133,d.sni.global.fastly.net,"ns1.fastly.net, hostmaster.fastly.com",NOERROR,True,fastly,,,"ns1.fastly.net, ns2.fastly.net, ns3.fastly.net, ns4.fastly.net",,,,
,o1.sg.linktr.ee,149.72.162.249,,"ns-1918.awsdns-47.co.uk, awsdns-hostmaster.amazon.com",NOERROR,,,,,,,,,
,o2.sg.linktr.ee,149.72.220.2,,"ns-1918.awsdns-47.co.uk, awsdns-hostmaster.amazon.com",NOERROR,,,,,,,,,
,o3319.abmail.ae.linktr.ee,149.72.171.137,,"ns-634.awsdns-15.net, awsdns-hostmaster.amazon.com",NOERROR,,,,,,,,,
,o6.sg.linktr.ee,192.254.125.229,,"ns-1918.awsdns-47.co.uk, awsdns-hostmaster.amazon.com",NOERROR,,,,,,,,,
,o7.sg.linktr.ee,149.72.21.51,,"ns-1918.awsdns-47.co.uk, awsdns-hostmaster.amazon.com",NOERROR,,,,,,,,,
,odesli.co,76.76.21.21,,"ns-1849.awsdns-39.co.uk, awsdns-hostmaster.amazon.com",NOERROR,,,,,"ns-1130.awsdns-13.org, ns-116.awsdns-14.com, ns-1849.awsdns-39.co.uk, ns-648.awsdns-17.net","aspmx.l.google.com, aspmx2.googlemail.com, aspmx3.googlemail.com, alt1.aspmx.l.google.com, alt2.aspmx.l.google.com","facebook-domain-verification=rlzkltimydt8lquz12l4qbndt22d9z, google-site-verification=fQS4uE5f8bLvePz3svF6hjIQHi-2CeQ6OYVK7Zx1hL4, stripe-verification=df15ea355cb7a5dfee46b4f232d8eb39bcf5789e1f7fc92955b4fbcbbb1c9be4, v=spf1 include:sendgrid.net -all",,
,odesli.com,,,"ns-586.awsdns-09.net, awsdns-hostmaster.amazon.com",NOERROR,,,,,"ns-1735.awsdns-24.co.uk, ns-1350.awsdns-40.org, ns-354.awsdns-44.com, ns-586.awsdns-09.net",,,,
,onboarding.platform.linktr.ee,"35.155.57.110, 52.36.14.132",,"ns-109.awsdns-13.com, awsdns-hostmaster.amazon.com",NOERROR,,,,,,,,,
,passionfund.linktr.ee,"151.101.130.133, 151.101.66.133, 151.101.194.133, 151.101.2.133",linktr.ee,"ns-634.awsdns-15.net, awsdns-hostmaster.amazon.com",NOERROR,True,fastly,,,"ns-634.awsdns-15.net, ns-1534.awsdns-63.org, ns-169.awsdns-21.com, ns-1782.awsdns-30.co.uk","alt2.aspmx.l.google.com, aspmx.l.google.com, alt3.aspmx.l.google.com, alt4.aspmx.l.google.com, alt1.aspmx.l.google.com","Validity-Domain-Verification=6HrSbK1DTz+C/kYrvt2yxBW93F4=, ZOOM_verify_FEdjcGCXQD7LtbPD7NDAPO, dropbox-domain-verification=831j6zm4fvfj, facebook-domain-verification=8ssyxgwhdjg409vl1qwv8tqy6745zy, fdkey.help.linktr.ee=142f8407609e93e46567e0b1946b91d3, google-site-verification=BqwBT-jSv9iENaqGfI_gbooYEjs3uUHh-lXpVf8tkJk, google-site-verification=JnB4sONl0K7d3wGyRs9an0C0VJFVhhmGSjf5diV790k, google-site-verification=QyX9RQZvFrqdOJcVRGzfp_O42mveQbmv70zk22-6aDE, google-site-verification=UXMxj6AqSTxScOdw6SIydc621_Ia4XXOvNleGHJr2lA, google-site-verification=ictM7BaxKAXWoNxeAH2qUWzbIWwUZT0krATNluy2hwg, google-site-verification=kOPPHJ-SJFt96kuk_bzTm4w7GnTwCRFxWMey9QGPDXA, h1-domain-verification=HDHQ9deSLqK9KYahSa9UU559PvrgNBi3T1zdN9Lj8CVoYCV8, hubspot-domain-verification=MTQzMjVkY2EtZDc5YS00ZmMwLTgzNmMtODJhZWFhNjQ1MTFi, loom-site-verification=1c1e2086449545d190b57b810de3c741, notion_verify_LZm1CNzi_RmH#UCV.uR1MvXKsWEG8nebvc}bw+TYMj)mzgrf33H1tUkj*g@r37^#nuKBqT, status-page-domain-verification=9f1700q799g3, t252Y1nfZvxjX0093cC7cncQHg, v=spf1 include:sendgrid.net include:hs.linktr.ee include:_spf.google.com -all, wiz-domain-verification=993ae6f241de2f53ea30277e8fb8042709252ec68b523cf26181b4cbef0a0a0c",,
,payments.linktr.ee,"44.234.13.146, 54.191.95.119",,"ns-634.awsdns-15.net, awsdns-hostmaster.amazon.com",NOERROR,,,,,,,,,
,paypal-payments.linktr.ee,"54.212.120.133, 54.245.138.85",,"ns-634.awsdns-15.net, awsdns-hostmaster.amazon.com",NOERROR,,,,,,,,,
,playlist.link,76.76.21.21,,"ns-669.awsdns-19.net, awsdns-hostmaster.amazon.com",NOERROR,,,,,"ns-1215.awsdns-23.org, ns-1714.awsdns-22.co.uk, ns-385.awsdns-48.com, ns-669.awsdns-19.net",,"facebook-domain-verification=wijs8h3rg2xl8shki4lwiymkpo9yfa, google-site-verification=3U0zJCtyJMDs-YsIP-xbhb6qfhFiAURVBHZLepS3E0k",,
,pods.link,76.76.21.21,,"ns-979.awsdns-58.net, awsdns-hostmaster.amazon.com",NOERROR,,,,,"ns-979.awsdns-58.net, ns-1808.awsdns-34.co.uk, ns-208.awsdns-26.com, ns-1174.awsdns-18.org",,"facebook-domain-verification=98rlvfn4r4mjowoojtcbmstmz2fszv, google-site-verification=xgFLi7qK8ZZjThNgoC7tk_1yIZ-JJguhEIZXipYVqlg",,
,production.ecs.profiles.linktr.ee,"54.191.105.25, 44.242.59.51, 44.240.226.17",,"ns-634.awsdns-15.net, awsdns-hostmaster.amazon.com",NOERROR,,,,,,,,,
,profiles-api.production.linktr.ee,"34.214.130.84, 44.239.247.60, 54.148.98.7, 54.187.51.195",,"ns-1869.awsdns-41.co.uk, awsdns-hostmaster.amazon.com",NOERROR,,,,,,,,,
,profiles-api.qa.linktr.ee,"35.82.157.137, 54.244.29.125, 35.160.48.69, 54.189.100.235",,"ns-538.awsdns-03.net, awsdns-hostmaster.amazon.com",NOERROR,,,,,,,,,
,profiles-finder.production.linktr.ee,"100.21.87.123, 44.241.85.160, 52.26.194.226, 44.236.19.173",,"ns-1869.awsdns-41.co.uk, awsdns-hostmaster.amazon.com",NOERROR,,,,,,,,,
,profiles-finder.qa.linktr.ee,"44.240.232.44, 44.239.236.254, 35.162.243.143, 52.27.80.80",,"ns-538.awsdns-03.net, awsdns-hostmaster.amazon.com",NOERROR,,,,,,,,,
,profiles-sitemp.production.linktr.ee,"13.32.99.68, 13.32.99.93, 13.32.99.129, 13.32.99.64",d1l0vzgztxixs5.cloudfront.net,"ns-1727.awsdns-23.co.uk, awsdns-hostmaster.amazon.com",NOERROR,True,cloudfront,"2600:9000:2251:5000:12:1880:2140:93a1, 2600:9000:2251:7200:12:1880:2140:93a1, 2600:9000:2251:7a00:12:1880:2140:93a1, 2600:9000:2251:a000:12:1880:2140:93a1, 2600:9000:2251:be00:12:1880:2140:93a1, 2600:9000:2251:d000:12:1880:2140:93a1, 2600:9000:2251:e800:12:1880:2140:93a1, 2600:9000:2251:1800:12:1880:2140:93a1",,"ns-262.awsdns-32.com, ns-908.awsdns-49.net, ns-1112.awsdns-11.org, ns-1727.awsdns-23.co.uk",,,,
,profiles-sitemp.qa.linktr.ee,"65.9.55.68, 65.9.55.108, 65.9.55.36, 65.9.55.5",dr4reduhvwlnj.cloudfront.net,"ns-1351.awsdns-40.org, awsdns-hostmaster.amazon.com",NOERROR,True,cloudfront,"2600:9000:20fc:5a00:10:df6e:27c0:93a1, 2600:9000:20fc:3c00:10:df6e:27c0:93a1, 2600:9000:20fc:f400:10:df6e:27c0:93a1, 2600:9000:20fc:200:10:df6e:27c0:93a1, 2600:9000:20fc:ac00:10:df6e:27c0:93a1, 2600:9000:20fc:1a00:10:df6e:27c0:93a1, 2600:9000:20fc:8e00:10:df6e:27c0:93a1, 2600:9000:20fc:1800:10:df6e:27c0:93a1",,"ns-1661.awsdns-15.co.uk, ns-483.awsdns-60.com, ns-890.awsdns-47.net, ns-1351.awsdns-40.org",,,,
,profiles.production.linktr.ee,"44.240.226.17, 54.191.105.25, 44.242.59.51",production.ecs.profiles.linktr.ee,"ns-634.awsdns-15.net, awsdns-hostmaster.amazon.com",NOERROR,,,,,,,,,
,profiles.qa.linktr.ee,"52.11.224.33, 34.212.7.32, 34.208.185.51",qa.ecs.profiles.linktr.ee,"ns-634.awsdns-15.net, awsdns-hostmaster.amazon.com",NOERROR,,,,,,,,,
,publicapi.production.linktr.ee,"44.235.233.28, 54.186.244.7, 54.149.116.85",,"ns-1869.awsdns-41.co.uk, awsdns-hostmaster.amazon.com",NOERROR,,,,,,,,,
,publicapi.qa.linktr.ee,"52.36.160.61, 44.240.120.62, 44.232.199.202",,"ns-538.awsdns-03.net, awsdns-hostmaster.amazon.com",NOERROR,,,,,,,,,
,qa.analytics.linktr.ee,"18.66.248.121, 18.66.248.56, 18.66.248.27, 18.66.248.32",,"ns-634.awsdns-15.net, awsdns-hostmaster.amazon.com",NOERROR,True,cloudfront,,,,,,,
,qa.arnie.linktr.ee,"108.157.4.90, 108.157.4.32, 108.157.4.81, 108.157.4.113",,"ns-634.awsdns-15.net, awsdns-hostmaster.amazon.com",NOERROR,True,cloudfront,,,,,,,
,qa.blog.linktr.ee,151.101.46.133,d.sni.global.fastly.net,"ns1.fastly.net, hostmaster.fastly.com",NOERROR,True,fastly,,,,,,,
,qa.domains.linktr.ee,"18.154.63.53, 18.154.63.90, 18.154.63.110, 18.154.63.34",,"ns-634.awsdns-15.net, awsdns-hostmaster.amazon.com",NOERROR,True,cloudfront,,,,,,,
,qa.ecs.profiles.linktr.ee,"34.212.7.32, 34.208.185.51, 52.11.224.33",,"ns-634.awsdns-15.net, awsdns-hostmaster.amazon.com",NOERROR,,,,,,,,,
,qa.enrichments.linktr.ee,"143.204.89.107, 143.204.89.70, 143.204.89.94, 143.204.89.77",,"ns-634.awsdns-15.net, awsdns-hostmaster.amazon.com",NOERROR,True,cloudfront,,,,,,,
,qa.i.linktr.ee,"18.155.129.69, 18.155.129.57, 18.155.129.54, 18.155.129.34",,"ns-634.awsdns-15.net, awsdns-hostmaster.amazon.com",NOERROR,True,cloudfront,,,"ns-1534.awsdns-63.org, ns-169.awsdns-21.com, ns-1782.awsdns-30.co.uk, ns-634.awsdns-15.net",,,,
,qa.identity.linktr.ee,,,"ns-634.awsdns-15.net, awsdns-hostmaster.amazon.com",NOERROR,,,,,,,,,
,qa.ingress-unsafe.linktr.ee,"13.227.219.52, 13.227.219.5, 13.227.219.23, 13.227.219.39",,"ns-634.awsdns-15.net, awsdns-hostmaster.amazon.com",NOERROR,True,cloudfront,,,,,,,
,qa.ingress.linktr.ee,"65.9.55.41, 65.9.55.61, 65.9.55.117, 65.9.55.123",,"ns-634.awsdns-15.net, awsdns-hostmaster.amazon.com",NOERROR,True,cloudfront,,,,,,,
,qa.links.linktr.ee,"18.66.97.43, 18.66.97.123, 18.66.97.122, 18.66.97.115",,"ns-634.awsdns-15.net, awsdns-hostmaster.amazon.com",NOERROR,True,cloudfront,,,,,,,
,qa.linktr.ee,"151.101.130.133, 151.101.66.133, 151.101.2.133, 151.101.194.133",,"ns-538.awsdns-03.net, awsdns-hostmaster.amazon.com",NOERROR,True,fastly,,,"ns-1870.awsdns-41.co.uk, ns-1100.awsdns-09.org, ns-538.awsdns-03.net, ns-277.awsdns-34.com",,google-site-verification=PeGeYP_ah-jzgcXPx0C5Pa4N_YyIcwGs7Y_-xyvp55A,,
,qa.linktree.com,"151.101.2.133, 151.101.66.133, 151.101.130.133, 151.101.194.133",,"ns-697.awsdns-23.net, awsdns-hostmaster.amazon.com",NOERROR,True,fastly,,,,,,,
,qa.newsletter.linktr.ee,"13.32.27.115, 13.32.27.13, 13.32.27.60, 13.32.27.91",,"ns-634.awsdns-15.net, awsdns-hostmaster.amazon.com",NOERROR,True,cloudfront,,,,,,,
,qa.payments.linktr.ee,"52.10.248.177, 52.35.242.207",,"ns-634.awsdns-15.net, awsdns-hostmaster.amazon.com",NOERROR,,,,,,,,,
,qa.shopify-integrations.linktr.ee,"52.12.61.144, 44.239.67.163",,"ns-634.awsdns-15.net, awsdns-hostmaster.amazon.com",NOERROR,,,,,,,,,
,qa.shopify-store.linktr.ee,"35.163.187.77, 44.234.197.3, 54.218.149.219",,"ns-634.awsdns-15.net, awsdns-hostmaster.amazon.com",NOERROR,,,,,,,,,
,qa.users.linktr.ee,"13.224.189.12, 13.224.189.48, 13.224.189.59, 13.224.189.19",,"ns-634.awsdns-15.net, awsdns-hostmaster.amazon.com",NOERROR,True,cloudfront,,,,,,,
,qa.validator.linktr.ee,"13.32.27.113, 13.32.27.64, 13.32.27.92, 13.32.27.94",,"ns-634.awsdns-15.net, awsdns-hostmaster.amazon.com",NOERROR,True,cloudfront,,,,,,,
,rancher.song.link,,,,NOERROR,,,,,,,,,
,redirect.qa.tr.ee,"34.215.127.145, 52.10.26.171",,"ns-831.awsdns-39.net, awsdns-hostmaster.amazon.com",NOERROR,,,,,,,,,
,redirect.tr.ee,"54.244.20.219, 34.212.104.223",,"ns-640.awsdns-16.net, awsdns-hostmaster.amazon.com",NOERROR,,,,,,,,,
,revenue-cat-filter.qa.linktr.ee,"35.167.12.229, 52.25.32.233",,"ns-538.awsdns-03.net, awsdns-hostmaster.amazon.com",NOERROR,,,,,,,,,
,revenue-cat.production.linktr.ee,"54.244.26.90, 44.240.166.148",,"ns-1869.awsdns-41.co.uk, awsdns-hostmaster.amazon.com",NOERROR,,,,,,,,,
,safer-graph.production.linktr.ee,"44.242.127.49, 34.215.26.229, 52.13.210.208",,"ns-1869.awsdns-41.co.uk, awsdns-hostmaster.amazon.com",NOERROR,,,,,,,,,
,saturn.production.linktr.ee,"35.166.201.184, 54.187.86.99, 44.241.164.41",,"ns-1869.awsdns-41.co.uk, awsdns-hostmaster.amazon.com",NOERROR,,,,,,,,,
,saturn.qa.linktr.ee,"34.208.242.70, 52.35.212.26, 52.24.21.219",,"ns-538.awsdns-03.net, awsdns-hostmaster.amazon.com",NOERROR,,,,,,,,,
,scim-1password.platform.linktr.ee,34.129.123.220,,"ns-109.awsdns-13.com, awsdns-hostmaster.amazon.com",NOERROR,True,google,,,,,,,
,shopify-integrations.linktr.ee,"54.68.175.210, 34.214.83.239",,"ns-634.awsdns-15.net, awsdns-hostmaster.amazon.com",NOERROR,,,,,,,,,
,shopify-store.linktr.ee,"44.228.55.238, 52.43.96.165, 52.43.161.18",,"ns-634.awsdns-15.net, awsdns-hostmaster.amazon.com",NOERROR,,,,,,,,,
,simulacron.production.linktr.ee,,,"ns-1869.awsdns-41.co.uk, awsdns-hostmaster.amazon.com",NOERROR,,,,,,,,,
,simulacron.qa.linktr.ee,"35.83.5.41, 34.208.255.90, 44.240.59.155, 52.32.85.15",,"ns-538.awsdns-03.net, awsdns-hostmaster.amazon.com",NOERROR,,,,,,,,,
,song.link,76.76.21.21,,"ns-566.awsdns-06.net, awsdns-hostmaster.amazon.com",NOERROR,,,,,"ns-119.awsdns-14.com, ns-1742.awsdns-25.co.uk, ns-566.awsdns-06.net, ns-1136.awsdns-14.org","aspmx.l.google.com, alt3.aspmx.l.google.com, alt2.aspmx.l.google.com, alt1.aspmx.l.google.com, alt4.aspmx.l.google.com","google-site-verification=U_fvRrXtQviTTx1SJGqZwKvzctfsAPJYfBQzLpmrRHI, facebook-domain-verification=9ku2f47xyz4o6vstmobe7ho547wx5e",,
,songlink.io,"76.76.21.21, 205.251.192.184, 205.251.194.104, 205.251.196.51, 205.251.199.6",,"ns-616.awsdns-13.net, awsdns-hostmaster.amazon.com",NOERROR,,,,,"ns-1798.awsdns-32.co.uk, ns-184.awsdns-23.com, ns-616.awsdns-13.net, ns-1075.awsdns-06.org","alt3.aspmx.l.google.com, alt2.aspmx.l.google.com, alt4.aspmx.l.google.com, alt1.aspmx.l.google.com, aspmx.l.google.com",google-site-verification=UMV2H6AhZaiGzkjv_lsb2BU4XGhNaJjw9vw380pQVoM,,
,staging.album.link,"76.76.21.61, 76.76.21.164",cname.vercel-dns.com,"dns1.p07.nsone.net, hostmaster.nsone.net",NOERROR,,,,"letsencrypt.org, globalsign.com, sectigo.com",,,,,
,staging.artist.link,"76.76.21.93, 76.76.21.22",cname.vercel-dns.com,"dns1.p07.nsone.net, hostmaster.nsone.net",NOERROR,,,,"letsencrypt.org, globalsign.com, sectigo.com",,,,,
,staging.mylink.page,"76.76.21.164, 76.76.21.98",cname.vercel-dns.com,"dns1.p07.nsone.net, hostmaster.nsone.net",NOERROR,,,,"letsencrypt.org, globalsign.com, sectigo.com",,,,,
,staging.odesli.co,"76.76.21.93, 76.76.21.142",cname.vercel-dns.com,"dns1.p07.nsone.net, hostmaster.nsone.net",NOERROR,,,,"letsencrypt.org, globalsign.com, sectigo.com",,,,,
,staging.odesli.com,"76.76.21.164, 76.76.21.61",cname.vercel-dns.com,"dns1.p07.nsone.net, hostmaster.nsone.net",NOERROR,,,,"letsencrypt.org, globalsign.com, sectigo.com",,,,,
,staging.playlist.link,"76.76.21.61, 76.76.21.123",cname.vercel-dns.com,"dns1.p07.nsone.net, hostmaster.nsone.net",NOERROR,,,,"sectigo.com, letsencrypt.org, globalsign.com",,,,,
,staging.pods.link,"76.76.21.9, 76.76.21.22",cname.vercel-dns.com,"dns1.p07.nsone.net, hostmaster.nsone.net",NOERROR,,,,"globalsign.com, sectigo.com, letsencrypt.org",,,,,
,staging.songlink.io,"76.76.21.98, 76.76.21.22",cname.vercel-dns.com,"dns1.p07.nsone.net, hostmaster.nsone.net",NOERROR,,,,"letsencrypt.org, globalsign.com, sectigo.com",,,,,
,status.linktr.ee,,xxvb29cb4syf.stspg-customer.com,"ns-1711.awsdns-21.co.uk, awsdns-hostmaster.amazon.com",NOERROR,,,,,,,,,
,stripe-payments.linktr.ee,"34.213.31.189, 35.160.122.253",,"ns-634.awsdns-15.net, awsdns-hostmaster.amazon.com",NOERROR,,,,,,,,,
,support.linktr.ee,"13.227.219.12, 13.227.219.5, 13.227.219.120, 13.227.219.83",,"ns-634.awsdns-15.net, awsdns-hostmaster.amazon.com",NOERROR,True,cloudfront,,,,,,,
,systems.linktr.ee,18.234.32.151,xxvb29cb4syf.stspg-customer.com,"ns-1711.awsdns-21.co.uk, awsdns-hostmaster.amazon.com",NOERROR,,,,"globalsign.com;, letsencrypt.org",,,,,
,telemetry.platform.linktr.ee,"35.167.159.28, 52.42.23.41",,"ns-109.awsdns-13.com, awsdns-hostmaster.amazon.com",NOERROR,,,,,"ns-109.awsdns-13.com, ns-1492.awsdns-58.org, ns-2021.awsdns-60.co.uk, ns-973.awsdns-57.net",,,,
,televisores.115.linktree-extensions.com,,,,NOERROR,,,,,,,,,
,test.linktr.ee,,,"ns-652.awsdns-17.net, awsdns-hostmaster.amazon.com",NOERROR,,,,,"ns-357.awsdns-44.com, ns-652.awsdns-17.net, ns-1192.awsdns-21.org, ns-1646.awsdns-13.co.uk","alt4.aspmx.l.google.com, alt1.aspmx.l.google.com, alt3.aspmx.l.google.com, aspmx.l.google.com, alt2.aspmx.l.google.com","notion_verify_oAB0EFZMq3noYtKnWgUutdmpa7GnjELkH3RVEhMgcqeR2jtjVY5y4hxBw0u7J7ZTiAB0eX, dropbox-domain-verification=831j6zm4fvfj, ZOOM_verify_FEdjcGCXQD7LtbPD7NDAPO, google-site-verification=P3yv-yjbc8Fm-XKPgRLzf4lh0l2hm3Kh27Gjo5RKZUo",,
,tr.ee,"151.101.2.133, 151.101.66.133, 151.101.194.133, 151.101.130.133",,"ns-640.awsdns-16.net, awsdns-hostmaster.amazon.com",NOERROR,True,fastly,,,"ns-640.awsdns-16.net, ns-1110.awsdns-10.org, ns-92.awsdns-11.com, ns-1797.awsdns-32.co.uk",,fastly-domain-delegation-E*pKrhYZe5ta-2021-10-26,,
,ui-link-kit-storybook.production.linktr.ee,"13.32.121.5, 13.32.121.48, 13.32.121.109, 13.32.121.112",d3mkfw6wg7g9xp.cloudfront.net,"ns-158.awsdns-19.com, awsdns-hostmaster.amazon.com",NOERROR,True,cloudfront,"2600:9000:236e:400:0:9f2f:5340:93a1, 2600:9000:236e:1a00:0:9f2f:5340:93a1, 2600:9000:236e:4400:0:9f2f:5340:93a1, 2600:9000:236e:4c00:0:9f2f:5340:93a1, 2600:9000:236e:bc00:0:9f2f:5340:93a1, 2600:9000:2240:4200:0:9f2f:5340:93a1, 2600:9000:2240:7a00:0:9f2f:5340:93a1, 2600:9000:2240:8200:0:9f2f:5340:93a1",,"ns-158.awsdns-19.com, ns-647.awsdns-16.net, ns-1033.awsdns-01.org, ns-1793.awsdns-32.co.uk",,,,
,ui-link-kit-storybook.qa.linktr.ee,"52.222.139.116, 52.222.139.76, 52.222.139.64, 52.222.139.85",dkveohsqpg7sx.cloudfront.net,"ns-94.awsdns-11.com, awsdns-hostmaster.amazon.com",NOERROR,True,cloudfront,"2600:9000:2204:5400:6:7a3b:2040:93a1, 2600:9000:2204:3600:6:7a3b:2040:93a1, 2600:9000:2204:4400:6:7a3b:2040:93a1, 2600:9000:2204:3800:6:7a3b:2040:93a1, 2600:9000:2204:6600:6:7a3b:2040:93a1, 2600:9000:2204:4c00:6:7a3b:2040:93a1, 2600:9000:2204:8200:6:7a3b:2040:93a1, 2600:9000:2204:7000:6:7a3b:2040:93a1",,"ns-653.awsdns-17.net, ns-94.awsdns-11.com, ns-1178.awsdns-19.org, ns-1880.awsdns-43.co.uk",,,,
,undefined.cms.qa.linktr.ee,"44.232.237.72, 52.39.162.131, 35.162.220.250, 52.34.129.22",,"ns-538.awsdns-03.net, awsdns-hostmaster.amazon.com",NOERROR,,,,,,,,,
,url-insights.production.linktr.ee,"52.33.42.127, 35.161.171.98",,"ns-1869.awsdns-41.co.uk, awsdns-hostmaster.amazon.com",NOERROR,,,,,,,,,
,url-insights.qa.linktr.ee,"34.214.84.159, 34.213.27.28",,"ns-538.awsdns-03.net, awsdns-hostmaster.amazon.com",NOERROR,,,,,,,,,
,url1741.linktr.ee,"52.9.114.249, 52.52.9.112, 13.57.168.50, 18.144.127.61",thirdparty.bnc.lt,"ns-1925.awsdns-48.co.uk, awsdns-hostmaster.amazon.com",NOERROR,,,,"digicert.com, entrust.net, letsencrypt.org","ns-1241.awsdns-27.org, ns-1925.awsdns-48.co.uk, ns-20.awsdns-02.com, ns-819.awsdns-38.net",,v=spf1 -all,,
,userinfo.production.linktr.ee,"52.11.222.230, 44.236.108.162, 52.26.79.113, 52.42.128.156",,"ns-1869.awsdns-41.co.uk, awsdns-hostmaster.amazon.com",NOERROR,,,,,,,,,
,users.linktr.ee,"99.86.4.32, 99.86.4.101, 99.86.4.67, 99.86.4.14",,"ns-634.awsdns-15.net, awsdns-hostmaster.amazon.com",NOERROR,True,cloudfront,,,,,,,
,v2.odesli.co,"76.76.21.61, 76.76.21.164",cname.vercel-dns.com,"dns1.p07.nsone.net, hostmaster.nsone.net",NOERROR,,,,"globalsign.com, sectigo.com, letsencrypt.org",,,,,
,v2.staging.odesli.co,"76.76.21.164, 76.76.21.22",cname.vercel-dns.com,"dns1.p07.nsone.net, hostmaster.nsone.net",NOERROR,,,,"globalsign.com, sectigo.com, letsencrypt.org",,,,,
,v3.odesli.co,,,,NOERROR,,,,,,,,,
,vadim-fargate.qa.linktr.ee,"52.40.220.13, 52.13.59.166, 35.161.6.83, 52.26.176.60",,"ns-538.awsdns-03.net, awsdns-hostmaster.amazon.com",NOERROR,,,,,,,,,
,vadim.qa.linktr.ee,,d.sni.global.fastly.net,"ns1.fastly.net, hostmaster.fastly.com",NOERROR,True,fastly,,,,,,,
,validator.linktr.ee,"18.66.97.104, 18.66.97.65, 18.66.97.47, 18.66.97.5",,"ns-634.awsdns-15.net, awsdns-hostmaster.amazon.com",NOERROR,True,cloudfront,,,,,,,
,vidcompressor-destination.production.linktr.ee,"18.173.233.65, 18.173.233.107, 18.173.233.37, 18.173.233.123",d3mkwv2r5czhnk.cloudfront.net,"ns-707.awsdns-24.net, awsdns-hostmaster.amazon.com",NOERROR,True,cloudfront,"2600:9000:2440:3000:5:d50d:800:93a1, 2600:9000:2440:5000:5:d50d:800:93a1, 2600:9000:2440:f400:5:d50d:800:93a1, 2600:9000:2440:4c00:5:d50d:800:93a1, 2600:9000:2440:8800:5:d50d:800:93a1, 2600:9000:2440:d000:5:d50d:800:93a1, 2600:9000:2440:c400:5:d50d:800:93a1, 2600:9000:2440:ac00:5:d50d:800:93a1",,"ns-1059.awsdns-04.org, ns-1546.awsdns-01.co.uk, ns-335.awsdns-41.com, ns-707.awsdns-24.net",,,,
,vidcompressor-destination.qa.linktr.ee,"99.86.4.4, 99.86.4.100, 99.86.4.17, 99.86.4.79",d26te08fwh3vt.cloudfront.net,"ns-711.awsdns-24.net, awsdns-hostmaster.amazon.com",NOERROR,True,cloudfront,"2600:9000:2057:600:11:329a:7a40:93a1, 2600:9000:2057:d800:11:329a:7a40:93a1, 2600:9000:2057:1000:11:329a:7a40:93a1, 2600:9000:2057:3600:11:329a:7a40:93a1, 2600:9000:2057:d400:11:329a:7a40:93a1, 2600:9000:2057:a00:11:329a:7a40:93a1, 2600:9000:2057:5000:11:329a:7a40:93a1, 2600:9000:2057:8400:11:329a:7a40:93a1",,"ns-1150.awsdns-15.org, ns-1848.awsdns-39.co.uk, ns-431.awsdns-53.com, ns-711.awsdns-24.net",,,,
,website.linktr.ee,146.75.122.22,"website20linktreemain.gatsbyjs.io, dualstack.eu-na.gatsbyjs.map.fastly.net","ns1.fastly.net, hostmaster.fastly.com",NOERROR,True,fastly,2a04:4e42:8e::534,,,,,,
,website.production.linktr.ee,"13.32.27.36, 13.32.27.44, 13.32.27.20, 13.32.27.118",d5y2qq9hs778w.cloudfront.net,"ns-798.awsdns-35.net, awsdns-hostmaster.amazon.com",NOERROR,True,cloudfront,"2600:9000:211e:0:13:28ec:1c00:93a1, 2600:9000:211e:3400:13:28ec:1c00:93a1, 2600:9000:211e:200:13:28ec:1c00:93a1, 2600:9000:211e:1600:13:28ec:1c00:93a1, 2600:9000:211e:d200:13:28ec:1c00:93a1, 2600:9000:211e:dc00:13:28ec:1c00:93a1, 2600:9000:211e:f600:13:28ec:1c00:93a1, 2600:9000:211e:ec00:13:28ec:1c00:93a1",,"ns-1405.awsdns-47.org, ns-1749.awsdns-26.co.uk, ns-798.awsdns-35.net, ns-101.awsdns-12.com",,,,
,websiteqa.linktr.ee,,"linktree.gatsbyjs.io, dualstack.eu-na.gatsbyjs.map.fastly.net","ns1.fastly.net, hostmaster.fastly.com",NOERROR,True,fastly,,,,,,,
,www.blog.linktr.ee,"18.66.147.51, 18.66.147.69, 18.66.147.92, 18.66.147.117",dkrn44mbfhv8i.cloudfront.net,"ns-324.awsdns-40.com, awsdns-hostmaster.amazon.com",NOERROR,True,cloudfront,,,"ns-1386.awsdns-45.org, ns-1965.awsdns-53.co.uk, ns-324.awsdns-40.com, ns-808.awsdns-37.net",,,,
,www.green.qa.linktr.ee,151.101.38.133,d.sni.global.fastly.net,"ns1.fastly.net, hostmaster.fastly.com",NOERROR,True,fastly,,,,,,,
,www.jobs.linktr.ee,151.101.38.133,d.sni.global.fastly.net,"ns1.fastly.net, hostmaster.fastly.com",NOERROR,True,fastly,,,,,,,
,www.linktree.com,151.101.46.133,d.sni.global.fastly.net,"ns1.fastly.net, hostmaster.fastly.com",NOERROR,True,fastly,,,,,,,
,www.qa.blog.linktr.ee,"18.165.183.27, 18.165.183.45, 18.165.183.125, 18.165.183.37",dfjzaubxzgz63.cloudfront.net,"ns-1699.awsdns-20.co.uk, awsdns-hostmaster.amazon.com",NOERROR,True,cloudfront,,,"ns-1197.awsdns-21.org, ns-1699.awsdns-20.co.uk, ns-197.awsdns-24.com, ns-860.awsdns-43.net",,,,
,www.qa.linktr.ee,146.75.122.133,d.sni.global.fastly.net,"ns1.fastly.net, hostmaster.fastly.com",NOERROR,True,fastly,,,,,,,
,www.qa.linktree.com,"151.101.66.133, 151.101.130.133, 151.101.194.133, 151.101.2.133",,"ns-697.awsdns-23.net, awsdns-hostmaster.amazon.com",NOERROR,True,fastly,,,,,,,
