new,host,a,cname,soa,status_code,aaaa,txt,ns,cdn,cdn-name,mx,has_internal_ips,internal_ips,caa
[x],6efa.events.postnl.nl,3.126.106.228,,"a1-6.akam.net, domain-registry.postnl.nl",NOERROR,,,,,,,,,
[x],accessnode-nanotechnet2.events.postnl.nl,3.126.106.228,,"a1-6.akam.net, domain-registry.postnl.nl",NOERROR,,,,,,,,,
[x],account-skyblock.events.postnl.nl,3.126.106.228,,"a1-6.akam.net, domain-registry.postnl.nl",NOERROR,,,,,,,,,
[x],alpha-eu.events.postnl.nl,3.126.106.228,,"a1-6.akam.net, domain-registry.postnl.nl",NOERROR,,,,,,,,,
[x],alphacdn.events.postnl.nl,3.126.106.228,,"a1-6.akam.net, domain-registry.postnl.nl",NOERROR,,,,,,,,,
[x],api.verhuizen.pat.postnl.nl,"52.16.196.145, 46.137.65.178, 46.51.152.189",api.verhuizen.a04.cldsvc.net,"ns-1236.awsdns-26.org, awsdns-hostmaster.amazon.com",NOERROR,,,"ns-1236.awsdns-26.org, ns-1891.awsdns-44.co.uk, ns-19.awsdns-02.com, ns-930.awsdns-52.net",,,,,,
[x],apl-api-auth.acc.apl-platform.postnl.nl,"95.101.111.175, 95.101.111.183","sec.apl-platform.edgekey.net, e78975.dscb.akamaiedge.net","n0dscb.akamaiedge.net, hostmaster.akamai.com",NOERROR,"2a02:26f0:3500:14::1724:a244, 2a02:26f0:3500:14::1724:a246",,,,,,,,
[x],apl-api-auth.apl-platform.postnl.nl,"95.101.111.183, 95.101.111.175","sec.apl-platform.edgekey.net, e78975.dscb.akamaiedge.net","n0dscb.akamaiedge.net, hostmaster.akamai.com",NOERROR,"2a02:26f0:3500:14::1724:a244, 2a02:26f0:3500:14::1724:a246",,,,,,,,
[x],apl-api-auth.tst.apl-platform.postnl.nl,"23.213.161.212, 23.213.161.226","sec.apl-platform.edgekey.net, e78975.dscb.akamaiedge.net","n0dscb.akamaiedge.net, hostmaster.akamai.com",NOERROR,"2a02:26f0:480:23::1726:629e, 2a02:26f0:480:23::1726:6292",,,,,,,,
[x],azure.events.postnl.nl,3.126.106.228,,"a1-6.akam.net, domain-registry.postnl.nl",NOERROR,,,,,,,,,
[x],betatracking.events.postnl.nl,3.126.106.228,,"a1-6.akam.net, domain-registry.postnl.nl",NOERROR,,,,,,,,,
[x],bid47kd.events.postnl.nl,3.126.106.228,,"a1-6.akam.net, domain-registry.postnl.nl",NOERROR,,,,,,,,,
[x],bucketauth-config-enassets-defaultproduction.events.postnl.nl,3.126.106.228,,"a1-6.akam.net, domain-registry.postnl.nl",NOERROR,,,,,,,,,
[x],carrier-api-auth.acc.apl-platform.postnl.nl,"2.20.132.133, 2.16.181.64","sec.apl-platform.edgekey.net, e78975.dscb.akamaiedge.net","n0dscb.akamaiedge.net, hostmaster.akamai.com",NOERROR,"2a02:26f0:7100::210:182, 2a02:26f0:7100::210:12a",,,,,,,,
[x],carrier-api-auth.apl-platform.postnl.nl,"2.20.132.133, 2.16.181.64","sec.apl-platform.edgekey.net, e78975.dscb.akamaiedge.net","n0dscb.akamaiedge.net, hostmaster.akamai.com",NOERROR,"2a02:26f0:7100::210:182, 2a02:26f0:7100::210:12a",,,,,,,,
[x],carrier-api-auth.tst.apl-platform.postnl.nl,"2.20.132.133, 2.16.181.64","sec.apl-platform.edgekey.net, e78975.dscb.akamaiedge.net","n0dscb.akamaiedge.net, hostmaster.akamai.com",NOERROR,"2a02:26f0:64::214:8485, 2a02:26f0:64::210:b540",,,,,,,,
[x],cms-internal-old-my-external-domain.events.postnl.nl,3.126.106.228,,"a1-6.akam.net, domain-registry.postnl.nl",NOERROR,,,,,,,,,
[x],dev-carta.events.postnl.nl,3.126.106.228,,"a1-6.akam.net, domain-registry.postnl.nl",NOERROR,,,,,,,,,
[x],errorweb-sqldoc-corporate.events.postnl.nl,3.126.106.228,,"a1-6.akam.net, domain-registry.postnl.nl",NOERROR,,,,,,,,,
[x],fra02-prd-pimldap-01b.events.postnl.nl,3.126.106.228,,"a1-6.akam.net, domain-registry.postnl.nl",NOERROR,,,,,,,,,
[x],guc3-puppetrepo-d-2bjl.events.postnl.nl,3.126.106.228,,"a1-6.akam.net, domain-registry.postnl.nl",NOERROR,,,,,,,,,
[x],h-135-207-180-41.events.postnl.nl,3.126.106.228,,"a1-6.akam.net, domain-registry.postnl.nl",NOERROR,,,,,,,,,
[x],idin.postnl.nl,"104.16.248.88, 104.16.249.88",disp.cm.com,"robin.ns.cloudflare.com, dns.cloudflare.com",NOERROR,"2606:4700::6810:f858, 2606:4700::6810:f958",,,True,cloudflare,,,,
[x],internalqamiembrostunnel-mx.events.postnl.nl,3.126.106.228,,"a1-6.akam.net, domain-registry.postnl.nl",NOERROR,,,,,,,,,
[x],lef21-3-gre.events.postnl.nl,3.126.106.228,,"a1-6.akam.net, domain-registry.postnl.nl",NOERROR,,,,,,,,,
[x],mta-sts.informatie.postnl.nl,185.104.29.106,policy.mta-sts.informatie.postnl.nl.eu-m9sha5zi.eu.dmarcadvisor.net,"ns-cloud-a1.googledomains.com, cloud-dns-hostmaster.google.com",NOERROR,2a06:2ec0:1::135,,,,,,,,
[x],myaccess.events.postnl.nl,3.126.106.228,,"a1-6.akam.net, domain-registry.postnl.nl",NOERROR,,,,,,,,,
[x],otmz-qadev.events.postnl.nl,3.126.106.228,,"a1-6.akam.net, domain-registry.postnl.nl",NOERROR,,,,,,,,,
[x],paddleboston.events.postnl.nl,3.126.106.228,,"a1-6.akam.net, domain-registry.postnl.nl",NOERROR,,,,,,,,,
[x],picsart-estudio.events.postnl.nl,3.126.106.228,,"a1-6.akam.net, domain-registry.postnl.nl",NOERROR,,,,,,,,,
[x],reporting.pat.postnl.nl,145.78.21.93,,"a1-6.akam.net, domain-registry.postnl.nl",NOERROR,,,,,,,,,
[x],s3e-1-1-2.events.postnl.nl,3.126.106.228,,"a1-6.akam.net, domain-registry.postnl.nl",NOERROR,,,,,,,,,
[x],scan2email.postnl.nl,,,"a1-6.akam.net, domain-registry.postnl.nl",NOERROR,,v=spf1 include:amazonses.com -all,,,,,,,
[x],slb2-74-pda.events.postnl.nl,3.126.106.228,,"a1-6.akam.net, domain-registry.postnl.nl",NOERROR,,,,,,,,,
[x],smtp3-web.events.postnl.nl,,,"a1-6.akam.net, domain-registry.postnl.nl",NOERROR,,,,,,,,,
[x],st14-bistunium-k8scontour-ext.events.postnl.nl,3.126.106.228,,"a1-6.akam.net, domain-registry.postnl.nl",NOERROR,,,,,,,,,
[x],stag2.events.postnl.nl,3.126.106.228,,"a1-6.akam.net, domain-registry.postnl.nl",NOERROR,,,,,,,,,
[x],status-gcpeng-myaws.events.postnl.nl,3.126.106.228,,"a1-6.akam.net, domain-registry.postnl.nl",NOERROR,,,,,,,,,
[x],swg.events.postnl.nl,3.126.106.228,,"a1-6.akam.net, domain-registry.postnl.nl",NOERROR,,,,,,,,,
[x],temptrackjiratunnel-mx.events.postnl.nl,3.126.106.228,,"a1-6.akam.net, domain-registry.postnl.nl",NOERROR,,,,,,,,,
[x],tor260-218-pdb.events.postnl.nl,3.126.106.228,,"a1-6.akam.net, domain-registry.postnl.nl",NOERROR,,,,,,,,,
[x],ul.events.postnl.nl,3.126.106.228,,"a1-6.akam.net, domain-registry.postnl.nl",NOERROR,,,,,,,,,
[x],uploadb2bsystem.events.postnl.nl,3.126.106.228,,"a1-6.akam.net, domain-registry.postnl.nl",NOERROR,,,,,,,,,
[x],vip-prodassetstunnelslaveconfig.events.postnl.nl,3.126.106.228,,"a1-6.akam.net, domain-registry.postnl.nl",NOERROR,,,,,,,,,
[x],web.events.postnl.nl,3.126.106.228,,"a1-6.akam.net, domain-registry.postnl.nl",NOERROR,,,,,,,,,
[x],webapplb01d.events.postnl.nl,3.126.106.228,,"a1-6.akam.net, domain-registry.postnl.nl",NOERROR,,,,,,,,,
[x],yunstore.events.postnl.nl,3.126.106.228,,"a1-6.akam.net, domain-registry.postnl.nl",NOERROR,,,,,,,,,
,acc-powerbi-datalake.postnl.nl,"2.16.181.59, 2.20.132.146","c207022.edgekey.net, e207022.dscb.akamaiedge.net","n0dscb.akamaiedge.net, hostmaster.akamai.com",NOERROR,"2a02:26f0:7100::210:16a, 2a02:26f0:7100::210:161",,,,,,,,
,acc.postnl.nl,"23.43.58.34, 23.43.58.75","c207022.edgekey.net, e207022.dscb.akamaiedge.net","n0dscb.akamaiedge.net, hostmaster.akamai.com",NOERROR,"2600:141b:e800:1e::17d8:8441, 2600:141b:e800:1e::17d8:843a",,,,,,,,
,acc.supplychaincontrol.postnl.nl,"95.101.74.147, 95.101.74.155",,"a1-6.akam.net, domain-registry.postnl.nl",NOERROR,"2a02:26f0:c900:9::5f65:4a9b, 2a02:26f0:c900:9::5f65:4a93",v=spf1 -all,,,,,,,
,acc01.postnl.nl,,,"a1-6.akam.net, domain-registry.postnl.nl",NOERROR,,v=spf1 -all,,,,,,,
,acceptatie-mijndataportaal.postnl.nl,"2.20.132.143, 2.20.132.110","c129221.edgekey.net, e129221.dscb.akamaiedge.net","n0dscb.akamaiedge.net, hostmaster.akamai.com",NOERROR,"2a02:26f0:7100::210:119, 2a02:26f0:7100::210:148",,,,,,,,
,access.events.postnl.nl,3.126.106.228,,"a1-6.akam.net, domain-registry.postnl.nl",NOERROR,,,,,,,,,
,accountresources.pat.postnl.nl,"95.101.74.144, 95.101.74.133","c207022.edgekey.net, e207022.dscb.akamaiedge.net","n0dscb.akamaiedge.net, hostmaster.akamai.com",NOERROR,"2a02:26f0:c900:9::5f65:4a85, 2a02:26f0:c900:9::5f65:4a90",,,,,,,,
,accountresources.postnl.nl,"2.20.132.118, 2.20.132.137","postnl.nl.edgekey.net, e77734.dscb.akamaiedge.net","n0dscb.akamaiedge.net, hostmaster.akamai.com",NOERROR,"2a02:26f0:7100::210:14a, 2a02:26f0:7100::210:141",,,,,,,,
,accp.byd.ws.postnl.nl,145.78.21.172,,"a1-6.akam.net, domain-registry.postnl.nl",NOERROR,,,,,,,,,
,accp.mb.ws.postnl.nl,145.78.21.189,,"a1-6.akam.net, domain-registry.postnl.nl",NOERROR,,,,,,,,,
,accp.nvsp.ws.postnl.nl,145.78.26.7,,"a1-6.akam.net, domain-registry.postnl.nl",NOERROR,,,,,,,,,
,accp.pi.ws.postnl.nl,145.78.26.130,,"a1-6.akam.net, domain-registry.postnl.nl",NOERROR,,,,,,,,,
,accp.walsal.ws.postnl.nl,145.78.21.80,,"a1-6.akam.net, domain-registry.postnl.nl",NOERROR,,,,,,,,,
,admin.pat.rouwpost.postnl.nl,"2.16.181.59, 2.20.132.146","c207022.edgekey.net, e207022.dscb.akamaiedge.net","n0dscb.akamaiedge.net, hostmaster.akamai.com",NOERROR,"2a02:26f0:7100::210:16a, 2a02:26f0:7100::210:161",,,,,,,,
,adresboekservice.mijnpost.tst.ws.postnl.nl,145.78.21.109,,"a1-6.akam.net, domain-registry.postnl.nl",NOERROR,,,,,,,,,
,ambassadeurs.postnl.nl,80.158.39.253,,"a1-6.akam.net, domain-registry.postnl.nl",NOERROR,,,,,,,,,
,annualreport.postnl.nl,"83.96.200.114, 83.96.201.114",frontend.tangelo.nl,"ns1.dnsimple.com, admin.dnsimple.com",NOERROR,,,,,,,,,
,api-acc-sandbox.postnl.nl,"18.195.53.244, 3.66.149.197, 3.67.18.251","api-acc-sandbox.apimanagement.hana.ondemand.com, af22f9aa7-postnl-rtest05-94573797.eu-central-1.elb.amazonaws.com","ns-1689.awsdns-19.co.uk, awsdns-hostmaster.amazon.com",NOERROR,,,,,,,,,
,api-acc.postnl.nl,"95.101.74.133, 95.101.74.144","c207022.edgekey.net, e207022.dscb.akamaiedge.net","n0dscb.akamaiedge.net, hostmaster.akamai.com",NOERROR,"2a02:26f0:c900:9::5f65:4a90, 2a02:26f0:c900:9::5f65:4a85",,,,,,,,
,api-sandbox.postnl.nl,"2.16.187.96, 2.16.187.97",,"a1-6.akam.net, domain-registry.postnl.nl",NOERROR,"2a02:26f0:3100::1735:2b69, 2a02:26f0:3100::1735:2bb2",,,,,,,,
,api-test-sandbox.postnl.nl,"52.58.159.26, 52.29.56.8, 52.28.181.249","api-test-sandbox.apimanagement.hana.ondemand.com, a8c9ee61a-postnl-rtest02-288650634.eu-central-1.elb.amazonaws.com","ns-1689.awsdns-19.co.uk, awsdns-hostmaster.amazon.com",NOERROR,,,,,,,,,
,api.events.postnl.nl,3.126.106.228,,"a1-6.akam.net, domain-registry.postnl.nl",NOERROR,,,,,,,,,
,api.postnl.nl,"2.20.132.118, 2.20.132.137","api.postnl.nl.edgekey.net, e77734.dscb.akamaiedge.net","n0dscb.akamaiedge.net, hostmaster.akamai.com",NOERROR,"2a02:26f0:7100::210:14a, 2a02:26f0:7100::210:141",,,,,,,,
,api.retail.pat.postnl.nl,"2.16.181.59, 2.20.132.146","c207022.edgekey.net, e207022.dscb.akamaiedge.net","n0dscb.akamaiedge.net, hostmaster.akamai.com",NOERROR,"2a02:26f0:7100::210:161, 2a02:26f0:7100::210:16a",,,,,,,,
,api.retail.postnl.nl,"2.20.132.137, 2.20.132.118","postnl.nl.edgekey.net, e77734.dscb.akamaiedge.net","n0dscb.akamaiedge.net, hostmaster.akamai.com",NOERROR,"2a02:26f0:64::214:8476, 2a02:26f0:64::214:8489",,,,,,,,
,apimanager.developer.postnl.nl,52.215.39.63,qmp.p04.cldsvc.net,"ns-1.awsdns-00.com, awsdns-hostmaster.amazon.com",NOERROR,,,,,,,,,
,apl-api.acc.apl-platform.postnl.nl,"95.101.111.162, 95.101.111.135","apl-platform.edgekey.net, e25570.dscb.akamaiedge.net","n0dscb.akamaiedge.net, hostmaster.akamai.com",NOERROR,"2a02:26f0:480:23::1726:62ae, 2a02:26f0:480:23::1726:628a",,,,,,,,
,apl-api.apl-platform.postnl.nl,"96.16.54.179, 96.16.54.154","apl-platform.edgekey.net, e25570.dscb.akamaiedge.net","n0dscb.akamaiedge.net, hostmaster.akamai.com",NOERROR,"2a02:26f0:d8::1740:c3b, 2a02:26f0:d8::1740:c42",,,,,,,,
,apl-api.tst.apl-platform.postnl.nl,"2.16.241.145, 2.16.241.132","apl-platform.edgekey.net, e25570.dscb.akamaiedge.net","n0dscb.akamaiedge.net, hostmaster.akamai.com",NOERROR,"2a02:26f0:480:c::210:f191, 2a02:26f0:480:c::210:f184",,,,,,,,
,assem.mijnlogistiek-accp.postnl.nl,"2.20.132.143, 2.20.132.110",,"a1-6.akam.net, domain-registry.postnl.nl",NOERROR,"2a02:26f0:7100::210:148, 2a02:26f0:7100::210:119",v=spf1 -all,,,,,,,
,assem.mijnlogistiek.postnl.nl,"92.123.189.18, 92.123.189.105",,"a1-6.akam.net, domain-registry.postnl.nl",NOERROR,"2a02:26f0:d8::1740:c42, 2a02:26f0:d8::1740:c29",,,,,,,,
,autobetaalservice.postnl.nl,217.198.20.138,,"a1-6.akam.net, domain-registry.postnl.nl",NOERROR,,v=spf1 ip4:217.198.20.138 -all,,,,,,,
,autodiscover.b2b.postnl.nl,"52.98.243.24, 52.98.152.200, 52.98.241.184, 52.98.242.248","autodiscover.outlook.com, atod-g2.tm-4.office.com, autod.ms-acdc-autod.office.com","ns1-ms-acdc.office.com, hostmaster.microsoft.com",NOERROR,"2603:1026:c0d:c28::8, 2603:1026:c0d:c31::8, 2603:1026:c0d:c07::8, 2603:1026:c0d:c1c::8",,,,,,,,
,autodiscover.events.postnl.nl,3.126.106.228,,"a1-6.akam.net, domain-registry.postnl.nl",NOERROR,,,,,,,,,
,autodiscover.postnl.com,"52.98.175.8, 52.98.241.200, 52.98.228.56, 40.99.150.24, 52.98.243.56, 40.99.150.120, 40.99.150.72, 52.98.171.248","autodiscover.outlook.com, atod-g2.tm-4.office.com, autod.ms-acdc-autod.office.com","ns1-ms-acdc.office.com, hostmaster.microsoft.com",NOERROR,"2603:1026:c03:3033::8, 2603:1026:207:a5::8, 2603:1026:c03:5818::8, 2603:1026:c03:707b::8",,,,,,,,
,autodiscover.postnl.nl,"52.98.241.200, 52.98.243.40, 52.98.152.168, 52.98.243.56, 52.98.152.184, 40.99.149.216, 52.98.175.8, 40.99.150.56","autodiscover.outlook.com, atod-g2.tm-4.office.com, autod.ms-acdc-autod.office.com","ns1-ms-acdc.office.com, hostmaster.microsoft.com",NOERROR,"2603:1026:c03:707b::8, 2603:1026:c03:3033::8, 2603:1026:207:a5::8, 2603:1026:c03:5818::8",,,,,,,,
,blog.postnl.com,"96.16.54.120, 96.16.54.130","postnl.nl.edgekey.net, e77734.dscb.akamaiedge.net","n0dscb.akamaiedge.net, hostmaster.akamai.com",NOERROR,"2a02:26f0:d8::1740:c2b, 2a02:26f0:d8::1740:c32",,,,,,,,
,bolah.mijnlogistiek-accp.postnl.nl,"23.43.58.26, 23.43.58.24",,"a1-6.akam.net, domain-registry.postnl.nl",NOERROR,"2600:141b:e800:1e::17d8:8434, 2600:141b:e800:1e::17d8:844f",v=spf1 -all,,,,,,,
,bolah.mijnlogistiek.postnl.nl,"2.20.132.2, 2.20.132.119",,"a1-6.akam.net, domain-registry.postnl.nl",NOERROR,"2a02:26f0:7100::210:129, 2a02:26f0:7100::210:183",v=spf1 -all,,,,,,,
,boss.bds.postnl.nl,82.94.160.30,,"a1-6.akam.net, domain-registry.postnl.nl",NOERROR,,,,,,,,,
,bosstest.bds.postnl.nl,62.41.129.182,,"a1-6.akam.net, domain-registry.postnl.nl",NOERROR,,,,,,,,,
,bp-b2b.mijnpost.postnl.nl,"34.253.71.1, 34.250.39.30, 52.16.20.67",pe-prd-b2bservice02-nlbe-7c446b9e5cac54ae.elb.eu-west-1.amazonaws.com,"ns-1566.awsdns-03.co.uk, awsdns-hostmaster.amazon.com",NOERROR,,,,,,,,,
,bp-b2bservice.mijnpost.pat.postnl.nl,"52.49.147.196, 18.200.187.127, 52.18.170.82",pe-acc-b2bservice02-nlbe-b110e7dd6f7cc4fe.elb.eu-west-1.amazonaws.com,"ns-1566.awsdns-03.co.uk, awsdns-hostmaster.amazon.com",NOERROR,,,,,,,,,
,bp.ws.postnl.nl,,,"a1-6.akam.net, domain-registry.postnl.nl",NOERROR,,,,,,,,,
,brandportal.dev.postnl.nl,,brandportal-postnl-dev.customer.getmarvia.com,"ns-1587.awsdns-06.co.uk, awsdns-hostmaster.amazon.com",NOERROR,,,,,,,,,
,byd.ws.postnl.nl,145.78.21.173,,"a1-6.akam.net, domain-registry.postnl.nl",NOERROR,,,,,,,,,
,carrier-api.acc.apl-platform.postnl.nl,"2.20.132.110, 2.20.132.152","apl-platform.edgekey.net, e25570.dscb.akamaiedge.net","n0dscb.akamaiedge.net, hostmaster.akamai.com",NOERROR,"2a02:26f0:64::214:846e, 2a02:26f0:64::214:8498",,,,,,,,
,carrier-api.tst.apl-platform.postnl.nl,"2.16.241.132, 2.16.241.145","apl-platform.edgekey.net, e25570.dscb.akamaiedge.net","n0dscb.akamaiedge.net, hostmaster.akamai.com",NOERROR,"2a02:26f0:480:c::210:f184, 2a02:26f0:480:c::210:f191",,,,,,,,
,ccp.postnl.nl,82.94.160.16,,"a1-6.akam.net, domain-registry.postnl.nl",NOERROR,,,,,,,,,
,cdn.postnl.nl,"95.101.111.177, 95.101.111.176",,"a1-6.akam.net, domain-registry.postnl.nl",NOERROR,"2a02:26f0:3500:14::1724:a247, 2a02:26f0:3500:14::1724:a24b",v=spf1 -all,,,,,,,
,cloud.edm.postnl.nl,13.111.35.54,,"a1-6.akam.net, domain-registry.postnl.nl",NOERROR,,,,,,,,,
,cnnct.postnl.nl,"2.20.132.137, 2.20.132.118","postnl.nl.edgekey.net, e77734.dscb.akamaiedge.net","n0dscb.akamaiedge.net, hostmaster.akamai.com",NOERROR,"2a02:26f0:7100::210:141, 2a02:26f0:7100::210:14a",,,,,,,,
,conf.mijnpost.pat.ws.postnl.nl,145.78.21.239,,"a1-6.akam.net, domain-registry.postnl.nl",NOERROR,,,,,,,,,
,conf.mijnpost.tst.ws.postnl.nl,145.78.21.87,,"a1-6.akam.net, domain-registry.postnl.nl",NOERROR,,,,,,,,,
,conf.mijnpost.ws.postnl.nl,13.95.234.105,mp-conf-prod-waz.cloudapp.net,"ns1-201.azure-dns.com, msnhst.microsoft.com",NOERROR,,,,True,azure,,,,
,configuratieservice.waz.mijnpost.tst.postnl.nl,0.0.0.0,mp-conf-tst-waz.cloudapp.net,"ns1-201.azure-dns.com, msnhst.microsoft.com",NOERROR,,,,,,,True,0.0.0.0,
,contentapi.pat.postnl.nl,"2.16.181.59, 2.20.132.146","c207022.edgekey.net, e207022.dscb.akamaiedge.net","n0dscb.akamaiedge.net, hostmaster.akamai.com",NOERROR,"2a02:26f0:64::214:8492, 2a02:26f0:64::210:b53b",,,,,,,,
,cpt.pat.postnl.nl,"95.101.111.184, 95.101.111.178",,"a1-6.akam.net, domain-registry.postnl.nl",NOERROR,"2a02:26f0:3500:14::1724:a259, 2a02:26f0:3500:14::1724:a24d",v=spf1 -all,,,,,,,
,cpt.postnl.nl,"23.213.161.202, 23.213.161.205",,"a1-6.akam.net, domain-registry.postnl.nl",NOERROR,"2a02:26f0:7100::210:129, 2a02:26f0:7100::210:183",v=spf1 -all,,,,,,,
,creditcheck.events.postnl.nl,3.126.106.228,,"a1-6.akam.net, domain-registry.postnl.nl",NOERROR,,,,,,,,,
,creditmanagement.postnl.nl,62.41.129.193,,"a1-6.akam.net, domain-registry.postnl.nl",NOERROR,,,,,,,,,
,ctaweb.events.postnl.nl,3.126.106.228,,"a1-6.akam.net, domain-registry.postnl.nl",NOERROR,,,,,,,,,
,ctaweb.pat.postnl.nl,145.78.26.92,,"a1-6.akam.net, domain-registry.postnl.nl",NOERROR,,,,,,,,,
,d-ccp.postnl.nl,82.94.160.28,,"a1-6.akam.net, domain-registry.postnl.nl",NOERROR,,,,,,,,,
,d01saml.gis.postnl.nl,145.78.21.94,,"a1-6.akam.net, domain-registry.postnl.nl",NOERROR,,,,,,,,,
,dashboard.events.postnl.nl,3.126.106.228,,"a1-6.akam.net, domain-registry.postnl.nl",NOERROR,,,,,,,,,
,dashboard.postnl.nl,145.78.26.60,,"a1-6.akam.net, domain-registry.postnl.nl",NOERROR,,,,,,,,,
,datasolutions-website.pat.postnl.nl,"2.16.241.162, 2.16.241.159","c207022.edgekey.net, e207022.dscb.akamaiedge.net","n0dscb.akamaiedge.net, hostmaster.akamai.com",NOERROR,"2a02:26f0:480:c::210:f1a2, 2a02:26f0:480:c::210:f19f",,,,,,,,
,datasolutions-website.postnl.nl,"2.20.132.137, 2.20.132.118","postnl.nl.edgekey.net, e77734.dscb.akamaiedge.net","n0dscb.akamaiedge.net, hostmaster.akamai.com",NOERROR,"2a02:26f0:7100::210:141, 2a02:26f0:7100::210:14a",,,,,,,,
,dedigitalebrievenbus.postnl.nl,84.241.158.189,,"a1-6.akam.net, domain-registry.postnl.nl",NOERROR,,,,,,,,,
,dentalair.mijnlogistiek-accp.postnl.nl,"2.17.22.153, 2.17.22.145",,"a1-6.akam.net, domain-registry.postnl.nl",NOERROR,"2a02:26f0:6c00::210:bb8b, 2a02:26f0:6c00::210:bb90",v=spf1 -all,,,,,,,
,descartes.ws.postnl.nl,145.78.21.63,,"a1-6.akam.net, domain-registry.postnl.nl",NOERROR,,,,,,,,,
,design.postnl.nl,"23.36.162.223, 23.36.162.200","postnl.nl.edgekey.net, e77734.dscb.akamaiedge.net","n0dscb.akamaiedge.net, hostmaster.akamai.com",NOERROR,"2a02:26f0:3500:14::1724:a247, 2a02:26f0:3500:14::1724:a24b",,,,,,,,
,dev.apl-platform.postnl.nl,,d030.aws.cldsvc.net,"ns-856.awsdns-43.net, awsdns-hostmaster.amazon.com",NOERROR,,,"ns-1456.awsdns-54.org, ns-1582.awsdns-05.co.uk, ns-333.awsdns-41.com, ns-856.awsdns-43.net",,,,,,
,dev.byd.ws.postnl.nl,145.78.21.249,,"a1-6.akam.net, domain-registry.postnl.nl",NOERROR,,,,,,,,,
,dev.complaint.crm.ws.postnl.nl,145.78.21.248,,"a1-6.akam.net, domain-registry.postnl.nl",NOERROR,,,,,,,,,
,dev.mb.ws.postnl.nl,145.78.21.203,,"a1-6.akam.net, domain-registry.postnl.nl",NOERROR,,,,,,,,,
,dev.pi.ws.postnl.nl,145.78.26.132,,"a1-6.akam.net, domain-registry.postnl.nl",NOERROR,,,,,,,,,
,developer.postnl.nl,"95.101.74.159, 95.101.74.148","postnl.nl.edgekey.net, e77734.dscb.akamaiedge.net","n0dscb.akamaiedge.net, hostmaster.akamai.com",NOERROR,"2a02:26f0:c900:9::5f65:4a9f, 2a02:26f0:c900:9::5f65:4a94",,,,,,,,
,dfa.waz.pat.postnl.nl,0.0.0.0,dfa-acc-waz.cloudapp.net,"ns1-201.azure-dns.com, msnhst.microsoft.com",NOERROR,,,,,,,True,0.0.0.0,
,dfabeheer.waz.tst.postnl.nl,0.0.0.0,dfabeheer-tst-waz.cloudapp.net,"ns1-201.azure-dns.com, msnhst.microsoft.com",NOERROR,,,,,,,True,0.0.0.0,
,dfsbeheer.postnl.nl,137.117.201.206,dfsbeheer-prod-waz.cloudapp.net,"ns1-201.azure-dns.com, msnhst.microsoft.com",NOERROR,,,,True,azure,,,,
,dfsbeheer.waz.pat.postnl.nl,0.0.0.0,dfsbeheer-acc-waz.cloudapp.net,"ns1-201.azure-dns.com, msnhst.microsoft.com",NOERROR,,,,,,,True,0.0.0.0,
,digitalepostzegel.pat.postnl.nl,145.78.21.144,,"a1-6.akam.net, domain-registry.postnl.nl",NOERROR,,,,,,,,,
,digitalepostzegel.postnl.nl,"95.101.111.176, 95.101.111.177","postnl.nl.edgekey.net, e77734.dscb.akamaiedge.net","n0dscb.akamaiedge.net, hostmaster.akamai.com",NOERROR,"2a02:26f0:480:23::1726:628b, 2a02:26f0:480:23::1726:629d",,,,,,,,
,dirextion.postnl.nl,213.154.251.108,,"a1-6.akam.net, domain-registry.postnl.nl",NOERROR,,,,,,,,,
,docs.api.postnl.nl,"92.123.189.18, 92.123.189.105",,,NOERROR,"2a02:26f0:d8::1740:c42, 2a02:26f0:d8::1740:c29",v=spf1 -all,,,,,,,
,dok2.mijnlogistiek-accp.postnl.nl,"23.43.58.24, 23.43.58.26",,"a1-6.akam.net, domain-registry.postnl.nl",NOERROR,"2600:141b:e800:1e::17d8:8434, 2600:141b:e800:1e::17d8:844f",v=spf1 -all,,,,,,,
,dok2.mijnlogistiek.postnl.nl,"95.101.74.161, 95.101.74.151",,"a1-6.akam.net, domain-registry.postnl.nl",NOERROR,"2a02:26f0:c900:9::5f65:4a97, 2a02:26f0:c900:9::5f65:4aa1",v=spf1 -all,,,,,,,
,doorzenden.pat.postnl.nl,"2.16.187.155, 2.16.187.49","doorzenden.pat.edgekey.net, e105134.dscb.akamaiedge.net","n0dscb.akamaiedge.net, hostmaster.akamai.com",NOERROR,"2a02:26f0:3100::1725:e252, 2a02:26f0:3100::1735:2bb2",,,,,,,,
,dropandloop.mijnlogistiek.postnl.nl,"2.20.132.2, 2.20.132.119",,"a1-6.akam.net, domain-registry.postnl.nl",NOERROR,"2a02:26f0:3500:14::1724:a258, 2a02:26f0:3500:14::1724:a254",v=spf1 -all,,,,,,,
,drukwerkservicebo.postnl.nl,13.69.21.95,,"a1-6.akam.net, domain-registry.postnl.nl",NOERROR,,,,True,azure,,,,
,e-commerce.postnl.nl,"2.20.132.137, 2.20.132.118","postnl.nl.edgekey.net, e77734.dscb.akamaiedge.net","n0dscb.akamaiedge.net, hostmaster.akamai.com",NOERROR,"2a02:26f0:7100::210:141, 2a02:26f0:7100::210:14a",,,,,,,,
,e.share.postnl.nl,"185.136.65.7, 185.136.64.6, 185.136.65.6, 185.136.64.7",web.flowmailer.net,"ns1.flowmailer.net, contact.flowmailer.net",NOERROR,,v=spf1 include:spf.flowmailer.net ~all,,,,return.flowmailer.net,,,"letsencrypt.org, sectigo.com, entrust.net, quovadisglobal.com, mailto:abuse@flowmailer.com, digicert.com"
,ecommerce.postnl.nl,145.78.21.83,,"a1-6.akam.net, domain-registry.postnl.nl",NOERROR,,"amazonses:73bjsWQ8E1MMLCmZbqpY26AyJ1ZKtJkrX2p2Vw/tDEM=, v=spf1 include:amazonses.com -all",,,,,,,
,elis.mijnlogistiek.postnl.nl,"62.115.252.50, 62.115.252.59",,"a1-6.akam.net, domain-registry.postnl.nl",NOERROR,"2001:2030:21::3e73:fc3b, 2001:2030:21::3e73:fc32",v=spf1 -all,,,,,,,
,em.events.postnl.nl,3.126.106.228,,"a1-6.akam.net, domain-registry.postnl.nl",NOERROR,,,,,,,,,
,em.postnl.nl,,u1868029.wl.sendgrid.net,"aisha.ns.cloudflare.com, dns.cloudflare.com",NOERROR,,v=spf1 ip4:167.89.63.143 -all,,,,mx.sendgrid.net,,,
,email.events.postnl.nl,,,"a1-6.akam.net, domain-registry.postnl.nl",NOERROR,,,,,,,,,
,email.postnl.nl,91.197.72.25,,"a1-6.akam.net, domain-registry.postnl.nl",NOERROR,,v=spf1 a mx include:virtual.dmdelivery.com -all,,,,virtualmail.dmdelivery.com,,,
,enterpriseenrollment.postnl.com,52.236.189.96,"enterpriseenrollment.manage.microsoft.com, manage-pe.trafficmanager.net, pexsucpeu02.westeurope.cloudapp.azure.com, pexsucpeu03.swedencentral.cloudapp.azure.com","ns1-07.azure-dns.com, azuredns-hostmaster.microsoft.com, ns1-201.azure-dns.com, msnhst.microsoft.com",NOERROR,,,,True,azure,,,,
,enterpriseenrollment.postnl.nl,20.91.147.72,"enterpriseenrollment.manage.microsoft.com, manage-pe.trafficmanager.net, pexsucpeu03.swedencentral.cloudapp.azure.com, pexsucpeu02.westeurope.cloudapp.azure.com","ns1-201.azure-dns.com, msnhst.microsoft.com, ns1-07.azure-dns.com, azuredns-hostmaster.microsoft.com",NOERROR,,,,,,,,,
,enterpriseregistration.postnl.com,20.190.137.40,"enterpriseregistration.windows.net, adrs.privatelink.msidentity.com, www.tm.prd.adrs.akadns.net","internal.akadns.net, hostmaster.akamai.com",NOERROR,,,,True,azure,,,,
,enterpriseregistration.postnl.nl,20.190.137.40,"enterpriseregistration.windows.net, adrs.privatelink.msidentity.com, www.tm.prd.adrs.akadns.net","internal.akadns.net, hostmaster.akamai.com",NOERROR,,,,True,azure,,,,
,ess.gis.postnl.nl,145.78.25.157,,"a1-6.akam.net, domain-registry.postnl.nl",NOERROR,,,,,,,,,
,euregio-laboratory-services.mijnlogistiek-accp.postnl.nl,"2.20.132.110, 2.20.132.143",,"a1-6.akam.net, domain-registry.postnl.nl",NOERROR,"2a02:26f0:7100::210:119, 2a02:26f0:7100::210:148",v=spf1 -all,,,,,,,
,euregio-laboratory-services.mijnlogistiek.postnl.nl,"95.101.74.151, 95.101.74.161",,"a1-6.akam.net, domain-registry.postnl.nl",NOERROR,"2a02:26f0:c900:9::5f65:4aa1, 2a02:26f0:c900:9::5f65:4a97",v=spf1 -all,,,,,,,
,euromail-xmpie.ws.postnl.nl,82.94.160.36,,"a1-6.akam.net, domain-registry.postnl.nl",NOERROR,,,,,,,,,
,examvision.mijnlogistiek.postnl.nl,"62.115.252.50, 62.115.252.59",,"a1-6.akam.net, domain-registry.postnl.nl",NOERROR,"2001:2030:21::3e73:fc32, 2001:2030:21::3e73:fc3b",v=spf1 -all,,,,,,,
,extrahome.postnl.nl,"23.36.162.223, 23.36.162.200","postnl.nl.edgekey.net, e77734.dscb.akamaiedge.net","n0dscb.akamaiedge.net, hostmaster.akamai.com",NOERROR,,,,,,,,,
,facturen.postnl.nl,91.197.72.25,,"a1-6.akam.net, domain-registry.postnl.nl",NOERROR,,v=spf1 include:spf.mailjet.com a mx include:virtualmail.webpower.eu -all,,,,virtualmail.webpower.eu,,,
,fat.developer.postnl.nl,"2.20.132.152, 2.20.132.145",,"a1-6.akam.net, domain-registry.postnl.nl",NOERROR,"2a02:26f0:7100::210:169, 2a02:26f0:7100::210:182",v=spf1 -all,,,,,,,
,fat.events.postnl.nl,3.126.106.228,,"a1-6.akam.net, domain-registry.postnl.nl",NOERROR,,,,,,,,,
,fat.postnl.nl,"88.221.24.88, 88.221.24.129",,"a1-6.akam.net, domain-registry.postnl.nl",NOERROR,"2a02:26f0:b200::58dd:1921, 2a02:26f0:b200::58dd:1938",v=spf1 -all,,,,,,,
,fds001.gis.postnl.nl,145.78.25.179,,"a1-6.akam.net, domain-registry.postnl.nl",NOERROR,,,,,,,,,
,fds802.gis.postnl.nl,145.78.27.21,,"a1-6.akam.net, domain-registry.postnl.nl",NOERROR,,,,,,,,,
,fds803.gis.postnl.nl,145.78.27.22,,"a1-6.akam.net, domain-registry.postnl.nl",NOERROR,,,,,,,,,
,fdsdmz.events.postnl.nl,3.126.106.228,,"a1-6.akam.net, domain-registry.postnl.nl",NOERROR,,,,,,,,,
,federation.gis.postnl.nl,145.78.27.5,,"a1-6.akam.net, domain-registry.postnl.nl",NOERROR,,,,,,,,,
,fietsenwinkel.mijnlogistiek.postnl.nl,"2.20.132.2, 2.20.132.119",,"a1-6.akam.net, domain-registry.postnl.nl",NOERROR,"2a02:26f0:7100::210:129, 2a02:26f0:7100::210:183",v=spf1 -all,,,,,,,
,foto.postnl.nl,80.228.117.134,,"a1-6.akam.net, domain-registry.postnl.nl",NOERROR,,,,,,,,,
,fotowedstrijd.postnl.nl,145.78.26.137,,"a1-6.akam.net, domain-registry.postnl.nl",NOERROR,,,,,,,,,
,fristads.mijnlogistiek.postnl.nl,"62.115.252.59, 62.115.252.50",,"a1-6.akam.net, domain-registry.postnl.nl",NOERROR,"2001:2030:21::3e73:fc32, 2001:2030:21::3e73:fc3b",v=spf1 -all,,,,,,,
,gebruikerservice.mijnpost.pat.ws.postnl.nl,145.78.21.169,,"a1-6.akam.net, domain-registry.postnl.nl",NOERROR,,,,,,,,,
,gebruikerservice.tst.bp.ws.postnl.nl,145.78.26.8,,"a1-6.akam.net, domain-registry.postnl.nl",NOERROR,,,,,,,,,
,globaladdressapi.postnl.nl,"52.213.73.110, 52.16.83.25, 63.35.168.147",globaladdressapi.p04.cldsvc.net,"ns-1.awsdns-00.com, awsdns-hostmaster.amazon.com",NOERROR,,,,,,,,,
,graphql.shop.postnl.nl,"23.43.58.66, 23.43.58.113","shop.postnl.nl, shop.postnl.nl.edgekey.net, e77734.dscb.akamaiedge.net","n0dscb.akamaiedge.net, hostmaster.akamai.com",NOERROR,"2600:141b:e800:1e::17d8:844a, 2600:141b:e800:1e::17d8:843f",,,,,,,,
,graphql.staging.shop.postnl.nl,"2.20.132.110, 2.20.132.143","c129221.edgekey.net, e129221.dscb.akamaiedge.net","n0dscb.akamaiedge.net, hostmaster.akamai.com",NOERROR,"2a02:26f0:7100::210:119, 2a02:26f0:7100::210:148",,,,,,,,
,graphql.test.shop.postnl.nl,"95.101.74.142, 95.101.74.139","c90648.edgekey.net, e90648.dscb.akamaiedge.net","n0dscb.akamaiedge.net, hostmaster.akamai.com",NOERROR,"2a02:26f0:c900:9::5f65:4a8b, 2a02:26f0:c900:9::5f65:4a8e",,,,,,,,
,hah.postnl.nl,"95.101.111.177, 95.101.111.176","postnl.nl.edgekey.net, e77734.dscb.akamaiedge.net","n0dscb.akamaiedge.net, hostmaster.akamai.com",NOERROR,"2a02:26f0:3500:14::1724:a24b, 2a02:26f0:3500:14::1724:a247",,,,,,,,
,importer.dirextion.postnl.nl,213.154.251.108,,"a1-6.akam.net, domain-registry.postnl.nl",NOERROR,,,,,,,,,
,incassomachtigen.postnl.nl,178.18.88.42,,"a1-6.akam.net, domain-registry.postnl.nl",NOERROR,,v=spf1 a mx ip4:178.18.88.42 -all,,,,,,,
,informatie.postnl.nl,91.197.72.25,,"a1-6.akam.net, domain-registry.postnl.nl",NOERROR,,v=spf1 a mx include:virtual.dmdelivery.com -all,,,,virtualmail.dmdelivery.com,,,
,informatiebcp.postnl.nl,195.140.243.160,"cendris-postnl-bcp.webpower.eu, bcp160.webpower.eu","pns41.cloudns.net, support.cloudns.net",NOERROR,,v=spf1 ip4:195.140.243.160 ip4:195.140.243.162 ip4:195.140.243.163 ~all,,,,virtualmail-bcp.webpower.eu,,,
,innovation.postnl.nl,"34.251.201.224, 54.194.170.100, 34.253.101.190","proxy-ssl.webflow.com, proxy-ssl-geo.webflow.com","ns-1078.awsdns-06.org, awsdns-hostmaster.amazon.com",NOERROR,,,,,,,,,
,intranetthuis.medewerkers.postnl.nl,145.78.21.134,,"a1-6.akam.net, domain-registry.postnl.nl",NOERROR,,,,,,,,,
,ip15.events.postnl.nl,3.126.106.228,,"a1-6.akam.net, domain-registry.postnl.nl",NOERROR,,,,,,,,,
,isis.nuon.postnl.nl,82.94.234.147,,"a1-6.akam.net, domain-registry.postnl.nl",NOERROR,,,,,,,,,
,jobs.events.postnl.nl,3.126.106.228,,"a1-6.akam.net, domain-registry.postnl.nl",NOERROR,,,,,,,,,
,jobs.postnl.com,77.73.231.213,,"a1-6.akam.net, domain-registry.postnl.nl",NOERROR,,,,,,,,,
,jouw.acc.postnl.nl,"63.35.77.252, 99.80.190.65",jouw.postnl.a16.cldsvc.net,"ns-1889.awsdns-44.co.uk, awsdns-hostmaster.amazon.com",NOERROR,,,,,,,,,
,jouw.pat.postnl.nl,"23.213.161.217, 23.213.161.210","acc.postnl.nl.edgekey.net, e25132.dscksd.akamaiedge.net","n0dscksd.akamaiedge.net, hostmaster.akamai.com",NOERROR,"2a02:26f0:480:23::1726:62b6, 2a02:26f0:480:23::1726:629d",,,,,,,,
,jouw.postnl.nl,"95.101.74.159, 95.101.74.148",,"a1-6.akam.net, domain-registry.postnl.nl",NOERROR,"2a02:26f0:c900:9::5f65:4a94, 2a02:26f0:c900:9::5f65:4a9f",google-site-verification=cJrxTw3XeEhqU7OrEDpF5CfbQfhbj8phaDJAF3OtEmo,,,,,,,
,jpafspraakmaken.mijnlogistiek-accp.postnl.nl,"23.36.162.197, 23.36.162.210",,"a1-6.akam.net, domain-registry.postnl.nl",NOERROR,,v=spf1 -all,,,,,,,
,jpafspraakmaken.mijnlogistiek.postnl.nl,"2.20.132.2, 2.20.132.119",,"a1-6.akam.net, domain-registry.postnl.nl",NOERROR,"2a02:26f0:64::214:8477, 2a02:26f0:64::214:8402",v=spf1 -all,,,,,,,
,kaartenservice.postnl.nl,145.78.21.183,,"a1-6.akam.net, domain-registry.postnl.nl",NOERROR,,,,,,,,,
,kaartenserviceaccount.postnl.nl,145.78.21.183,,"a1-6.akam.net, domain-registry.postnl.nl",NOERROR,,,,,,,,,
,kaartje.postnl.nl,217.195.123.40,,"a1-6.akam.net, domain-registry.postnl.nl",NOERROR,,,,,,,,,
,kaartwereld2.postnl.nl,"2.20.132.118, 2.20.132.137","postnl.nl.edgekey.net, e77734.dscb.akamaiedge.net","n0dscb.akamaiedge.net, hostmaster.akamai.com",NOERROR,"2a02:26f0:7100::210:14a, 2a02:26f0:7100::210:141",,,,,,,,
,kaartwereld3.postnl.nl,,"postnl.nl.edgekey.net, e77734.dscb.akamaiedge.net","n0dscb.akamaiedge.net, hostmaster.akamai.com",NOERROR,"2a02:26f0:3500:14::1724:a247, 2a02:26f0:3500:14::1724:a24b",,,,,,,,
,kaartwereldaccount.postnl.nl,"95.101.111.177, 95.101.111.176","postnl.nl.edgekey.net, e77734.dscb.akamaiedge.net","n0dscb.akamaiedge.net, hostmaster.akamai.com",NOERROR,"2a02:26f0:3500:14::1724:a24b, 2a02:26f0:3500:14::1724:a247",,,,,,,,
,ketenmonitor.postnl.nl,,,"a1-6.akam.net, domain-registry.postnl.nl",NOERROR,,,,,,,,,
,labelgenerationservice.mijnpost.tst.ws.postnl.nl,145.78.21.165,,"a1-6.akam.net, domain-registry.postnl.nl",NOERROR,,,,,,,,,
,localhost.postnl.post,127.0.0.1,,"a1-6.akam.net, domain-registry.postnl.nl",NOERROR,,,,,,,True,127.0.0.1,
,login-dev.postnl.nl,"95.101.111.163, 95.101.111.165",,"a1-6.akam.net, domain-registry.postnl.nl",NOERROR,"2a02:26f0:480:23::1726:628a, 2a02:26f0:480:23::1726:62b2",v=spf1 -all,,,,,,,
,login-stage.postnl.nl,"23.43.58.34, 23.43.58.75",,"a1-6.akam.net, domain-registry.postnl.nl",NOERROR,"2600:141b:e800:1e::17d8:8441, 2600:141b:e800:1e::17d8:843a",v=spf1 -all,,,,,,,
,login.postnl.nl,"2.16.187.66, 2.16.187.25",,"a1-6.akam.net, domain-registry.postnl.nl",NOERROR,"2a02:26f0:3100::1735:2b98, 2a02:26f0:3100::1735:2b68",v=spf1 -all,,,,,,,
,logs.staging.shop.postnl.nl,"23.50.55.42, 23.50.55.50","staging.shop.postnl.nl.edgekey-staging.net, e25132.dscb.akamaiedge-staging.net","n0dscb.akamaiedge-staging.net, hostmaster.akamai.com",NOERROR,"2a02:26f0:3100::1732:3732, 2a02:26f0:3100::1732:372a",,,,,,,,
,lyncdiscover.events.postnl.nl,3.126.106.228,,"a1-6.akam.net, domain-registry.postnl.nl",NOERROR,,,,,,,,,
,lyncdiscover.postnl.com,52.112.192.14,webdir.online.lync.com,"admin.nsatc.net, dns.level3.net",NOERROR,2603:1027:0:48::21,,,,,,,,
,m.postnl.nl,94.228.131.107,,"a1-6.akam.net, domain-registry.postnl.nl",NOERROR,,,,,,,,,
,mailorder2.postnl.nl,83.98.213.33,,"a1-6.akam.net, domain-registry.postnl.nl",NOERROR,,,,,,,,,
,majorel.mijnlogistiek-accp.postnl.nl,"95.101.111.184, 95.101.111.178",,"a1-6.akam.net, domain-registry.postnl.nl",NOERROR,"2a02:26f0:3500:14::1724:a24d, 2a02:26f0:3500:14::1724:a259",,,,,,,,
,majorel.mijnlogistiek.postnl.nl,"80.239.137.161, 62.115.252.59",,"a1-6.akam.net, domain-registry.postnl.nl",NOERROR,"2001:2030:21::3e73:fc3b, 2001:2030:21::3e73:fc32",,,,,,,,
,manpower.mijnlogistiek.postnl.nl,"2.20.132.2, 2.20.132.119",,"a1-6.akam.net, domain-registry.postnl.nl",NOERROR,"2a02:26f0:64::214:8477, 2a02:26f0:64::214:8402",v=spf1 -all,,,,,,,
,mb.ws.postnl.nl,145.78.21.190,,"a1-6.akam.net, domain-registry.postnl.nl",NOERROR,,,,,,,,,
,medewerkers.postnl.nl,145.78.21.134,,"a1-6.akam.net, domain-registry.postnl.nl",NOERROR,,,,,,,,,
,medlab-stein.mijnlogistiek-accp.postnl.nl,"2.20.132.143, 2.20.132.110",,"a1-6.akam.net, domain-registry.postnl.nl",NOERROR,"2a02:26f0:7100::210:119, 2a02:26f0:7100::210:148",v=spf1 -all,,,,,,,
,medlab-stein.mijnlogistiek.postnl.nl,"95.101.74.151, 95.101.74.161",,"a1-6.akam.net, domain-registry.postnl.nl",NOERROR,"2a02:26f0:c900:9::5f65:4a97, 2a02:26f0:c900:9::5f65:4aa1",v=spf1 -all,,,,,,,
,mijn.pat.postnl.nl,"161.71.1.176, 161.71.3.176, 161.71.2.176","uat-businessportal.cs87.force.com, cs87.force.com, cs87-lo2.force.com, cs87-lo2.lo2.r.force.com","ns1-lo2.salesforce.com, hostmaster.salesforce.com",NOERROR,,,,,,,,,
,mijn.postnl.nl,"96.16.54.130, 96.16.54.120","postnl.nl.edgekey.net, e77734.dscb.akamaiedge.net","n0dscb.akamaiedge.net, hostmaster.akamai.com",NOERROR,"2a02:26f0:d8::1740:c32, 2a02:26f0:d8::1740:c2b",,,,,,,,
,mijn.tst.postnl.nl,"136.146.36.152, 136.146.42.152, 136.146.46.152","test-businessportal.cs17.force.com, cs17.force.com, cs276.force.com, cs276-ia7.force.com, cs276-ia7.ia7.r.force.com","ns1-ia7.salesforce.com, hostmaster.salesforce.com",NOERROR,,,,,,,,,
,mijndataportaal.postnl.nl,"23.43.58.113, 23.43.58.66","c77734.edgekey.net, e77734.dscb.akamaiedge.net","n0dscb.akamaiedge.net, hostmaster.akamai.com",NOERROR,"2600:141b:e800:1e::17d8:844a, 2600:141b:e800:1e::17d8:843f",,,,,,,,
,mijnpakket.events.postnl.nl,3.126.106.228,,"a1-6.akam.net, domain-registry.postnl.nl",NOERROR,,,,,,,,,
,mijnpakket.pat.postnl.nl,"52.18.79.191, 52.214.203.114, 34.240.111.59",mijnpakket.a04.cldsvc.net,"ns-1236.awsdns-26.org, awsdns-hostmaster.amazon.com",NOERROR,,,,,,,,,
,mijnpakket.sandbox.postnl.nl,"52.31.25.125, 52.208.164.54, 52.209.83.58",mijnpakket.sandbox.a04.cldsvc.net,"ns-1236.awsdns-26.org, awsdns-hostmaster.amazon.com",NOERROR,,,,,,,,,
,mijnpostnlzakelijk.acc.postnl.nl,"2.20.132.137, 2.20.132.119",,"a1-6.akam.net, domain-registry.postnl.nl",NOERROR,"2a02:26f0:7100::210:17b, 2a02:26f0:7100::210:160","v=spf1 -all, 00D3M0000008b43UAA, 00dw0000000cncleas",,,,,,,
,mijnpostnlzakelijk.postnl.nl,"2.16.241.145, 2.16.241.160",,"a1-6.akam.net, domain-registry.postnl.nl",NOERROR,"2a02:26f0:480:c::210:f1a0, 2a02:26f0:480:c::210:f191","google-site-verification=8fmY3V2OJRg_wQO8vCFy0EqO4Xd74gOJI7TdG-234wY, 00dw0000000cncleas, v=spf1 -all",,,,,,,
,mijnregieportaal.postnl.nl,104.214.231.110,"prodpostnlccpportal.azurewebsites.net, waws-prod-am2-247.sip.azurewebsites.windows.net, waws-prod-am2-247.cloudapp.net","ns1-201.azure-dns.com, msnhst.microsoft.com",NOERROR,,,,True,azure,,,,
,mijnservice.events.postnl.nl,3.126.106.228,,"a1-6.akam.net, domain-registry.postnl.nl",NOERROR,,,,,,,,,
,mijnservice.postnl.nl,145.78.26.77,,"a1-6.akam.net, domain-registry.postnl.nl",NOERROR,,,,,,,,,
,mijnwerk.postnl.nl,"2.20.132.118, 2.20.132.137","postnl.nl.edgekey.net, e77734.dscb.akamaiedge.net","n0dscb.akamaiedge.net, hostmaster.akamai.com",NOERROR,,,,,,,,,
,mobilecare.mijnlogistiek-accp.postnl.nl,"88.221.24.40, 88.221.24.81",,"a1-6.akam.net, domain-registry.postnl.nl",NOERROR,"2a02:26f0:b200::58dd:1938, 2a02:26f0:b200::58dd:1970",,,,,,,,
,mobilecare.mijnlogistiek.postnl.nl,"2.20.132.2, 2.20.132.119",,"a1-6.akam.net, domain-registry.postnl.nl",NOERROR,"2a02:26f0:3500:14::1724:a258, 2a02:26f0:3500:14::1724:a254",,,,,,,,
,monuta.postnl.nl,37.230.98.148,,"a1-6.akam.net, domain-registry.postnl.nl",NOERROR,,,,,,,,,
,mox-tablet-test.postnl.nl,145.78.21.211,,"a1-6.akam.net, domain-registry.postnl.nl",NOERROR,,,,,,,,,
,msoid.postnl.com,"20.190.177.85, 20.190.177.21, 20.190.177.146, 20.190.177.19, 20.190.177.83, 20.190.177.147, 20.190.177.149, 20.190.177.82","clientconfig.microsoftonline-p.net, a.privatelink.msidentity.com, prda.aadg.msidentity.com, www.tm.a.prd.aadg.trafficmanager.net, www.tm.a.prd.aadg.akadns.net","internal.akadns.net, hostmaster.akamai.com, tm1.dns-tm.com, hostmaster.trafficmanager.net",NOERROR,,,,True,azure,,,,
,msoid.postnl.nl,"20.190.160.17, 40.126.32.68, 20.190.160.22, 40.126.32.76, 40.126.32.74, 40.126.32.134, 20.190.160.20, 20.190.160.14","clientconfig.microsoftonline-p.net, a.privatelink.msidentity.com, prda.aadg.msidentity.com, www.tm.a.prd.aadg.akadns.net, www.next.a.prd.aadg.akadns.net, dub2.next.a.prd.aadg.akadns.net","internal.akadns.net, hostmaster.akamai.com",NOERROR,,,,True,azure,,,,
,mta-sts.medewerker.postnl.nl,185.104.29.106,policy.mta-sts.informatie.postnl.nl.eu-m9sha5zi.eu.dmarcadvisor.net,"ns-cloud-a1.googledomains.com, cloud-dns-hostmaster.google.com",NOERROR,,,,,,,,,
,mta-sts.postnl.nl,185.104.29.106,policy.mta-sts.postnl.nl.eu-m9sha5zi.eu.dmarcadvisor.net,"ns-cloud-a1.googledomains.com, cloud-dns-hostmaster.google.com",NOERROR,2a06:2ec0:1::135,,,,,,,,
,mta.edm.postnl.nl,13.111.33.120,,"a1-6.akam.net, domain-registry.postnl.nl",NOERROR,,,,,,,,,
,mtls.postnl.nl,,,"a1-6.akam.net, domain-registry.postnl.nl",NOERROR,,,,,,,,,
,myapps.postnl.nl,"80.239.137.154, 80.239.137.144",,"a1-6.akam.net, domain-registry.postnl.nl",NOERROR,"2001:2030:21::50ef:899a, 2001:2030:21::50ef:8990",v=spf1 -all,,,,,,,
,myparcel.verpakkingen.postnl.nl,35.156.255.182,,"a1-6.akam.net, domain-registry.postnl.nl",NOERROR,,,,,,,,,
,nabestaanden.pat.postnl.nl,"52.211.10.80, 54.76.182.158, 52.209.189.58",nabestaanden.a04.cldsvc.net,"ns-1236.awsdns-26.org, awsdns-hostmaster.amazon.com",NOERROR,,,,,,,,,
,nabestaanden.postnl.nl,"34.243.82.71, 3.248.122.230, 52.210.72.156",nabestaanden.p04.cldsvc.net,"ns-1.awsdns-00.com, awsdns-hostmaster.amazon.com",NOERROR,,,,,,,,,
,nieuwsbrief.postnl.nl,91.197.72.25,,"a1-6.akam.net, domain-registry.postnl.nl",NOERROR,,v=spf1 a mx include:virtual.dmdelivery.com -all,,,,virtualmail.dmdelivery.com,,,
,nrs.pat.postnl.nl,"54.246.135.38, 34.240.105.177, 52.19.46.2",nrs.a04.cldsvc.net,"ns-1236.awsdns-26.org, awsdns-hostmaster.amazon.com",NOERROR,,,,,,,,,
,nrs.postnl.nl,"54.72.96.24, 52.215.110.219, 54.246.102.14",nrs.p04.cldsvc.net,"ns-1.awsdns-00.com, awsdns-hostmaster.amazon.com",NOERROR,,,,,,,,,
,ns1.events.postnl.nl,3.126.106.228,,"a1-6.akam.net, domain-registry.postnl.nl",NOERROR,,,,,,,,,
,ns2.events.postnl.nl,3.126.106.228,,"a1-6.akam.net, domain-registry.postnl.nl",NOERROR,,,,,,,,,
,ns3.events.postnl.nl,3.126.106.228,,"a1-6.akam.net, domain-registry.postnl.nl",NOERROR,,,,,,,,,
,nvsp.ws.postnl.nl,145.78.26.7,,"a1-6.akam.net, domain-registry.postnl.nl",NOERROR,,,,,,,,,
,online.events.postnl.nl,3.126.106.228,,"a1-6.akam.net, domain-registry.postnl.nl",NOERROR,,,,,,,,,
,orderws.dfs.postnl.nl,137.117.201.207,dfsorderws-prod-waz.cloudapp.net,"ns1-201.azure-dns.com, msnhst.microsoft.com",NOERROR,,,,True,azure,,,,
,orderws.waz.dfs.tst.postnl.nl,0.0.0.0,dfsorderws-tst-waz.cloudapp.net,"ns1-201.azure-dns.com, msnhst.microsoft.com",NOERROR,,,,,,,True,0.0.0.0,
,p.notificatie.postnl.nl,"185.211.248.193, 194.61.64.139, 194.61.64.74, 185.211.249.225, 185.211.249.228, 185.211.248.194",td48.tripolis.com,"ns1.tripolis.com, hostmaster.tripolis.com",NOERROR,,v=spf1 include:mail.tripolis.com ~all,"ns1.tripolis.com, ns2.tripolis.com, ns3.tripolis.com, ns4.tripolis.com",,,"mx1.td48.tripolis.com, mx2.td48.tripolis.com",,,
,p2p.postnl.nl,,,"a1-6.akam.net, domain-registry.postnl.nl",NOERROR,,,,,,,,,
,partners.postnl.nl,62.221.203.9,,"a1-6.akam.net, domain-registry.postnl.nl",NOERROR,,,,,,,,,
,partners.postnl.post,"2.20.132.110, 2.20.132.152","c25570.edgekey.net, e25570.dscb.akamaiedge.net","n0dscb.akamaiedge.net, hostmaster.akamai.com",NOERROR,"2a02:26f0:7100::210:181, 2a02:26f0:7100::210:120",,,,,,,,
,partycodeservice.mijnpost.pat.ws.postnl.nl,145.78.21.152,,"a1-6.akam.net, domain-registry.postnl.nl",NOERROR,,,,,,,,,
,partycodeservice.mijnpost.tst.ws.postnl.nl,145.78.21.148,,"a1-6.akam.net, domain-registry.postnl.nl",NOERROR,,,,,,,,,
,pat-adresboek.postnl.nl,"151.101.65.195, 151.101.1.195",,"a1-6.akam.net, domain-registry.postnl.nl",NOERROR,,,,True,fastly,,,,
,pat.account.postnl.nl,213.251.14.151,,"a1-6.akam.net, domain-registry.postnl.nl",NOERROR,,,,,,,,,
,pat.postnl.com,145.78.21.227,,"a1-6.akam.net, domain-registry.postnl.nl",NOERROR,,,,,,,,,
,pat.postnl.post,,,"a1-6.akam.net, domain-registry.postnl.nl",NOERROR,,,,True,azure,,,,
,pay.events.postnl.nl,3.126.106.228,,"a1-6.akam.net, domain-registry.postnl.nl",NOERROR,,,,,,,,,
,payments.events.postnl.nl,3.126.106.228,,"a1-6.akam.net, domain-registry.postnl.nl",NOERROR,,,,,,,,,
,payments.pat.postnl.nl,"52.210.122.30, 34.249.94.226, 34.240.166.35",payments.a04.cldsvc.net,"ns-1236.awsdns-26.org, awsdns-hostmaster.amazon.com",NOERROR,,,,,,,,,
,payments.postnl.nl,"54.154.7.217, 54.246.201.139, 54.76.155.235",payments.p04.cldsvc.net,"ns-1.awsdns-00.com, awsdns-hostmaster.amazon.com",NOERROR,,,,,,,,,
,paymentsapi.pat.postnl.nl,"54.171.35.32, 54.154.187.61, 34.253.253.78",paymentsapi.a04.cldsvc.net,"ns-1236.awsdns-26.org, awsdns-hostmaster.amazon.com",NOERROR,,,,,,,,,
,persoonlijkepostzegel.postnl.nl,"5.178.114.246, 54.171.4.148",,"a1-6.akam.net, domain-registry.postnl.nl",NOERROR,,v=spf1 ip4:5.178.114.244 -all,,,,,,,
,pfportal.gis.postnl.nl,145.78.27.24,,"a1-6.akam.net, domain-registry.postnl.nl",NOERROR,,,,,,,,,
,pi.ws.postnl.nl,145.78.26.129,,"a1-6.akam.net, domain-registry.postnl.nl",NOERROR,,,,,,,,,
,portal-ccp.postnl.nl,10.239.40.18,,"a1-6.akam.net, domain-registry.postnl.nl",NOERROR,,,,,,,True,10.239.40.18,
,porteninnen.pat.postnl.nl,"80.239.137.163, 62.115.252.10","acc.postnl.nl.edgekey.net, e25132.dscksd.akamaiedge.net","n0dscksd.akamaiedge.net, hostmaster.akamai.com",NOERROR,"2001:2030:22::3e73:fda8, 2001:2030:22::3e73:fd9b",,,,,,,,
,portokosten.pat.postnl.nl,,"acc.postnl.nl.edgekey.net, e25132.dscksd.akamaiedge.net","n0dscksd.akamaiedge.net, hostmaster.akamai.com",NOERROR,"2a02:26f0:3500:1c::1724:a362, 2a02:26f0:3500:1c::1724:a371",,,,,,,,
,portokosten.postnl.nl,"2.20.132.137, 2.20.132.118","postnl.nl.edgekey.net, e77734.dscb.akamaiedge.net","n0dscb.akamaiedge.net, hostmaster.akamai.com",NOERROR,"2a02:26f0:64::214:8476, 2a02:26f0:64::214:8489",,,,,,,,
,pos-api.pat.postnl.nl,"34.248.117.76, 52.211.110.94, 52.16.197.38",pos-api.a04.cldsvc.net,"ns-1236.awsdns-26.org, awsdns-hostmaster.amazon.com",NOERROR,,,,,,,,,
,postcode-portal.postnl.nl,"62.115.252.59, 80.239.137.161",,"a1-6.akam.net, domain-registry.postnl.nl",NOERROR,"2001:2030:21::50ef:89a1, 2001:2030:21::3e73:fc3b",v=spf1 -all,,,,,,,
,postnl.post,"95.101.111.135, 95.101.111.162",,"a1-6.akam.net, domain-registry.postnl.nl",NOERROR,"2a02:26f0:3500:14::1724:a252, 2a02:26f0:3500:14::1724:a245","j5wypktPIGNnZl9WhBrLu7Pw3rQ6a2SeLqzQdBbE6D0N0/K7c+OkmFDdCxv/i7rV7bUXmpFsSZ92CY//iNJAfg==, v=spf1 ip4:167.89.62.82 -all, QuoVadis=2db64fae-111e-4723-a60b-fce4a96c5426","a2-66.akam.net, a18-65.akam.net, a1-6.akam.net, a3-67.akam.net, a14-64.akam.net, a13-67.akam.net",,,,,,
,postnlpakketpunten.events.postnl.nl,,,"a1-6.akam.net, domain-registry.postnl.nl",NOERROR,,,,,,,,,
,postvervoerders.postnl.nl,"95.101.74.161, 95.101.74.151",,"a1-6.akam.net, domain-registry.postnl.nl",NOERROR,"2a02:26f0:c900:9::5f65:4a97, 2a02:26f0:c900:9::5f65:4aa1",v=spf1 -all,,,,,,,
,powerbi-datalake.postnl.nl,"95.101.74.161, 95.101.74.151","c86526.edgekey.net, e86526.dscb.akamaiedge.net","n0dscb.akamaiedge.net, hostmaster.akamai.com",NOERROR,"2a02:26f0:c900:9::5f65:4aa1, 2a02:26f0:c900:9::5f65:4a97",,,,,,,,
,pps.fat.postnl.nl,"88.221.24.81, 88.221.24.40",,"a1-6.akam.net, domain-registry.postnl.nl",NOERROR,"2a02:26f0:b200::58dd:1938, 2a02:26f0:b200::58dd:1970",,,,,,,,
,prod.complaint.crm.ws.postnl.nl,145.78.21.77,,"a1-6.akam.net, domain-registry.postnl.nl",NOERROR,,,,,,,,,
,prod01.postnl.nl,,,"a1-6.akam.net, domain-registry.postnl.nl",NOERROR,,,,,,,,,
,productprijslokatie.pat.postnl.nl,"2.20.132.110, 2.20.132.143","c129221.edgekey.net, e129221.dscb.akamaiedge.net","n0dscb.akamaiedge.net, hostmaster.akamai.com",NOERROR,"2a02:26f0:64::214:848f, 2a02:26f0:64::214:846e",,,,,,,,
,productprijslokatie.postnl.nl,"2.20.132.118, 2.20.132.137","postnl.nl.edgekey.net, e77734.dscb.akamaiedge.net","n0dscb.akamaiedge.net, hostmaster.akamai.com",NOERROR,,,,,,,,,
,prometheus.events.postnl.nl,3.126.106.228,,"a1-6.akam.net, domain-registry.postnl.nl",NOERROR,,,,,,,,,
,pvweb.pat.postnl.nl,145.78.26.56,,"a1-6.akam.net, domain-registry.postnl.nl",NOERROR,,,,,,,,,
,pwa.test.shop.postnl.nl,52.59.10.248,,"a1-6.akam.net, domain-registry.postnl.nl",NOERROR,,,,,,,,,
,qas.complaint.crm.ws.postnl.nl,145.78.21.76,,"a1-6.akam.net, domain-registry.postnl.nl",NOERROR,,,,,,,,,
,qas.p2p.postnl.nl,145.78.21.89,,"a1-6.akam.net, domain-registry.postnl.nl",NOERROR,,,,,,,,,
,quotamanager.developer.postnl.nl,52.215.39.63,qmp.p04.cldsvc.net,"ns-1.awsdns-00.com, awsdns-hostmaster.amazon.com",NOERROR,,,,,,,,,
,realestate.postnl.nl,"2.20.132.118, 2.20.132.137","postnl.nl.edgekey.net, e77734.dscb.akamaiedge.net","n0dscb.akamaiedge.net, hostmaster.akamai.com",NOERROR,"2a02:26f0:7100::210:141, 2a02:26f0:7100::210:14a",,,,,,,,
,reclaimschijvens.mijnlogistiek-accp.postnl.nl,"95.101.74.155, 95.101.74.147",,"a1-6.akam.net, domain-registry.postnl.nl",NOERROR,"2a02:26f0:c900:9::5f65:4a9b, 2a02:26f0:c900:9::5f65:4a93",v=spf1 -all,,,,,,,
,reclaimschijvens.mijnlogistiek.postnl.nl,"23.36.162.216, 23.36.162.220",,"a1-6.akam.net, domain-registry.postnl.nl",NOERROR,"2a02:26f0:3500:14::1724:a254, 2a02:26f0:3500:14::1724:a258",v=spf1 -all,,,,,,,
,recoverschijvens.mijnlogistiek-accp.postnl.nl,"96.16.54.185, 96.16.54.155",,"a1-6.akam.net, domain-registry.postnl.nl",NOERROR,"2a02:26f0:d8::1740:c32, 2a02:26f0:d8::1740:c49",v=spf1 -all,,,,,,,
,recoverschijvens.mijnlogistiek.postnl.nl,"2.20.132.2, 2.20.132.119",,"a1-6.akam.net, domain-registry.postnl.nl",NOERROR,"2a02:26f0:7100::210:183, 2a02:26f0:7100::210:129",v=spf1 -all,,,,,,,
,refuseschijvens.mijnlogistiek-accp.postnl.nl,"95.101.111.178, 95.101.111.184",,"a1-6.akam.net, domain-registry.postnl.nl",NOERROR,"2a02:26f0:3500:14::1724:a259, 2a02:26f0:3500:14::1724:a24d",v=spf1 -all,,,,,,,
,repairschijvens.mijnlogistiek.postnl.nl,"88.221.24.49, 88.221.24.43",,"a1-6.akam.net, domain-registry.postnl.nl",NOERROR,"2a02:26f0:b200::58dd:1971, 2a02:26f0:b200::58dd:1930",v=spf1 -all,,,,,,,
,retail.pat.postnl.nl,"95.101.74.147, 95.101.74.155","c129221.edgekey.net, e129221.dscb.akamaiedge.net","n0dscb.akamaiedge.net, hostmaster.akamai.com",NOERROR,"2a02:26f0:c900:9::5f65:4a9b, 2a02:26f0:c900:9::5f65:4a93",,,,,,,,
,retail.postnl.nl,"80.239.137.154, 80.239.137.144","postnl.nl.edgekey.net, e77734.dscb.akamaiedge.net","n0dscb.akamaiedge.net, hostmaster.akamai.com",NOERROR,"2001:2030:21::50ef:8990, 2001:2030:21::50ef:899a",,,,,,,,
,ritmonitor.postnl.nl,213.154.251.108,,"a1-6.akam.net, domain-registry.postnl.nl",NOERROR,,,,,,,,,
,rodeq.mijnlogistiek-accp.postnl.nl,"2.20.132.143, 2.20.132.110",,"a1-6.akam.net, domain-registry.postnl.nl",NOERROR,"2a02:26f0:64::214:846e, 2a02:26f0:64::214:848f",v=spf1 -all,,,,,,,
,rouwpost.postnl.nl,"2.16.187.66, 2.16.187.25","postnl.nl.edgekey.net, e77734.dscb.akamaiedge.net","n0dscb.akamaiedge.net, hostmaster.akamai.com",NOERROR,"2a02:26f0:3100::1735:2b98, 2a02:26f0:3100::1735:2b68",,,,,,,,
,schijvens.mijnlogistiek-accp.postnl.nl,"2.17.22.145, 2.17.22.153",,"a1-6.akam.net, domain-registry.postnl.nl",NOERROR,"2a02:26f0:6c00::210:bb8b, 2a02:26f0:6c00::210:bb90",v=spf1 -all,,,,,,,
,schijvens.mijnlogistiek.postnl.nl,"2.20.132.119, 2.20.132.2",,"a1-6.akam.net, domain-registry.postnl.nl",NOERROR,"2a02:26f0:7100::210:129, 2a02:26f0:7100::210:183",v=spf1 -all,,,,,,,
,sdk.postnl.nl,"104.16.204.47, 104.16.203.47",postnl.onegini.com,"beau.ns.cloudflare.com, dns.cloudflare.com",NOERROR,,"heritage=external-dns,external-dns/owner=production,external-dns/resource=ingress/ambassador/global-ambassador-dns",,True,cloudflare,,,,
,sdkacc.postnl.nl,"104.16.203.47, 104.16.204.47",postnl-preprod.onegini.com,"beau.ns.cloudflare.com, dns.cloudflare.com",NOERROR,"2606:4700::6810:cb2f, 2606:4700::6810:cc2f","heritage=external-dns,external-dns/owner=production,external-dns/resource=ingress/ambassador/global-ambassador-dns",,True,cloudflare,,,,
,sdt.postnl.nl,145.78.21.21,,"a1-6.akam.net, domain-registry.postnl.nl",NOERROR,,,,,,,,,
,search.events.postnl.nl,3.126.106.228,,"a1-6.akam.net, domain-registry.postnl.nl",NOERROR,,,,,,,,,
,search.postnl.nl,145.222.214.175,,"a1-6.akam.net, domain-registry.postnl.nl",NOERROR,,,,,,,,,
,secure.postnl.nl,109.74.248.171,,"a1-6.akam.net, domain-registry.postnl.nl",NOERROR,,,,,,,,,
,selfservice.postnl.nl,145.78.21.86,,"a1-6.akam.net, domain-registry.postnl.nl",NOERROR,,,,,,,,,
,sendgrid.postnl.post,,u2268122.wl123.sendgrid.net,"aisha.ns.cloudflare.com, dns.cloudflare.com",NOERROR,,v=spf1 ip4:167.89.62.82 -all,,,,mx.sendgrid.net,,,
,services.postnl.nl,"2.20.132.118, 2.20.132.137","postnl.nl.edgekey.net, e77734.dscb.akamaiedge.net","n0dscb.akamaiedge.net, hostmaster.akamai.com",NOERROR,"2a02:26f0:7100::210:14a, 2a02:26f0:7100::210:141",,,,,,,,
,shop.postnl.nl,"80.239.137.144, 80.239.137.154","shop.postnl.nl.edgekey.net, e77734.dscb.akamaiedge.net","n0dscb.akamaiedge.net, hostmaster.akamai.com",NOERROR,"2001:2030:21::50ef:8990, 2001:2030:21::50ef:899a",,,,,,,,
,sint.postnl.nl,"23.213.161.201, 23.213.161.219",postnl.nl,"a1-6.akam.net, domain-registry.postnl.nl",NOERROR,"2a02:26f0:480:23::1726:628b, 2a02:26f0:480:23::1726:629d","MS=ms37833763, j6qmwwxpyzk34dnbmj68qdd5zzl7jh6q, QuoVadis=22e31322-0e46-4479-bc07-7ad42a18cca6, QuoVadis=71883500-c414-4bff-a592-ab598957f665, QuoVadis=8973dd51-798b-4317-a49e-b84a24a1c30b, miro-verification=961700b9c0914fd95da5f6c540edfca7beb773eb, onetrust-domain-verification=74b428aca4be4f9797ef59e1bf5768c6, onetrust-domain-verification=8f184bac1ddd446ea5432e43860473dc, google-site-verification=7bKJMEdNGuE06EzL0diQp_EvY_v_zwS_F6U8Gho1NTk, google-site-verification=w70WsHjdPfJF8qD3dR1raPg04dDKLzLlzYTPt2FT3rA, pardot_301951_*=48970e6fc45d8ec30f71387137d35a7773aead17090615c1553bdd0ceb10b1c3, MNgM0tfwmQfvXEDPAev/o1Qy5yqS9ePGscJB+kNeIe392K6hzg2+IKF8tfmb+8cnhC/gUb+bZbk38fVYvj9K4A==, adobe-idp-site-verification=6a45d6aa22fc438b97a4e3d282ffe785492c90831b8365a246283658479794b3, v=spf1 ip4:87.233.130.51 ip4:83.149.98.72 include:spf.protection.outlook.com include:spf1.postnl.nl include:spf2.postnl.nl -all","a1-6.akam.net, a2-66.akam.net, a3-67.akam.net, a13-67.akam.net, a14-64.akam.net, a18-65.akam.net",,,postnl-nl.mail.protection.outlook.com,,,
,slotallocator.postnl.post,"2.16.241.132, 2.16.241.143",,"a1-6.akam.net, domain-registry.postnl.nl",NOERROR,"2a02:26f0:480:c::210:f184, 2a02:26f0:480:c::210:f18f",v=spf1 include:mailgun.org -all,,,,"mxa.eu.mailgun.org, mxb.eu.mailgun.org",,,
,socc.ws.postnl.nl,145.78.26.3,,"a1-6.akam.net, domain-registry.postnl.nl",NOERROR,,,,,,,,,
,spf1.postnl.nl,,,"a1-6.akam.net, domain-registry.postnl.nl",NOERROR,,v=spf1 include:_spf.salesforce.com ip4:213.52.186.141 ip4:217.77.130.171 ip4:217.77.130.172 ip4:213.52.186.142 -all,,,,,,,
,spiratest.pat.postnl.nl,,,"a1-6.akam.net, domain-registry.postnl.nl",NOERROR,,,,,,,,,
,ssotest.postnl.nl,,,"a1-6.akam.net, domain-registry.postnl.nl",NOERROR,,,,,,,,,
,ssp.pat.postnl.nl,"2.20.132.137, 2.20.132.119","ssp.pat.postnl.nl.edgekey.net, e105134.dscb.akamaiedge.net","n0dscb.akamaiedge.net, hostmaster.akamai.com",NOERROR,"2a02:26f0:7100::210:160, 2a02:26f0:7100::210:17b",,,,,,,,
,ssp.postnl.nl,"108.128.186.213, 34.252.176.219, 108.128.39.109",ssp.p04.cldsvc.net,"ns-1.awsdns-00.com, awsdns-hostmaster.amazon.com",NOERROR,,,,,,,,,
,sspbackoffice.postnl.nl,"54.154.247.200, 18.203.226.119, 52.210.59.94",sspbackoffice.p04.cldsvc.net,"ns-1.awsdns-00.com, awsdns-hostmaster.amazon.com",NOERROR,,,,,,,,,
,staging.crypto.shop.postnl.nl,"80.239.137.168, 62.115.252.19",,"a1-6.akam.net, domain-registry.postnl.nl",NOERROR,"2001:2030:21::50ef:89a8, 2001:2030:21::3e73:fc13",v=spf1 -all,,,,,,,
,staging.developer.postnl.nl,23.97.138.192,postnl-if-wap.cloudapp.net,"ns1-201.azure-dns.com, msnhst.microsoft.com",NOERROR,,,,True,azure,,,,
,staging.events.postnl.nl,3.126.106.228,,"a1-6.akam.net, domain-registry.postnl.nl",NOERROR,,,,,,,,,
,staging.postnl.com,23.97.138.192,postnl-if-wap.cloudapp.net,"ns1-201.azure-dns.com, msnhst.microsoft.com",NOERROR,,,,True,azure,,,,
,staging.postnl.nl,23.97.138.192,postnl-if-wap.cloudapp.net,"ns1-201.azure-dns.com, msnhst.microsoft.com",NOERROR,,,,True,azure,,,,
,staging.shopintegration.postnl.nl,"95.101.111.184, 95.101.111.178","c129221.edgekey.net, e129221.dscb.akamaiedge.net","n0dscb.akamaiedge.net, hostmaster.akamai.com",NOERROR,"2a02:26f0:480:23::1726:62a0, 2a02:26f0:480:23::1726:6296",,,,,,,,
,starshl.mijnlogistiek-accp.postnl.nl,"62.115.252.75, 80.239.137.153",,"a1-6.akam.net, domain-registry.postnl.nl",NOERROR,"2001:2030:21::3e73:fc4b, 2001:2030:21::50ef:8999",v=spf1 -all,,,,,,,
,starshl.mijnlogistiek.postnl.nl,"95.101.74.151, 95.101.74.161",,"a1-6.akam.net, domain-registry.postnl.nl",NOERROR,"2a02:26f0:c900:9::5f65:4a97, 2a02:26f0:c900:9::5f65:4aa1",v=spf1 -all,,,,,,,
,start.gis.postnl.nl,145.78.25.184,,"a1-6.akam.net, domain-registry.postnl.nl",NOERROR,,,,,,,,,
,stats.postnl.com,"63.140.62.135, 63.140.62.164, 63.140.62.160",tnt.com.112.2o7.net,"ns201.adobe.net, hostmaster.adobe.com, dnsadmin.omniture.com",NOERROR,,,,,,,,,
,streaming.events.postnl.nl,3.126.106.228,,"a1-6.akam.net, domain-registry.postnl.nl",NOERROR,,,,,,,,,
,supplychaincontrol.postnl.nl,"62.115.252.59, 80.239.137.161",,"a1-6.akam.net, domain-registry.postnl.nl",NOERROR,"2001:2030:21::3e73:fc3b, 2001:2030:21::50ef:89a1",v=spf1 -all,,,,,,,
,swa.postnl.com,"63.140.62.160, 63.140.62.164, 63.140.62.135",postnl.com.ssl.sc.omtrdc.net,"ns201.adobe.net, hostmaster.adobe.com",NOERROR,,,,,,,,,
,swa.postnl.nl,"63.140.62.164, 63.140.62.135, 63.140.62.160",postnl.nl.ssl.sc.omtrdc.net,"ns201.adobe.net, hostmaster.adobe.com",NOERROR,,,,,,,,,
,t-ccp.postnl.nl,82.94.160.27,,"a1-6.akam.net, domain-registry.postnl.nl",NOERROR,,,,,,,,,
,t-mobile.postnl.nl,89.146.5.251,,"a1-6.akam.net, domain-registry.postnl.nl",NOERROR,,v=spf1 -all,,,,,,,
,tarievenwijzer.pat.postnl.nl,145.78.21.253,,"a1-6.akam.net, domain-registry.postnl.nl",NOERROR,,,,,,,,,
,teleperformancebenelux.mijnlogistiek.postnl.nl,"95.101.111.176, 95.101.111.177",,"a1-6.akam.net, domain-registry.postnl.nl",NOERROR,"2a02:26f0:480:23::1726:628b, 2a02:26f0:480:23::1726:629d",v=spf1 -all,,,,,,,
,test.crypto.shop.postnl.nl,,,"a1-6.akam.net, domain-registry.postnl.nl",NOERROR,,v=spf1 -all,,,,,,,
,test.nvsp.ws.postnl.nl,145.78.26.7,,"a1-6.akam.net, domain-registry.postnl.nl",NOERROR,,,,,,,,,
,test.shop.postnl.nl,"23.43.58.97, 23.43.58.122","c90648.edgekey.net, e90648.dscb.akamaiedge.net","n0dscb.akamaiedge.net, hostmaster.akamai.com",NOERROR,"2600:141b:e800:1e::17d8:8437, 2600:141b:e800:1e::17d8:8452",,,,,,,,
,test.shopintegration.postnl.nl,"2.16.187.105, 2.16.187.58","c90648.edgekey.net, e90648.dscb.akamaiedge.net","n0dscb.akamaiedge.net, hostmaster.akamai.com",NOERROR,"2a02:26f0:3100::1735:2b90, 2a02:26f0:3100::1735:2b63",,,,,,,,
,texned.mijnlogistiek-accp.postnl.nl,"2.20.132.110, 2.20.132.143",,"a1-6.akam.net, domain-registry.postnl.nl",NOERROR,"2a02:26f0:7100::210:148, 2a02:26f0:7100::210:119",v=spf1 -all,,,,,,,
,texned.mijnlogistiek.postnl.nl,"95.101.111.143, 95.101.111.149",,"a1-6.akam.net, domain-registry.postnl.nl",NOERROR,"2a02:26f0:7100::210:129, 2a02:26f0:7100::210:183",v=spf1 -all,,,,,,,
,tfa.gis.postnl.nl,145.78.27.23,,"a1-6.akam.net, domain-registry.postnl.nl",NOERROR,,,,,,,,,
,tracking.fat.postnl.nl,"176.34.142.30, 54.77.110.119",jouw.postnl.t16.cldsvc.net,"ns-1455.awsdns-53.org, awsdns-hostmaster.amazon.com",NOERROR,,,,,,,,,
,tracking.pat.postnl.nl,"2.20.132.110, 2.20.132.143","c129221.edgekey.net, e129221.dscb.akamaiedge.net","n0dscb.akamaiedge.net, hostmaster.akamai.com",NOERROR,"2a02:26f0:64::214:848f, 2a02:26f0:64::214:846e",,,,,,,,
,tracking.verpakkingen.postnl.nl,212.7.207.86,tracking.copernica.net,"dns1.proxi.nl, hostmaster.copernica.com",NOERROR,,,,,,,,,letsencrypt.org
,tracktraceportal.postnl.post,"95.101.74.149, 95.101.74.145","c25570.edgekey.net, e25570.dscb.akamaiedge.net","n0dscb.akamaiedge.net, hostmaster.akamai.com",NOERROR,"2a02:26f0:c900:9::5f65:4a91, 2a02:26f0:c900:9::5f65:4a95",,,,,,,,
,tracktraceservice.mijnpost.pat.postnl.nl,145.78.21.240,,"a1-6.akam.net, domain-registry.postnl.nl",NOERROR,,,,,,,,,
,tracktraceservice.mijnpost.postnl.nl,145.78.21.244,,"a1-6.akam.net, domain-registry.postnl.nl",NOERROR,,,,,,,,,
,tst-powerbi-datalake.postnl.nl,"2.20.132.152, 2.20.132.145","c90648.edgekey.net, e90648.dscb.akamaiedge.net","n0dscb.akamaiedge.net, hostmaster.akamai.com",NOERROR,"2a02:26f0:7100::210:182, 2a02:26f0:7100::210:169",,,,,,,,
,tst.byd.ws.postnl.nl,145.78.21.171,,"a1-6.akam.net, domain-registry.postnl.nl",NOERROR,,,,,,,,,
,tst.mb.ws.postnl.nl,,,"a1-6.akam.net, domain-registry.postnl.nl",NOERROR,,,,,,,,,
,tst.pi.ws.postnl.nl,145.78.26.131,,"a1-6.akam.net, domain-registry.postnl.nl",NOERROR,,,,,,,,,
,ubereats.mijnlogistiek-accp.postnl.nl,"2.20.132.110, 2.20.132.143",,"a1-6.akam.net, domain-registry.postnl.nl",NOERROR,"2a02:26f0:3500:14::1724:a259, 2a02:26f0:3500:14::1724:a24d",v=spf1 -all,,,,,,,
,ubereats.mijnlogistiek.postnl.nl,"2.20.132.2, 2.20.132.119",,"a1-6.akam.net, domain-registry.postnl.nl",NOERROR,"2a02:26f0:3500:14::1724:a254, 2a02:26f0:3500:14::1724:a258",v=spf1 -all,,,,,,,
,uheeftpost.postnl.nl,"23.43.58.113, 23.43.58.66",,"a1-6.akam.net, domain-registry.postnl.nl",NOERROR,"2600:141b:e800:1e::17d8:843f, 2600:141b:e800:1e::17d8:844a",v=spf1 -all,,,,,,,
,update.postnl.nl,"2.20.132.137, 2.20.132.118","postnl.nl.edgekey.net, e77734.dscb.akamaiedge.net","n0dscb.akamaiedge.net, hostmaster.akamai.com",NOERROR,"2a02:26f0:7100::210:14a, 2a02:26f0:7100::210:141",,,,,,,,
,vacatures-website.pat.postnl.nl,"2.20.132.143, 2.20.132.110","c129221.edgekey.net, e129221.dscb.akamaiedge.net","n0dscb.akamaiedge.net, hostmaster.akamai.com",NOERROR,"2a02:26f0:7100::210:148, 2a02:26f0:7100::210:119",,,,,,,,
,vacatures-website.postnl.nl,"2.20.132.118, 2.20.132.137","postnl.nl.edgekey.net, e77734.dscb.akamaiedge.net","n0dscb.akamaiedge.net, hostmaster.akamai.com",NOERROR,"2a02:26f0:7100::210:141, 2a02:26f0:7100::210:14a",,,,,,,,
,verhuiskaartenservice.postnl.nl,"88.221.24.51, 88.221.24.42","postnl.nl.edgekey.net, e77734.dscb.akamaiedge.net","n0dscb.akamaiedge.net, hostmaster.akamai.com",NOERROR,"2a02:26f0:b200::58dd:191a, 2a02:26f0:b200::58dd:195b",,,,,,,,
,verhuizen.pat.postnl.nl,"54.76.188.101, 34.253.166.240, 52.211.202.107",verhuisservice.a04.cldsvc.net,"ns-1236.awsdns-26.org, awsdns-hostmaster.amazon.com",NOERROR,,,,,,,,,
,verpakkingen.postnl.nl,195.201.194.224,,"a1-6.akam.net, domain-registry.postnl.nl",NOERROR,2a01:4f8:13a:1a9e::2,"v=spf1 mx a ip4:35.156.255.182 include:spf.flowmailer.net -all, google-site-verification=Fn4pR92HPjTM10-g1_H_sZwn-UgLm8lIVjtPpMOdPgk",,,,mail.verpakkingen.postnl.nl,,,
,vhs.fat.postnl.nl,"80.239.137.154, 80.239.137.162",,"a1-6.akam.net, domain-registry.postnl.nl",NOERROR,"2001:2030:21::50ef:899a, 2001:2030:21::50ef:89a2",,,,,,,,
,vhs.pat.postnl.nl,"23.36.162.214, 23.36.162.202",,"a1-6.akam.net, domain-registry.postnl.nl",NOERROR,"2a02:26f0:3500:14::1724:a252, 2a02:26f0:3500:14::1724:a245",,,,,,,,
,vhs.postnl.nl,"2.20.132.152, 2.20.132.110",,"a1-6.akam.net, domain-registry.postnl.nl",NOERROR,"2a02:26f0:7100::210:120, 2a02:26f0:7100::210:181",,,,,,,,
,view.edm.postnl.nl,13.111.37.45,,"a1-6.akam.net, domain-registry.postnl.nl",NOERROR,,,,,,,,,
,wa.postnl.nl,"63.140.62.135, 63.140.62.160, 63.140.62.164",postnl.nl.sc.omtrdc.net,"ns201.adobe.net, hostmaster.adobe.com",NOERROR,,,,,,,,,
,wallet.postnl.nl,54.75.234.103,,"a1-6.akam.net, domain-registry.postnl.nl",NOERROR,,,,,,,,,
,walsal.ws.postnl.nl,145.78.21.65,,"a1-6.akam.net, domain-registry.postnl.nl",NOERROR,,,,,,,,,
,wdm.postnl.nl,82.94.234.178,,"a1-6.akam.net, domain-registry.postnl.nl",NOERROR,,,,,,,,,
,web.postnl.nl,46.255.104.186,,"a1-6.akam.net, domain-registry.postnl.nl",NOERROR,,,,,,,,,
,web.wallet.postnl.nl,46.255.108.185,,"a1-6.akam.net, domain-registry.postnl.nl",NOERROR,,,,,,,,,
,webapp.fat.postnl.nl,"2.20.132.145, 2.20.132.152","c90648.edgekey.net, e90648.dscb.akamaiedge.net","n0dscb.akamaiedge.net, hostmaster.akamai.com",NOERROR,"2a02:26f0:64::214:8498, 2a02:26f0:64::214:8491",,,,,,,,
,webapp.pat.postnl.nl,"2.20.132.110, 2.20.132.143","c129221.edgekey.net, e129221.dscb.akamaiedge.net","n0dscb.akamaiedge.net, hostmaster.akamai.com",NOERROR,"2a02:26f0:64::214:848f, 2a02:26f0:64::214:846e",,,,,,,,
,webservices.events.postnl.nl,3.126.106.228,,"a1-6.akam.net, domain-registry.postnl.nl",NOERROR,,,,,,,,,
,webservices.postnl.nl,"95.101.111.176, 95.101.111.177",,"a1-6.akam.net, domain-registry.postnl.nl",NOERROR,"2a02:26f0:480:23::1726:628b, 2a02:26f0:480:23::1726:629d",,,,,,,,
,webshopprofiel.postnl.nl,"95.101.111.176, 95.101.111.177",,"a1-6.akam.net, domain-registry.postnl.nl",NOERROR,"2a02:26f0:480:23::1726:628b, 2a02:26f0:480:23::1726:629d",v=spf1 -all,,,,,,,
,werkenbij.postnl.nl,34.90.160.40,"postnl.jobs2web.com, rmk02.jobs2web.com","ns4.sap-ag.de, dns.sap-ag.de",NOERROR,,,,True,google,,,,
,wp.events.postnl.nl,3.126.106.228,,"a1-6.akam.net, domain-registry.postnl.nl",NOERROR,,,,,,,,,
,www.partners.postnl.nl,62.221.203.9,,"a1-6.akam.net, domain-registry.postnl.nl",NOERROR,,,,,,,,,
,www.postnl.com,"2.20.132.2, 2.20.132.119","c86526.edgekey.net, e86526.dscb.akamaiedge.net","n0dscb.akamaiedge.net, hostmaster.akamai.com",NOERROR,"2a02:26f0:64::214:8402, 2a02:26f0:64::214:8477",,,,,,,,
,www.postnl.nl,"2.20.132.137, 2.20.132.118","postnl.nl.edgekey.net, e77734.dscb.akamaiedge.net","n0dscb.akamaiedge.net, hostmaster.akamai.com",NOERROR,"2a02:26f0:64::214:8476, 2a02:26f0:64::214:8489",,,,,,,,
,www.www.account.events.postnl.nl,3.126.106.228,,"a1-6.akam.net, domain-registry.postnl.nl",NOERROR,,,,,,,,,
,www.www.api.events.postnl.nl,3.126.106.228,,"a1-6.akam.net, domain-registry.postnl.nl",NOERROR,,,,,,,,,
,www.www.autodiscover.events.postnl.nl,3.126.106.228,,"a1-6.akam.net, domain-registry.postnl.nl",NOERROR,,,,,,,,,
,www.www.checkout.events.postnl.nl,3.126.106.228,,"a1-6.akam.net, domain-registry.postnl.nl",NOERROR,,,,,,,,,
,www.www.creditcheck.events.postnl.nl,3.126.106.228,,"a1-6.akam.net, domain-registry.postnl.nl",NOERROR,,,,,,,,,
,www.www.ctaweb.events.postnl.nl,3.126.106.228,,"a1-6.akam.net, domain-registry.postnl.nl",NOERROR,,,,,,,,,
,www.www.dashboard.events.postnl.nl,3.126.106.228,,"a1-6.akam.net, domain-registry.postnl.nl",NOERROR,,,,,,,,,
,www.www.em.events.postnl.nl,3.126.106.228,,"a1-6.akam.net, domain-registry.postnl.nl",NOERROR,,,,,,,,,
,www.www.email.events.postnl.nl,3.126.106.228,,"a1-6.akam.net, domain-registry.postnl.nl",NOERROR,,,,,,,,,
,www.www.events.postnl.nl,3.126.106.228,,"a1-6.akam.net, domain-registry.postnl.nl",NOERROR,,,,,,,,,
,www.www.fat.events.postnl.nl,3.126.106.228,,"a1-6.akam.net, domain-registry.postnl.nl",NOERROR,,,,,,,,,
,www.www.fdsdmz.events.postnl.nl,3.126.106.228,,"a1-6.akam.net, domain-registry.postnl.nl",NOERROR,,,,,,,,,
,www.www.jobs.events.postnl.nl,3.126.106.228,,"a1-6.akam.net, domain-registry.postnl.nl",NOERROR,,,,,,,,,
,www.www.mijnservice.events.postnl.nl,3.126.106.228,,"a1-6.akam.net, domain-registry.postnl.nl",NOERROR,,,,,,,,,
,www.www.ns1.events.postnl.nl,3.126.106.228,,"a1-6.akam.net, domain-registry.postnl.nl",NOERROR,,,,,,,,,
,www.www.online.events.postnl.nl,3.126.106.228,,"a1-6.akam.net, domain-registry.postnl.nl",NOERROR,,,,,,,,,
,www.www.search.events.postnl.nl,3.126.106.228,,"a1-6.akam.net, domain-registry.postnl.nl",NOERROR,,,,,,,,,
,www.www.www.em.events.postnl.nl,3.126.106.228,,"a1-6.akam.net, domain-registry.postnl.nl",NOERROR,,,,,,,,,
,www.www.www.fat.events.postnl.nl,3.126.106.228,,"a1-6.akam.net, domain-registry.postnl.nl",NOERROR,,,,,,,,,
,www.www.www.ns1.events.postnl.nl,3.126.106.228,,"a1-6.akam.net, domain-registry.postnl.nl",NOERROR,,,,,,,,,
,www.xmpie.pcs.postnl.nl,82.94.160.38,,"a1-6.akam.net, domain-registry.postnl.nl",NOERROR,,,,,,,,,
,zegelws.dfs.pat.postnl.nl,145.78.26.55,,"a1-6.akam.net, domain-registry.postnl.nl",NOERROR,,,,,,,,,
,zegelws.waz.dfs.pat.postnl.nl,0.0.0.0,dfszegelgenws-acc-waz.cloudapp.net,"ns1-201.azure-dns.com, msnhst.microsoft.com",NOERROR,,,,,,,True,0.0.0.0,
,zegelws.waz.dfs.tst.postnl.nl,0.0.0.0,dfszegelgenws-tst-waz.cloudapp.net,"ns1-201.azure-dns.com, msnhst.microsoft.com",NOERROR,,,,,,,True,0.0.0.0,
,zelfdoen.postnl.nl,145.78.26.137,,"a1-6.akam.net, domain-registry.postnl.nl",NOERROR,,,,,,,,,
,zwijsen.mijnlogistiek-accp.postnl.nl,"2.16.241.137, 2.16.241.135",,"a1-6.akam.net, domain-registry.postnl.nl",NOERROR,"2a02:26f0:3500:14::1724:a24d, 2a02:26f0:3500:14::1724:a259",v=spf1 -all,,,,,,,
