new,host,a,soa,status_code,ns,cname,mx,txt,caa,has_internal_ips,internal_ips,cdn,cdn-name,aaaa
[x],155-9-197-54.apps.bunq.com,"3.71.253.33, 3.66.187.137, 18.193.49.97","ns-824.awsdns-39.net, awsdns-hostmaster.amazon.com",NOERROR,,,,,,,,,,
[x],17-121-122-72.apps.bunq.com,,"ns-824.awsdns-39.net, awsdns-hostmaster.amazon.com",NOERROR,,,,,,,,,,
[x],17-58-102-11.apps.bunq.com,"18.193.49.97, 3.66.187.137, 3.71.253.33","ns-824.awsdns-39.net, awsdns-hostmaster.amazon.com",NOERROR,,,,,,,,,,
[x],37ce.apps.bunq.com,"3.71.253.33, 18.193.49.97, 3.66.187.137","ns-824.awsdns-39.net, awsdns-hostmaster.amazon.com",NOERROR,,,,,,,,,,
[x],4b93.apps.bunq.com,"18.193.49.97, 3.66.187.137, 3.71.253.33","ns-824.awsdns-39.net, awsdns-hostmaster.amazon.com",NOERROR,,,,,,,,,,
[x],7wkga.apps.bunq.com,"18.193.49.97, 3.71.253.33, 3.66.187.137","ns-824.awsdns-39.net, awsdns-hostmaster.amazon.com",NOERROR,,,,,,,,,,
[x],a56.apps.bunq.com,"3.71.253.33, 3.66.187.137, 18.193.49.97","ns-824.awsdns-39.net, awsdns-hostmaster.amazon.com",NOERROR,,,,,,,,,,
[x],acceptatiestatus.apps.bunq.com,"3.66.187.137, 18.193.49.97, 3.71.253.33","ns-824.awsdns-39.net, awsdns-hostmaster.amazon.com",NOERROR,,,,,,,,,,
[x],access-connectcorp.apps.bunq.com,"3.66.187.137, 18.193.49.97, 3.71.253.33","ns-824.awsdns-39.net, awsdns-hostmaster.amazon.com",NOERROR,,,,,,,,,,
[x],accessbackupupdate-origin-live.apps.bunq.com,"18.193.49.97, 3.71.253.33, 3.66.187.137","ns-824.awsdns-39.net, awsdns-hostmaster.amazon.com",NOERROR,,,,,,,,,,
[x],accessinternalinternalgateway.apps.bunq.com,"3.71.253.33, 3.66.187.137, 18.193.49.97","ns-824.awsdns-39.net, awsdns-hostmaster.amazon.com",NOERROR,,,,,,,,,,
[x],account-dbms-opsdefaultproduction.apps.bunq.com,"18.193.49.97, 3.66.187.137, 3.71.253.33","ns-824.awsdns-39.net, awsdns-hostmaster.amazon.com",NOERROR,,,,,,,,,,
[x],account-meet-signup.apps.bunq.com,"3.71.253.33, 18.193.49.97, 3.66.187.137","ns-824.awsdns-39.net, awsdns-hostmaster.amazon.com",NOERROR,,,,,,,,,,
[x],account-video-sslvpncmsdb1-origin.apps.bunq.com,"3.71.253.33, 3.66.187.137, 18.193.49.97","ns-824.awsdns-39.net, awsdns-hostmaster.amazon.com",NOERROR,,,,,,,,,,
[x],accountebdp.apps.bunq.com,"18.193.49.97, 3.66.187.137, 3.71.253.33","ns-824.awsdns-39.net, awsdns-hostmaster.amazon.com",NOERROR,,,,,,,,,,
[x],accountvideousers-vpn-uploadgcpmy.apps.bunq.com,"3.66.187.137, 3.71.253.33, 18.193.49.97","ns-824.awsdns-39.net, awsdns-hostmaster.amazon.com",NOERROR,,,,,,,,,,
[x],acs.secure-code.bunq.com,"18.184.145.11, 52.28.251.205, 3.69.243.246","ns-824.awsdns-39.net, awsdns-hostmaster.amazon.com",NOERROR,,,,,,,,,,
[x],admin-cache-weboldpanel.apps.bunq.com,"3.71.253.33, 18.193.49.97, 3.66.187.137","ns-824.awsdns-39.net, awsdns-hostmaster.amazon.com",NOERROR,,,,,,,,,,
[x],admin-status-datacontroller-sql.apps.bunq.com,"18.193.49.97, 3.66.187.137, 3.71.253.33","ns-824.awsdns-39.net, awsdns-hostmaster.amazon.com",NOERROR,,,,,,,,,,
[x],adminiooceania.apps.bunq.com,"18.193.49.97, 3.71.253.33, 3.66.187.137","ns-824.awsdns-39.net, awsdns-hostmaster.amazon.com",NOERROR,,,,,,,,,,
[x],afrissisa.apps.bunq.com,"3.66.187.137, 18.193.49.97, 3.71.253.33","ns-824.awsdns-39.net, awsdns-hostmaster.amazon.com",NOERROR,,,,,,,,,,
[x],alertmanager.apps.bunq.com,"3.66.187.137, 18.193.49.97, 3.71.253.33","ns-824.awsdns-39.net, awsdns-hostmaster.amazon.com",NOERROR,,,,,,,,,,
[x],almdm02.apps.bunq.com,,"ns-824.awsdns-39.net, awsdns-hostmaster.amazon.com",NOERROR,,,,,,,,,,
[x],alpha-hoststatus-db2-corp.apps.bunq.com,,"ns-824.awsdns-39.net, awsdns-hostmaster.amazon.com",NOERROR,,,,,,,,,,
[x],alpha-user-portal.apps.bunq.com,"18.193.49.97, 3.66.187.137, 3.71.253.33","ns-824.awsdns-39.net, awsdns-hostmaster.amazon.com",NOERROR,,,,,,,,,,
[x],alpha-userspostgresdoc-corporate.apps.bunq.com,"3.71.253.33, 3.66.187.137, 18.193.49.97","ns-824.awsdns-39.net, awsdns-hostmaster.amazon.com",NOERROR,,,,,,,,,,
[x],api-bunqme.sandbox.bunq.com,"18.159.65.79, 52.57.178.38, 52.59.78.150","ns-824.awsdns-39.net, awsdns-hostmaster.amazon.com",NOERROR,,,,,,,,,,
[x],api-bunqto.sandbox.bunq.com,"52.59.78.150, 18.159.65.79, 52.57.178.38","ns-824.awsdns-39.net, awsdns-hostmaster.amazon.com",NOERROR,,,,,,,,,,
[x],api-gateway-cc-stg-or2.developer.bunq.com,"3.66.187.137, 18.193.49.97, 3.71.253.33","ns-824.awsdns-39.net, awsdns-hostmaster.amazon.com",NOERROR,"ns-1189.awsdns-20.org, ns-1999.awsdns-57.co.uk, ns-63.awsdns-07.com, ns-824.awsdns-39.net",,,,,,,,,
[x],api-ideal.sandbox.bunq.com,"52.59.78.150, 52.57.178.38, 18.159.65.79","ns-824.awsdns-39.net, awsdns-hostmaster.amazon.com",NOERROR,"ns-1189.awsdns-20.org, ns-1999.awsdns-57.co.uk, ns-63.awsdns-07.com, ns-824.awsdns-39.net",,,,,,,,,
[x],api-p-ap-b.apps.bunq.com,"3.71.253.33, 18.193.49.97, 3.66.187.137","ns-824.awsdns-39.net, awsdns-hostmaster.amazon.com",NOERROR,,,,,,,,,,
[x],api-ppro.triage.bunq.com,"52.57.178.38, 18.159.65.79, 52.59.78.150","ns-824.awsdns-39.net, awsdns-hostmaster.amazon.com",NOERROR,,,,,,,,,,
[x],api.birdee.bunq.com,"18.196.219.137, 35.158.252.113, 18.184.176.98","ns-824.awsdns-39.net, awsdns-hostmaster.amazon.com",NOERROR,,,,,,,,,,
[x],api.birdee.triage.bunq.com,"52.59.78.150, 18.159.65.79, 52.57.178.38","ns-824.awsdns-39.net, awsdns-hostmaster.amazon.com",NOERROR,,,,,,,,,,
[x],api.braze.bunq.com,"3.65.216.92, 3.125.144.73, 3.77.213.149","ns-824.awsdns-39.net, awsdns-hostmaster.amazon.com",NOERROR,,,,,,,,,,
[x],api.braze.triage.bunq.com,"18.159.65.79, 52.57.178.38, 52.59.78.150","ns-824.awsdns-39.net, awsdns-hostmaster.amazon.com",NOERROR,,,,,,,,,,
[x],api.bunq.com,"52.58.58.159, 35.158.38.83, 18.157.136.125","ns-824.awsdns-39.net, awsdns-hostmaster.amazon.com",NOERROR,,,,,,,,,,
[x],api.currencycloud.bunq.com,"3.122.203.73, 3.69.100.211, 52.29.214.235","ns-824.awsdns-39.net, awsdns-hostmaster.amazon.com",NOERROR,,,,,,,,,,
[x],api.currencycloud.triage.bunq.com,"18.159.65.79, 52.59.78.150, 52.57.178.38","ns-824.awsdns-39.net, awsdns-hostmaster.amazon.com",NOERROR,,,,,,,,,,
[x],api.developer.bunq.com,"3.66.187.137, 18.193.49.97, 3.71.253.33","ns-824.awsdns-39.net, awsdns-hostmaster.amazon.com",NOERROR,,,,,,,,,,
[x],api.id.mastercard.bunq.com,"52.28.251.205, 3.69.243.246, 18.184.145.11","ns-824.awsdns-39.net, awsdns-hostmaster.amazon.com",NOERROR,,,,,,,,,,
[x],api.id.mastercard.triage.bunq.com,"3.64.223.23, 3.127.97.25, 35.157.95.181","ns-824.awsdns-39.net, awsdns-hostmaster.amazon.com",NOERROR,,,,,,,,,,
[x],api.ideal.bunq.com,"3.69.243.246, 18.184.145.11, 52.28.251.205","ns-824.awsdns-39.net, awsdns-hostmaster.amazon.com",NOERROR,,,,,,,,,,
[x],api.ideal.triage.bunq.com,"3.77.185.41, 18.198.102.84, 3.77.81.46","ns-824.awsdns-39.net, awsdns-hostmaster.amazon.com",NOERROR,,,,,,,,,,
[x],api.idin.bunq.com,"52.28.251.205, 18.184.145.11, 3.69.243.246","ns-824.awsdns-39.net, awsdns-hostmaster.amazon.com",NOERROR,,,,,,,,,,
[x],api.idin.triage.bunq.com,"3.64.241.129, 18.193.232.199, 3.64.31.191","ns-824.awsdns-39.net, awsdns-hostmaster.amazon.com",NOERROR,,,,,,,,,,
[x],api.issuer.ideal.triage.bunq.com,"52.57.178.38, 18.159.65.79, 52.59.78.150","ns-824.awsdns-39.net, awsdns-hostmaster.amazon.com",NOERROR,,,,,,,,,,
[x],api.oauth.bunq.com,"3.69.243.246, 18.184.145.11, 52.28.251.205","ns-824.awsdns-39.net, awsdns-hostmaster.amazon.com",NOERROR,,,,,,,,,,
[x],api.oauth.triage.bunq.com,,"ns-824.awsdns-39.net, awsdns-hostmaster.amazon.com",NOERROR,,,,,,,,,,
[x],api.openbanking.bunq.com,"52.28.251.205, 18.184.145.11, 3.69.243.246","ns-824.awsdns-39.net, awsdns-hostmaster.amazon.com",NOERROR,,,,,,,,,,
[x],api.openbanking.triage.bunq.com,"18.159.65.79, 52.57.178.38, 52.59.78.150","ns-824.awsdns-39.net, awsdns-hostmaster.amazon.com",NOERROR,,,,,,,,,,
[x],api.ppro.bunq.com,"3.124.51.139, 3.126.177.21, 3.123.215.137","ns-824.awsdns-39.net, awsdns-hostmaster.amazon.com",NOERROR,,,,,,,,,,
[x],api.qr.triage.bunq.com,"18.159.65.79, 52.59.78.150, 52.57.178.38","ns-824.awsdns-39.net, awsdns-hostmaster.amazon.com",NOERROR,,,,,,,,,,
[x],api.secure-code.bunq.com,"3.69.243.246, 18.184.145.11, 52.28.251.205","ns-824.awsdns-39.net, awsdns-hostmaster.amazon.com",NOERROR,"ns-1189.awsdns-20.org, ns-1999.awsdns-57.co.uk, ns-63.awsdns-07.com, ns-824.awsdns-39.net",,,,,,,,,
[x],api.tinker.bunq.com,"18.184.145.11, 52.28.251.205, 3.69.243.246","ns-824.awsdns-39.net, awsdns-hostmaster.amazon.com",NOERROR,,,,,,,,,,
[x],api.together-login.bunq.com,"52.28.251.205, 18.184.145.11, 3.69.243.246","ns-824.awsdns-39.net, awsdns-hostmaster.amazon.com",NOERROR,,,,,,,,,,
[x],api.together.bunq.com,"3.69.66.132, 3.123.247.84, 3.124.152.100","ns-824.awsdns-39.net, awsdns-hostmaster.amazon.com",NOERROR,,,,,,,,,,
[x],api.touchtech.bunq.com,"18.158.193.69, 18.197.214.107, 3.67.27.4","ns-824.awsdns-39.net, awsdns-hostmaster.amazon.com",NOERROR,,,,,,,,,,
[x],api.translink.bunq.com,"3.73.131.214, 18.198.134.76, 35.157.72.134","ns-824.awsdns-39.net, awsdns-hostmaster.amazon.com",NOERROR,,,,,,,,,,
[x],api.vonage.bunq.com,"3.69.243.246, 52.28.251.205, 18.184.145.11","ns-824.awsdns-39.net, awsdns-hostmaster.amazon.com",NOERROR,,,,,,,,,,
[x],api.vonage.triage.bunq.com,,"ns-824.awsdns-39.net, awsdns-hostmaster.amazon.com",NOERROR,,,,,,,,,,
[x],api.web.triage.bunq.com,"3.64.241.129, 18.193.232.199, 3.64.31.191","ns-824.awsdns-39.net, awsdns-hostmaster.amazon.com",NOERROR,,,,,,,,,,
[x],api.widget.bunq.com,"3.69.243.246, 18.184.145.11, 52.28.251.205","ns-824.awsdns-39.net, awsdns-hostmaster.amazon.com",NOERROR,,,,,,,,,,
[x],apiapistatus-altimgshare.apps.bunq.com,"3.71.253.33, 18.193.49.97, 3.66.187.137","ns-824.awsdns-39.net, awsdns-hostmaster.amazon.com",NOERROR,"ns-1189.awsdns-20.org, ns-1999.awsdns-57.co.uk, ns-63.awsdns-07.com, ns-824.awsdns-39.net",,,,,,,,,
[x],appstore.bunq.com,"3.65.192.120, 3.127.24.26, 3.120.195.21","ns-824.awsdns-39.net, awsdns-hostmaster.amazon.com",NOERROR,,,,,,,,,,
[x],aramis.apps.bunq.com,"3.71.253.33, 18.193.49.97, 3.66.187.137","ns-824.awsdns-39.net, awsdns-hostmaster.amazon.com",NOERROR,,,,,,,,,,
[x],assignment.bunq.com,3.127.90.91,"ns-824.awsdns-39.net, awsdns-hostmaster.amazon.com",NOERROR,,,,,,,,,,
[x],athapp2.apps.bunq.com,"18.193.49.97, 3.66.187.137, 3.71.253.33","ns-824.awsdns-39.net, awsdns-hostmaster.amazon.com",NOERROR,,,,,,,,,,
[x],auth-paymentsstorage.apps.bunq.com,"18.193.49.97, 3.66.187.137, 3.71.253.33","ns-824.awsdns-39.net, awsdns-hostmaster.amazon.com",NOERROR,,,,,,,,,,
[x],auth515g15.apps.bunq.com,"3.71.253.33, 18.193.49.97, 3.66.187.137","ns-824.awsdns-39.net, awsdns-hostmaster.amazon.com",NOERROR,,,,,,,,,,
[x],authacc-db2-corp.apps.bunq.com,"3.66.187.137, 3.71.253.33, 18.193.49.97","ns-824.awsdns-39.net, awsdns-hostmaster.amazon.com",NOERROR,,,,,,,,,,
[x],authusersmy.apps.bunq.com,"18.193.49.97, 3.66.187.137, 3.71.253.33","ns-824.awsdns-39.net, awsdns-hostmaster.amazon.com",NOERROR,,,,,,,,,,
[x],authwww-test-static-clients-stats-corp.apps.bunq.com,"18.193.49.97, 3.71.253.33, 3.66.187.137","ns-824.awsdns-39.net, awsdns-hostmaster.amazon.com",NOERROR,,,,,,,,,,
[x],avid.apps.bunq.com,,"ns-824.awsdns-39.net, awsdns-hostmaster.amazon.com",NOERROR,,,,,,,,,,
[x],backupgcp.apps.bunq.com,"3.71.253.33, 3.66.187.137, 18.193.49.97","ns-824.awsdns-39.net, awsdns-hostmaster.amazon.com",NOERROR,,,,,,,,,,
[x],backuphelporigin.apps.bunq.com,"3.66.187.137, 18.193.49.97, 3.71.253.33","ns-824.awsdns-39.net, awsdns-hostmaster.amazon.com",NOERROR,,,,,,,,,,
[x],bcg3et.apps.bunq.com,"18.193.49.97, 3.71.253.33, 3.66.187.137","ns-824.awsdns-39.net, awsdns-hostmaster.amazon.com",NOERROR,,,,,,,,,,
[x],beap.apps.bunq.com,"18.193.49.97, 3.66.187.137, 3.71.253.33","ns-824.awsdns-39.net, awsdns-hostmaster.amazon.com",NOERROR,,,,,,,,,,
[x],beta.doc.bunq.com,"104.18.3.117, 104.18.2.117","dahlia.ns.cloudflare.com, dns.cloudflare.com",NOERROR,,"hosting.gitbook.com, hosting.gitbook.io",,,"digicert.com, letsencrypt.org, pki.goog",,,True,cloudflare,"2606:4700::6812:375, 2606:4700::6812:275"
[x],bid463d.apps.bunq.com,"3.66.187.137, 3.71.253.33, 18.193.49.97","ns-824.awsdns-39.net, awsdns-hostmaster.amazon.com",NOERROR,,,,,,,,,,
[x],bid46cz.apps.bunq.com,"18.193.49.97, 3.71.253.33, 3.66.187.137","ns-824.awsdns-39.net, awsdns-hostmaster.amazon.com",NOERROR,,,,,,,,,,
[x],bid46qm.apps.bunq.com,"3.71.253.33, 3.66.187.137, 18.193.49.97","ns-824.awsdns-39.net, awsdns-hostmaster.amazon.com",NOERROR,,,,,,,,,,
[x],bid471l.apps.bunq.com,"3.66.187.137, 18.193.49.97, 3.71.253.33","ns-824.awsdns-39.net, awsdns-hostmaster.amazon.com",NOERROR,,,,,,,,,,
[x],bid47ol.apps.bunq.com,"18.193.49.97, 3.71.253.33, 3.66.187.137","ns-824.awsdns-39.net, awsdns-hostmaster.amazon.com",NOERROR,"ns-1189.awsdns-20.org, ns-1999.awsdns-57.co.uk, ns-63.awsdns-07.com, ns-824.awsdns-39.net",,,,,,,,,
[x],bid47r1.apps.bunq.com,"18.193.49.97, 3.71.253.33, 3.66.187.137","ns-824.awsdns-39.net, awsdns-hostmaster.amazon.com",NOERROR,,,,,,,,,,
[x],bid47u5.apps.bunq.com,"3.71.253.33, 3.66.187.137, 18.193.49.97","ns-824.awsdns-39.net, awsdns-hostmaster.amazon.com",NOERROR,,,,,,,,,,
[x],bid47zo.apps.bunq.com,"18.193.49.97, 3.66.187.137, 3.71.253.33","ns-824.awsdns-39.net, awsdns-hostmaster.amazon.com",NOERROR,,,,,,,,,,
[x],bifrost-baked-cookies.apps.bunq.com,"3.71.253.33, 18.193.49.97, 3.66.187.137","ns-824.awsdns-39.net, awsdns-hostmaster.amazon.com",NOERROR,,,,,,,,,,
[x],bitdefender.apps.bunq.com,"3.71.253.33, 3.66.187.137, 18.193.49.97","ns-824.awsdns-39.net, awsdns-hostmaster.amazon.com",NOERROR,,,,,,,,,,
[x],biz-tst1.apps.bunq.com,"3.66.187.137, 18.193.49.97, 3.71.253.33","ns-824.awsdns-39.net, awsdns-hostmaster.amazon.com",NOERROR,,,,,,,,,,
[x],blog.apps.bunq.com,"3.71.253.33, 18.193.49.97, 3.66.187.137","ns-824.awsdns-39.net, awsdns-hostmaster.amazon.com",NOERROR,,,,,,,,,,
[x],blog.bunq.com,"3.66.187.137, 3.71.253.33, 18.193.49.97","ns-824.awsdns-39.net, awsdns-hostmaster.amazon.com",NOERROR,,,,,,,,,,
[x],brx.apps.bunq.com,"18.193.49.97, 3.71.253.33, 3.66.187.137","ns-824.awsdns-39.net, awsdns-hostmaster.amazon.com",NOERROR,,,,,,,,,,
[x],bucket-status-awspaymentsstorage.apps.bunq.com,"3.71.253.33, 3.66.187.137, 18.193.49.97","ns-824.awsdns-39.net, awsdns-hostmaster.amazon.com",NOERROR,,,,,,,,,,
[x],bucketalpha-awslb.apps.bunq.com,"18.193.49.97, 3.71.253.33, 3.66.187.137","ns-824.awsdns-39.net, awsdns-hostmaster.amazon.com",NOERROR,,,,,,,,,,
[x],bunq.com,"99.83.190.102, 75.2.70.75","ns-824.awsdns-39.net, awsdns-hostmaster.amazon.com",NOERROR,"ns-1999.awsdns-57.co.uk, ns-63.awsdns-07.com, ns-824.awsdns-39.net, ns-1189.awsdns-20.org",,"alt4.aspmx.l.google.com, alt1.aspmx.l.google.com, alt2.aspmx.l.google.com, aspmx.l.google.com, alt3.aspmx.l.google.com","MS=ms69649055, apple-domain-verification=taWpyi84W5KB3KE2, google-site-verification= i7o6acgDR3jbQkgvKViLkspG3vb3r4mbVemiMZ2w9TE, google-site-verification=19A4UnfnhaseWQ-KiiZsFEte8z4BHgiPtikIrIF_hMo, google-site-verification=EWuAKBK2b-yCEdfzS1vpCSm3CRAoqPKcW-WjZ56k5l8, google-site-verification=QuAOwHz0IaPpNQmT1f_B21Yb6es3F1fWtAIpnXnoJfs, google-site-verification=v3wmm3nxME6OdeOElMknRDvINCFiGh9wJBxKbIkazCQ, have-i-been-pwned-verification=9a47b423ec3c4dca5912e2242f41c0f4, mixpanel-domain-verify=13c115bc-74cf-40f4-af82-5c4c5d4c82ad, v=spf1 ip4:80.69.67.60 ip4:80.69.69.100 ip4:149.210.210.23 ip4:149.210.210.20 ip4:80.69.67.2 ip4:109.234.108.0/22 , ip4:149.210.143.173 , ip4:185.40.109.45 ip4:185.40.111.45 ip4:35.156.90.172 include:spf.peoplexs.com include:servers.mcsv.net include:_spf.salesforce.com include:spf.mandrillapp.com include:_spf.google.com -all, INTERNET-ARCHIVE-VERIFICATION-REQUEST-744403",,,,,,
[x],bunqme.sandbox.bunq.com,"18.185.253.164, 52.28.235.10, 54.93.154.10","ns-824.awsdns-39.net, awsdns-hostmaster.amazon.com",NOERROR,,,,,,,,,,
[x],bunqto.sandbox.bunq.com,"54.93.154.10, 18.185.253.164, 52.28.235.10","ns-824.awsdns-39.net, awsdns-hostmaster.amazon.com",NOERROR,,,,,,,,,,
[x],button.apps.bunq.com,"3.71.253.33, 3.66.187.137, 18.193.49.97","ns-824.awsdns-39.net, awsdns-hostmaster.amazon.com",NOERROR,,,,,,,,,,
[x],cache-dockerintra-backups-www-test.apps.bunq.com,"3.66.187.137, 18.193.49.97, 3.71.253.33","ns-824.awsdns-39.net, awsdns-hostmaster.amazon.com",NOERROR,,,,,,,,,,
[x],ccitutil.apps.bunq.com,"3.71.253.33, 18.193.49.97, 3.66.187.137","ns-824.awsdns-39.net, awsdns-hostmaster.amazon.com",NOERROR,,,,,,,,,,
[x],chat.bunq.com,,"ns-824.awsdns-39.net, awsdns-hostmaster.amazon.com",NOERROR,,,,,,,,,,
[x],chefbid460x.apps.bunq.com,"18.193.49.97, 3.66.187.137, 3.71.253.33","ns-824.awsdns-39.net, awsdns-hostmaster.amazon.com",NOERROR,,,,,,,,,,
[x],cinema4dr12.apps.bunq.com,"3.66.187.137, 3.71.253.33, 18.193.49.97","ns-824.awsdns-39.net, awsdns-hostmaster.amazon.com",NOERROR,,,,,,,,,,
[x],clicks.bunq.com,"143.204.215.16, 143.204.215.118, 143.204.215.56, 143.204.215.15","ns-824.awsdns-39.net, awsdns-hostmaster.amazon.com",NOERROR,,,,,,,,True,cloudfront,
[x],clone2.apps.bunq.com,"18.193.49.97, 3.66.187.137, 3.71.253.33","ns-824.awsdns-39.net, awsdns-hostmaster.amazon.com",NOERROR,,,,,,,,,,
[x],cmrj.apps.bunq.com,"3.71.253.33, 3.66.187.137, 18.193.49.97","ns-824.awsdns-39.net, awsdns-hostmaster.amazon.com",NOERROR,,,,,,,,,,
[x],cms-enassets-defaultproduction.apps.bunq.com,"3.71.253.33, 18.193.49.97, 3.66.187.137","ns-824.awsdns-39.net, awsdns-hostmaster.amazon.com",NOERROR,,,,,,,,,,
[x],cms-nwc-afpc14.apps.bunq.com,"3.66.187.137, 3.71.253.33, 18.193.49.97","ns-824.awsdns-39.net, awsdns-hostmaster.amazon.com",NOERROR,,,,,,,,,,
[x],cms-sales-my-external-domain.apps.bunq.com,"18.193.49.97, 3.71.253.33, 3.66.187.137","ns-824.awsdns-39.net, awsdns-hostmaster.amazon.com",NOERROR,,,,,,,,,,
[x],conf.apps.bunq.com,,"ns-824.awsdns-39.net, awsdns-hostmaster.amazon.com",NOERROR,,,,,,,,,,
[x],config-515g15.apps.bunq.com,"3.66.187.137, 18.193.49.97, 3.71.253.33","ns-824.awsdns-39.net, awsdns-hostmaster.amazon.com",NOERROR,,,,,,,,,,
[x],configcustomers.apps.bunq.com,"3.71.253.33, 18.193.49.97, 3.66.187.137","ns-824.awsdns-39.net, awsdns-hostmaster.amazon.com",NOERROR,,,,,,,,,,
[x],confirmation.bunq.com,"18.185.205.39, 3.125.112.45, 3.120.54.191","ns-824.awsdns-39.net, awsdns-hostmaster.amazon.com",NOERROR,,,,,,,,,,
[x],confluence-engineering-temp-media-proxy-vpn.apps.bunq.com,"18.193.49.97, 3.66.187.137, 3.71.253.33","ns-824.awsdns-39.net, awsdns-hostmaster.amazon.com",NOERROR,"ns-1189.awsdns-20.org, ns-1999.awsdns-57.co.uk, ns-63.awsdns-07.com, ns-824.awsdns-39.net",,,,,,,,,
[x],core-qa.apps.bunq.com,"3.71.253.33, 18.193.49.97, 3.66.187.137","ns-824.awsdns-39.net, awsdns-hostmaster.amazon.com",NOERROR,,,,,,,,,,
[x],cp-vn.apps.bunq.com,"18.193.49.97, 3.66.187.137, 3.71.253.33","ns-824.awsdns-39.net, awsdns-hostmaster.amazon.com",NOERROR,,,,,,,,,,
[x],crafting-and-building.apps.bunq.com,"18.193.49.97, 3.71.253.33, 3.66.187.137","ns-824.awsdns-39.net, awsdns-hostmaster.amazon.com",NOERROR,,,,,,,,,,
[x],createpdf.apps.bunq.com,"3.66.187.137, 18.193.49.97, 3.71.253.33","ns-824.awsdns-39.net, awsdns-hostmaster.amazon.com",NOERROR,,,,,,,,,,
[x],csdemo.apps.bunq.com,"3.66.187.137, 3.71.253.33, 18.193.49.97","ns-824.awsdns-39.net, awsdns-hostmaster.amazon.com",NOERROR,,,,,,,,,,
[x],cta-fra04-origin.apps.bunq.com,"3.71.253.33, 18.193.49.97, 3.66.187.137","ns-824.awsdns-39.net, awsdns-hostmaster.amazon.com",NOERROR,,,,,,,,,,
[x],customers-newgcplbmiembros.apps.bunq.com,"3.71.253.33, 18.193.49.97, 3.66.187.137","ns-824.awsdns-39.net, awsdns-hostmaster.amazon.com",NOERROR,,,,,,,,,,
[x],customerswiki.apps.bunq.com,"3.66.187.137, 3.71.253.33, 18.193.49.97","ns-824.awsdns-39.net, awsdns-hostmaster.amazon.com",NOERROR,,,,,,,,,,
[x],cx-edc.apps.bunq.com,"3.71.253.33, 18.193.49.97, 3.66.187.137","ns-824.awsdns-39.net, awsdns-hostmaster.amazon.com",NOERROR,,,,,,,,,,
[x],d03xproxy125y.apps.bunq.com,"18.193.49.97, 3.71.253.33, 3.66.187.137","ns-824.awsdns-39.net, awsdns-hostmaster.amazon.com",NOERROR,,,,,,,,,,
[x],d23app02.apps.bunq.com,"18.193.49.97, 3.71.253.33, 3.66.187.137","ns-824.awsdns-39.net, awsdns-hostmaster.amazon.com",NOERROR,,,,,,,,,,
[x],debug-eventintra-backups-www-test.apps.bunq.com,"3.71.253.33, 3.66.187.137, 18.193.49.97","ns-824.awsdns-39.net, awsdns-hostmaster.amazon.com",NOERROR,,,,,,,,,,
[x],default.apps.bunq.com,"18.193.49.97, 3.66.187.137, 3.71.253.33","ns-824.awsdns-39.net, awsdns-hostmaster.amazon.com",NOERROR,,,,,,,,,,
[x],demo-cache.apps.bunq.com,"3.71.253.33, 18.193.49.97, 3.66.187.137","ns-824.awsdns-39.net, awsdns-hostmaster.amazon.com",NOERROR,,,,,,,,,,
[x],demo-downloads-v2.apps.bunq.com,"3.71.253.33, 3.66.187.137, 18.193.49.97","ns-824.awsdns-39.net, awsdns-hostmaster.amazon.com",NOERROR,"ns-1189.awsdns-20.org, ns-1999.awsdns-57.co.uk, ns-63.awsdns-07.com, ns-824.awsdns-39.net",,,,,,,,,
[x],demosystem-data-log-b2bsystem.apps.bunq.com,"18.193.49.97, 3.71.253.33, 3.66.187.137","ns-824.awsdns-39.net, awsdns-hostmaster.amazon.com",NOERROR,,,,,,,,,,
[x],dev-accountvpn-new-oceania.apps.bunq.com,"18.193.49.97, 3.71.253.33, 3.66.187.137","ns-824.awsdns-39.net, awsdns-hostmaster.amazon.com",NOERROR,,,,,,,,,,
[x],dev-mobile.apps.bunq.com,"18.193.49.97, 3.71.253.33, 3.66.187.137","ns-824.awsdns-39.net, awsdns-hostmaster.amazon.com",NOERROR,,,,,,,,,,
[x],dev-together-files.bunq.com,,"ns-824.awsdns-39.net, awsdns-hostmaster.amazon.com",NOERROR,,,,,,,,,,
[x],develop.bunq.com,149.210.143.173,"ns-824.awsdns-39.net, awsdns-hostmaster.amazon.com",NOERROR,,,,,,,,,,
[x],developer.bunq.com,"3.71.253.33, 3.66.187.137, 18.193.49.97","ns-824.awsdns-39.net, awsdns-hostmaster.amazon.com",NOERROR,,,,google-site-verification=ML0Z9MOPWaopSJGCCb3Qttxfj216Z0r5_4k7JpOH_lk,,,,,,
[x],developermirror.apps.bunq.com,"3.71.253.33, 18.193.49.97, 3.66.187.137","ns-824.awsdns-39.net, awsdns-hostmaster.amazon.com",NOERROR,,,,,,,,,,
[x],developers.bunq.com,"3.71.253.33, 3.66.187.137, 18.193.49.97","ns-824.awsdns-39.net, awsdns-hostmaster.amazon.com",NOERROR,,,,,,,,,,
[x],devscp-shop.apps.bunq.com,"18.193.49.97, 3.66.187.137, 3.71.253.33","ns-824.awsdns-39.net, awsdns-hostmaster.amazon.com",NOERROR,,,,,,,,,,
[x],ditrex-echo.apps.bunq.com,"18.193.49.97, 3.71.253.33, 3.66.187.137","ns-824.awsdns-39.net, awsdns-hostmaster.amazon.com",NOERROR,,,,,,,,,,
[x],dnsextranet.apps.bunq.com,,"ns-824.awsdns-39.net, awsdns-hostmaster.amazon.com",NOERROR,,,,,,,,,,
[x],doc.bunq.com,"3.71.253.33, 18.193.49.97, 3.66.187.137","ns-824.awsdns-39.net, awsdns-hostmaster.amazon.com",NOERROR,,,,,,,,,,
[x],dydaktyka.apps.bunq.com,"18.193.49.97, 3.71.253.33, 3.66.187.137","ns-824.awsdns-39.net, awsdns-hostmaster.amazon.com",NOERROR,,,,,,,,,,
[x],e0.apps.bunq.com,"3.66.187.137, 3.71.253.33, 18.193.49.97","ns-824.awsdns-39.net, awsdns-hostmaster.amazon.com",NOERROR,"ns-1189.awsdns-20.org, ns-1999.awsdns-57.co.uk, ns-63.awsdns-07.com, ns-824.awsdns-39.net",,,,,,,,,
[x],easymortgage.bunq.com,185.177.101.30,"ns1.argewebhosting.eu, hostmaster.argeweb.nl",NOERROR,,bunq.mijnhypotheekonline.nl,,,,,,,,
[x],edge-mqtt-p4-shv-01-gru2.developer.bunq.com,"3.71.253.33, 18.193.49.97, 3.66.187.137","ns-824.awsdns-39.net, awsdns-hostmaster.amazon.com",NOERROR,,,,,,,,,,
[x],edina.apps.bunq.com,"18.193.49.97, 3.71.253.33, 3.66.187.137","ns-824.awsdns-39.net, awsdns-hostmaster.amazon.com",NOERROR,,,,,,,,,,
[x],eds-ffdc-pw16.apps.bunq.com,"3.66.187.137, 3.71.253.33, 18.193.49.97","ns-824.awsdns-39.net, awsdns-hostmaster.amazon.com",NOERROR,,,,,,,,,,
[x],ege-0-1-3.apps.bunq.com,"3.66.187.137, 3.71.253.33, 18.193.49.97","ns-824.awsdns-39.net, awsdns-hostmaster.amazon.com",NOERROR,,,,,,,,,,
[x],email.prco.bunq.com,34.111.99.212,"ns-508.awsdns-63.com, awsdns-hostmaster.amazon.com",NOERROR,"ns-508.awsdns-63.com, ns-619.awsdns-13.net, ns-1452.awsdns-53.org, ns-2026.awsdns-61.co.uk",eu.mailgun.org,"mxb.eu.mailgun.org, mxa.eu.mailgun.org",v=spf1 include:_spf.eu.mailgun.org ~all,";, digicert.com, letsencrypt.org",,,True,google,
[x],en.bunq.com,"151.139.128.10, 151.139.128.11","ns-1007.awsdns-61.net, awsdns-hostmaster.amazon.com",NOERROR,,websites.weglot.com,,,"comodoca.com, sectigo.com, amazon.com, letsencrypt.org",,,,,
[x],engineering-vpnoceaniaapps.apps.bunq.com,"3.71.253.33, 18.193.49.97, 3.66.187.137","ns-824.awsdns-39.net, awsdns-hostmaster.amazon.com",NOERROR,,,,,,,,,,
[x],engpostgresmx.apps.bunq.com,"3.66.187.137, 3.71.253.33, 18.193.49.97","ns-824.awsdns-39.net, awsdns-hostmaster.amazon.com",NOERROR,,,,,,,,,,
[x],enlumine.apps.bunq.com,"3.66.187.137, 18.193.49.97, 3.71.253.33","ns-824.awsdns-39.net, awsdns-hostmaster.amazon.com",NOERROR,,,,,,,,,,
[x],error-mobile.apps.bunq.com,"3.66.187.137, 18.193.49.97, 3.71.253.33","ns-824.awsdns-39.net, awsdns-hostmaster.amazon.com",NOERROR,,,,,,,,,,
[x],errorsqldoc-corporate.apps.bunq.com,"3.66.187.137, 18.193.49.97, 3.71.253.33","ns-824.awsdns-39.net, awsdns-hostmaster.amazon.com",NOERROR,,,,,,,,,,
[x],es.bunq.com,"151.139.128.11, 151.139.128.10","ns-1007.awsdns-61.net, awsdns-hostmaster.amazon.com",NOERROR,,websites.weglot.com,,,"amazon.com, comodoca.com, letsencrypt.org, sectigo.com",,,,,
[x],et-7-2-1.apps.bunq.com,,"ns-824.awsdns-39.net, awsdns-hostmaster.amazon.com",NOERROR,,,,,,,,,,
[x],europeapiproduction.apps.bunq.com,"3.66.187.137, 18.193.49.97, 3.71.253.33","ns-824.awsdns-39.net, awsdns-hostmaster.amazon.com",NOERROR,,,,,,,,,,
[x],ezleagues.apps.bunq.com,"3.66.187.137, 3.71.253.33, 18.193.49.97","ns-824.awsdns-39.net, awsdns-hostmaster.amazon.com",NOERROR,,,,,,,,,,
[x],fallback2.bunq.com,188.226.181.211,"ns-824.awsdns-39.net, awsdns-hostmaster.amazon.com",NOERROR,,,,,,,,,,
[x],fblr1-3.apps.bunq.com,"3.71.253.33, 18.193.49.97, 3.66.187.137","ns-824.awsdns-39.net, awsdns-hostmaster.amazon.com",NOERROR,,,,,,,,,,
[x],fet-5-3-2.apps.bunq.com,"3.66.187.137, 3.71.253.33, 18.193.49.97","ns-824.awsdns-39.net, awsdns-hostmaster.amazon.com",NOERROR,"ns-1189.awsdns-20.org, ns-1999.awsdns-57.co.uk, ns-63.awsdns-07.com, ns-824.awsdns-39.net",,,,,,,,,
[x],fh7txn.apps.bunq.com,"3.66.187.137, 18.193.49.97, 3.71.253.33","ns-824.awsdns-39.net, awsdns-hostmaster.amazon.com",NOERROR,"ns-1189.awsdns-20.org, ns-1999.awsdns-57.co.uk, ns-63.awsdns-07.com, ns-824.awsdns-39.net",,,,,,,,,
[x],fsh-ntpl25-88.apps.bunq.com,"3.66.187.137, 18.193.49.97, 3.71.253.33","ns-824.awsdns-39.net, awsdns-hostmaster.amazon.com",NOERROR,,,,,,,,,,
[x],fuchsiapi.sandbox2.bunq.com,,"ns-824.awsdns-39.net, awsdns-hostmaster.amazon.com",NOERROR,,,,,,,,,,
[x],fvtz4-1.apps.bunq.com,"18.193.49.97, 3.66.187.137, 3.71.253.33","ns-824.awsdns-39.net, awsdns-hostmaster.amazon.com",NOERROR,,,,,,,,,,
[x],gbiportal.apps.bunq.com,"3.71.253.33, 18.193.49.97, 3.66.187.137","ns-824.awsdns-39.net, awsdns-hostmaster.amazon.com",NOERROR,,,,,,,,,,
[x],gcpdev-statussales-csdockerintra-backups-www-test.apps.bunq.com,"3.71.253.33, 18.193.49.97, 3.66.187.137","ns-824.awsdns-39.net, awsdns-hostmaster.amazon.com",NOERROR,,,,,,,,,,
[x],gcpuat.apps.bunq.com,"3.71.253.33, 18.193.49.97, 3.66.187.137","ns-824.awsdns-39.net, awsdns-hostmaster.amazon.com",NOERROR,,,,,,,,,,
[x],gear-club.apps.bunq.com,"18.193.49.97, 3.66.187.137, 3.71.253.33","ns-824.awsdns-39.net, awsdns-hostmaster.amazon.com",NOERROR,,,,,,,,,,
[x],geneva-cdn.apps.bunq.com,,"ns-824.awsdns-39.net, awsdns-hostmaster.amazon.com",NOERROR,,,,,,,,,,
[x],genius-download.apps.bunq.com,"3.66.187.137, 3.71.253.33, 18.193.49.97","ns-824.awsdns-39.net, awsdns-hostmaster.amazon.com",NOERROR,,,,,,,,,,
[x],gew1-accesspoint-a-llwb.apps.bunq.com,"18.193.49.97, 3.66.187.137, 3.71.253.33","ns-824.awsdns-39.net, awsdns-hostmaster.amazon.com",NOERROR,,,,,,,,,,
[x],gh-160-136-13-39.apps.bunq.com,"3.71.253.33, 3.66.187.137, 18.193.49.97","ns-824.awsdns-39.net, awsdns-hostmaster.amazon.com",NOERROR,,,,,,,,,,
[x],gitlab.bunq.com,"18.185.173.174, 18.193.179.67, 18.195.63.113","ns-824.awsdns-39.net, awsdns-hostmaster.amazon.com",NOERROR,"ns-1189.awsdns-20.org, ns-1999.awsdns-57.co.uk, ns-63.awsdns-07.com, ns-824.awsdns-39.net",,,,,,,,,
[x],go.bunq.com,"3.66.187.137, 18.193.49.97, 3.71.253.33","ns-824.awsdns-39.net, awsdns-hostmaster.amazon.com",NOERROR,"ns-1189.awsdns-20.org, ns-1999.awsdns-57.co.uk, ns-63.awsdns-07.com, ns-824.awsdns-39.net",,,,,,,,,
[x],goals.bunq.com,"34.251.201.224, 54.194.170.100, 34.253.101.190","ns-1078.awsdns-06.org, awsdns-hostmaster.amazon.com",NOERROR,,"proxy-ssl.webflow.com, proxy-ssl-geo.webflow.com",,,,,,,,
[x],grocery.apps.bunq.com,"18.193.49.97, 3.66.187.137, 3.71.253.33","ns-824.awsdns-39.net, awsdns-hostmaster.amazon.com",NOERROR,,,,,,,,,,
[x],group48.apps.bunq.com,"3.66.187.137, 3.71.253.33, 18.193.49.97","ns-824.awsdns-39.net, awsdns-hostmaster.amazon.com",NOERROR,,,,,,,,,,
[x],gsp48-sg34.apps.bunq.com,"18.193.49.97, 3.71.253.33, 3.66.187.137","ns-824.awsdns-39.net, awsdns-hostmaster.amazon.com",NOERROR,,,,,,,,,,
[x],gsp63-sl61.apps.bunq.com,"3.71.253.33, 18.193.49.97, 3.66.187.137","ns-824.awsdns-39.net, awsdns-hostmaster.amazon.com",NOERROR,"ns-1189.awsdns-20.org, ns-1999.awsdns-57.co.uk, ns-63.awsdns-07.com, ns-824.awsdns-39.net",,,,,,,,,
[x],gsp85-st14-ssl.apps.bunq.com,"18.193.49.97, 3.71.253.33, 3.66.187.137","ns-824.awsdns-39.net, awsdns-hostmaster.amazon.com",NOERROR,"ns-1189.awsdns-20.org, ns-1999.awsdns-57.co.uk, ns-63.awsdns-07.com, ns-824.awsdns-39.net",,,,,,,,,
[x],gtfinalv.apps.bunq.com,,"ns-824.awsdns-39.net, awsdns-hostmaster.amazon.com",NOERROR,,,,,,,,,,
[x],h-135-197-229-54.apps.bunq.com,"3.66.187.137, 3.71.253.33, 18.193.49.97","ns-824.awsdns-39.net, awsdns-hostmaster.amazon.com",NOERROR,,,,,,,,,,
[x],h-135-197-230-74.apps.bunq.com,"3.66.187.137, 18.193.49.97, 3.71.253.33","ns-824.awsdns-39.net, awsdns-hostmaster.amazon.com",NOERROR,,,,,,,,,,
[x],h-135-197-240-35.apps.bunq.com,"3.66.187.137, 3.71.253.33, 18.193.49.97","ns-824.awsdns-39.net, awsdns-hostmaster.amazon.com",NOERROR,,,,,,,,,,
[x],h-135-207-104-38.apps.bunq.com,"3.71.253.33, 18.193.49.97, 3.66.187.137","ns-824.awsdns-39.net, awsdns-hostmaster.amazon.com",NOERROR,,,,,,,,,,
[x],h-135-207-13-6.apps.bunq.com,"3.66.187.137, 3.71.253.33, 18.193.49.97","ns-824.awsdns-39.net, awsdns-hostmaster.amazon.com",NOERROR,,,,,,,,,,
[x],h-135-207-133-27.apps.bunq.com,,"ns-824.awsdns-39.net, awsdns-hostmaster.amazon.com",NOERROR,,,,,,,,,,
[x],h-135-207-171-37.apps.bunq.com,"3.66.187.137, 18.193.49.97, 3.71.253.33","ns-824.awsdns-39.net, awsdns-hostmaster.amazon.com",NOERROR,,,,,,,,,,
[x],h-135-207-176-21.apps.bunq.com,"18.193.49.97, 3.71.253.33, 3.66.187.137","ns-824.awsdns-39.net, awsdns-hostmaster.amazon.com",NOERROR,,,,,,,,,,
[x],h-135-207-183-31.apps.bunq.com,"3.71.253.33, 18.193.49.97, 3.66.187.137","ns-824.awsdns-39.net, awsdns-hostmaster.amazon.com",NOERROR,,,,,,,,,,
[x],h-135-207-183-48.apps.bunq.com,"3.71.253.33, 3.66.187.137, 18.193.49.97","ns-824.awsdns-39.net, awsdns-hostmaster.amazon.com",NOERROR,,,,,,,,,,
[x],h-135-207-218-24.apps.bunq.com,"18.193.49.97, 3.66.187.137, 3.71.253.33","ns-824.awsdns-39.net, awsdns-hostmaster.amazon.com",NOERROR,,,,,,,,,,
[x],h-135-207-218-47.apps.bunq.com,"3.66.187.137, 18.193.49.97, 3.71.253.33","ns-824.awsdns-39.net, awsdns-hostmaster.amazon.com",NOERROR,,,,,,,,,,
[x],h-135-207-220-45.apps.bunq.com,"3.66.187.137, 3.71.253.33, 18.193.49.97","ns-824.awsdns-39.net, awsdns-hostmaster.amazon.com",NOERROR,,,,,,,,,,
[x],h-135-207-223-23.apps.bunq.com,"3.66.187.137, 3.71.253.33, 18.193.49.97","ns-824.awsdns-39.net, awsdns-hostmaster.amazon.com",NOERROR,,,,,,,,,,
[x],h-135-207-230-95.apps.bunq.com,"18.193.49.97, 3.66.187.137, 3.71.253.33","ns-824.awsdns-39.net, awsdns-hostmaster.amazon.com",NOERROR,,,,,,,,,,
[x],h-135-207-249-84.apps.bunq.com,"3.71.253.33, 18.193.49.97, 3.66.187.137","ns-824.awsdns-39.net, awsdns-hostmaster.amazon.com",NOERROR,,,,,,,,,,
[x],h-135-207-33-1.apps.bunq.com,"3.66.187.137, 3.71.253.33, 18.193.49.97","ns-824.awsdns-39.net, awsdns-hostmaster.amazon.com",NOERROR,,,,,,,,,,
[x],h-135-207-36-46.apps.bunq.com,"3.66.187.137, 18.193.49.97, 3.71.253.33","ns-824.awsdns-39.net, awsdns-hostmaster.amazon.com",NOERROR,,,,,,,,,,
[x],h-135-207-36-6.apps.bunq.com,,"ns-824.awsdns-39.net, awsdns-hostmaster.amazon.com",NOERROR,,,,,,,,,,
[x],h-135-207-51-29.apps.bunq.com,,"ns-824.awsdns-39.net, awsdns-hostmaster.amazon.com",NOERROR,,,,,,,,,,
[x],h-135-207-56-97.apps.bunq.com,"3.66.187.137, 3.71.253.33, 18.193.49.97","ns-824.awsdns-39.net, awsdns-hostmaster.amazon.com",NOERROR,,,,,,,,,,
[x],h-135-207-61-22.apps.bunq.com,"18.193.49.97, 3.71.253.33, 3.66.187.137","ns-824.awsdns-39.net, awsdns-hostmaster.amazon.com",NOERROR,,,,,,,,,,
[x],hackathon.ip.bunq.com,37.139.141.8,"ns-824.awsdns-39.net, awsdns-hostmaster.amazon.com",NOERROR,,,,,,,,,,
[x],hackathon.triage.bunq.com,"3.77.81.46, 18.198.102.84, 3.77.185.41","ns-824.awsdns-39.net, awsdns-hostmaster.amazon.com",NOERROR,,,,,,,,,,
[x],hasika.developer.bunq.com,"3.71.253.33, 3.66.187.137, 18.193.49.97","ns-824.awsdns-39.net, awsdns-hostmaster.amazon.com",NOERROR,"ns-1189.awsdns-20.org, ns-1999.awsdns-57.co.uk, ns-63.awsdns-07.com, ns-824.awsdns-39.net",,,,,,,,,
[x],helen.apps.bunq.com,"18.193.49.97, 3.71.253.33, 3.66.187.137","ns-824.awsdns-39.net, awsdns-hostmaster.amazon.com",NOERROR,"ns-1189.awsdns-20.org, ns-1999.awsdns-57.co.uk, ns-63.awsdns-07.com, ns-824.awsdns-39.net",,,,,,,,,
[x],hello.bunq.com,,"ns-384.awsdns-48.com, awsdns-hostmaster.amazon.com",NOERROR,"ns-384.awsdns-48.com, ns-894.awsdns-47.net, ns-1107.awsdns-10.org, ns-1800.awsdns-33.co.uk",eu.sparkpostmail.com,,,,,,,,
[x],host-134-152-87-4.apps.bunq.com,"3.71.253.33, 3.66.187.137, 18.193.49.97","ns-824.awsdns-39.net, awsdns-hostmaster.amazon.com",NOERROR,,,,,,,,,,
[x],host-141-116-122-51.apps.bunq.com,"3.71.253.33, 3.66.187.137, 18.193.49.97","ns-824.awsdns-39.net, awsdns-hostmaster.amazon.com",NOERROR,,,,,,,,,,
[x],host-141-116-149-52.apps.bunq.com,"3.66.187.137, 3.71.253.33, 18.193.49.97","ns-824.awsdns-39.net, awsdns-hostmaster.amazon.com",NOERROR,,,,,,,,,,
[x],host-141-116-169-78.apps.bunq.com,"3.66.187.137, 18.193.49.97, 3.71.253.33","ns-824.awsdns-39.net, awsdns-hostmaster.amazon.com",NOERROR,,,,,,,,,,
[x],host-141-116-221-28.apps.bunq.com,"3.71.253.33, 3.66.187.137, 18.193.49.97","ns-824.awsdns-39.net, awsdns-hostmaster.amazon.com",NOERROR,,,,,,,,,,
[x],host-214-18-179-24.apps.bunq.com,"18.193.49.97, 3.66.187.137, 3.71.253.33","ns-824.awsdns-39.net, awsdns-hostmaster.amazon.com",NOERROR,,,,,,,,,,
[x],iad2s3-cmws.apps.bunq.com,"3.66.187.137, 3.71.253.33, 18.193.49.97","ns-824.awsdns-39.net, awsdns-hostmaster.amazon.com",NOERROR,,,,,,,,,,
[x],ideal.bunq.com,"3.125.112.45, 18.185.205.39, 3.120.54.191","ns-824.awsdns-39.net, awsdns-hostmaster.amazon.com",NOERROR,,,,,,,,,,
[x],ideal.sandbox.bunq.com,"54.93.154.10, 18.185.253.164, 52.28.235.10","ns-824.awsdns-39.net, awsdns-hostmaster.amazon.com",NOERROR,,,,,,,,,,
[x],identity-st-carry.apps.bunq.com,"18.193.49.97, 3.71.253.33, 3.66.187.137","ns-824.awsdns-39.net, awsdns-hostmaster.amazon.com",NOERROR,,,,,,,,,,
[x],idin.triage.bunq.com,"18.197.56.23, 3.125.35.151, 3.71.132.124","ns-824.awsdns-39.net, awsdns-hostmaster.amazon.com",NOERROR,,,,,,,,,,
[x],idtrx.bunq.com,"52.28.251.205, 18.184.145.11, 3.69.243.246","ns-824.awsdns-39.net, awsdns-hostmaster.amazon.com",NOERROR,,,,,,,,,,
[x],inetsd01-dhe.apps.bunq.com,"3.66.187.137, 18.193.49.97, 3.71.253.33","ns-824.awsdns-39.net, awsdns-hostmaster.amazon.com",NOERROR,"ns-1189.awsdns-20.org, ns-1999.awsdns-57.co.uk, ns-63.awsdns-07.com, ns-824.awsdns-39.net",,,,,,,,,
[x],internal-cms-aws-slaveconfig.apps.bunq.com,"18.193.49.97, 3.71.253.33, 3.66.187.137","ns-824.awsdns-39.net, awsdns-hostmaster.amazon.com",NOERROR,"ns-1189.awsdns-20.org, ns-1999.awsdns-57.co.uk, ns-63.awsdns-07.com, ns-824.awsdns-39.net",,,,,,,,,
[x],intlpriv.apps.bunq.com,"18.193.49.97, 3.66.187.137, 3.71.253.33","ns-824.awsdns-39.net, awsdns-hostmaster.amazon.com",NOERROR,,,,,,,,,,
[x],ip-146-87.apps.bunq.com,"3.71.253.33, 3.66.187.137, 18.193.49.97","ns-824.awsdns-39.net, awsdns-hostmaster.amazon.com",NOERROR,,,,,,,,,,
[x],ipcsdockerintra.apps.bunq.com,"3.66.187.137, 18.193.49.97, 3.71.253.33","ns-824.awsdns-39.net, awsdns-hostmaster.amazon.com",NOERROR,,,,,,,,,,
[x],ipv4-c001-mnl001-pldt-isp.apps.bunq.com,"18.193.49.97, 3.71.253.33, 3.66.187.137","ns-824.awsdns-39.net, awsdns-hostmaster.amazon.com",NOERROR,,,,,,,,,,
[x],ipv4-c092-mia006-ix.apps.bunq.com,"3.71.253.33, 3.66.187.137, 18.193.49.97","ns-824.awsdns-39.net, awsdns-hostmaster.amazon.com",NOERROR,,,,,,,,,,
[x],ipv6-c016-bru001-ix.apps.bunq.com,"18.193.49.97, 3.71.253.33, 3.66.187.137","ns-824.awsdns-39.net, awsdns-hostmaster.amazon.com",NOERROR,,,,,,,,,,
[x],ipv6-c287-lax001-ix.apps.bunq.com,"3.66.187.137, 3.71.253.33, 18.193.49.97","ns-824.awsdns-39.net, awsdns-hostmaster.amazon.com",NOERROR,,,,,,,,,,
[x],ipv6-c496-ord001-ix.apps.bunq.com,"3.66.187.137, 18.193.49.97, 3.71.253.33","ns-824.awsdns-39.net, awsdns-hostmaster.amazon.com",NOERROR,,,,,,,,,,
[x],issuer-web.triage.bunq.com,"3.77.185.41, 3.77.81.46, 18.198.102.84","ns-824.awsdns-39.net, awsdns-hostmaster.amazon.com",NOERROR,,,,,,,,,,
[x],issuer.idin.bunq.com,"3.69.243.246, 18.184.145.11, 52.28.251.205","ns-824.awsdns-39.net, awsdns-hostmaster.amazon.com",NOERROR,,,,,,,,,,
[x],it.bunq.com,"151.139.128.10, 151.139.128.11","ns-1007.awsdns-61.net, awsdns-hostmaster.amazon.com",NOERROR,,websites.weglot.com,,,"letsencrypt.org, sectigo.com, amazon.com, comodoca.com",,,,,
[x],itc3.apps.bunq.com,"3.71.253.33, 18.193.49.97, 3.66.187.137","ns-824.awsdns-39.net, awsdns-hostmaster.amazon.com",NOERROR,,,,,,,,,,
[x],japaeelsplus.apps.bunq.com,"3.71.253.33, 18.193.49.97, 3.66.187.137","ns-824.awsdns-39.net, awsdns-hostmaster.amazon.com",NOERROR,,,,,,,,,,
[x],jenkins-engineering-hostsso-miembros.apps.bunq.com,"3.71.253.33, 18.193.49.97, 3.66.187.137","ns-824.awsdns-39.net, awsdns-hostmaster.amazon.com",NOERROR,,,,,,,,,,
[x],jenkinsnetwork.apps.bunq.com,"3.66.187.137, 18.193.49.97, 3.71.253.33","ns-824.awsdns-39.net, awsdns-hostmaster.amazon.com",NOERROR,,,,,,,,,,
[x],jenkinsupdatevip-linkoceania-exchangedns.apps.bunq.com,"3.66.187.137, 18.193.49.97, 3.71.253.33","ns-824.awsdns-39.net, awsdns-hostmaster.amazon.com",NOERROR,,,,,,,,,,
[x],jobs.bunq.com,35.242.209.60,"ns-803.awsdns-36.net, awsdns-hostmaster.amazon.com",NOERROR,,secure.recruitee.com,,,letsencrypt.org,,,True,google,
[x],jubes.bunq.com,"3.124.31.211, 3.124.79.104, 3.124.99.226","ns-824.awsdns-39.net, awsdns-hostmaster.amazon.com",NOERROR,,,,,,,,,,
[x],kairos-10-ssl.apps.bunq.com,"3.71.253.33, 3.66.187.137, 18.193.49.97","ns-824.awsdns-39.net, awsdns-hostmaster.amazon.com",NOERROR,,,,,,,,,,
[x],kiki-qa.apps.bunq.com,"18.193.49.97, 3.66.187.137, 3.71.253.33","ns-824.awsdns-39.net, awsdns-hostmaster.amazon.com",NOERROR,,,,,,,,,,
[x],laniidae.apps.bunq.com,"18.193.49.97, 3.66.187.137, 3.71.253.33","ns-824.awsdns-39.net, awsdns-hostmaster.amazon.com",NOERROR,,,,,,,,,,
[x],lef11-2-pdd.apps.bunq.com,"3.71.253.33, 18.193.49.97, 3.66.187.137","ns-824.awsdns-39.net, awsdns-hostmaster.amazon.com",NOERROR,,,,,,,,,,
[x],lef12-1-pda.apps.bunq.com,"3.66.187.137, 18.193.49.97, 3.71.253.33","ns-824.awsdns-39.net, awsdns-hostmaster.amazon.com",NOERROR,,,,,,,,,,
[x],lef3-2-vzb.apps.bunq.com,"18.193.49.97, 3.66.187.137, 3.71.253.33","ns-824.awsdns-39.net, awsdns-hostmaster.amazon.com",NOERROR,"ns-1189.awsdns-20.org, ns-1999.awsdns-57.co.uk, ns-63.awsdns-07.com, ns-824.awsdns-39.net",,,,,,,,,
[x],lef7-2-vzb.apps.bunq.com,"3.71.253.33, 3.66.187.137, 18.193.49.97","ns-824.awsdns-39.net, awsdns-hostmaster.amazon.com",NOERROR,"ns-1189.awsdns-20.org, ns-1999.awsdns-57.co.uk, ns-63.awsdns-07.com, ns-824.awsdns-39.net",,,,,,,,,
[x],linear-ak-p-enc.apps.bunq.com,,"ns-824.awsdns-39.net, awsdns-hostmaster.amazon.com",NOERROR,,,,,,,,,,
[x],live.ebics.bunq.com,"52.29.141.164, 3.120.7.187, 3.127.95.225","ns-824.awsdns-39.net, awsdns-hostmaster.amazon.com",NOERROR,,,,,,,,,,
[x],lnk1.apps.bunq.com,"3.66.187.137, 18.193.49.97, 3.71.253.33","ns-824.awsdns-39.net, awsdns-hostmaster.amazon.com",NOERROR,,,,,,,,,,
[x],login.bunq.com,"15.197.195.200, 3.33.238.178","ns-609.awsdns-12.net, awsdns-hostmaster.amazon.com",NOERROR,,"bunq.customdomains.okta.com, ok9-custom-crtrs.okta.com, ok9-custom-crtrs.oktaedge.okta.com, ac4b547508e00da8e.awsglobalaccelerator.com",,,,,,,,
[x],lsn5.apps.bunq.com,"3.66.187.137, 3.71.253.33, 18.193.49.97","ns-824.awsdns-39.net, awsdns-hostmaster.amazon.com",NOERROR,,,,,,,,,,
[x],lucesparaelcamino.apps.bunq.com,"3.71.253.33, 18.193.49.97, 3.66.187.137","ns-824.awsdns-39.net, awsdns-hostmaster.amazon.com",NOERROR,,,,,,,,,,
[x],mach131-87-160-52.apps.bunq.com,"3.66.187.137, 18.193.49.97, 3.71.253.33","ns-824.awsdns-39.net, awsdns-hostmaster.amazon.com",NOERROR,,,,,,,,,,
[x],magical-parade-beach.apps.bunq.com,"3.66.187.137, 18.193.49.97, 3.71.253.33","ns-824.awsdns-39.net, awsdns-hostmaster.amazon.com",NOERROR,,,,,,,,,,
[x],maluma.apps.bunq.com,"3.66.187.137, 18.193.49.97, 3.71.253.33","ns-824.awsdns-39.net, awsdns-hostmaster.amazon.com",NOERROR,,,,,,,,,,
[x],manabo.apps.bunq.com,"3.66.187.137, 3.71.253.33, 18.193.49.97","ns-824.awsdns-39.net, awsdns-hostmaster.amazon.com",NOERROR,,,,,,,,,,
[x],masterexamplesbackup-meet-git.apps.bunq.com,"3.66.187.137, 18.193.49.97, 3.71.253.33","ns-824.awsdns-39.net, awsdns-hostmaster.amazon.com",NOERROR,,,,,,,,,,
[x],mcid.triage.bunq.com,"52.57.178.38, 52.59.78.150, 18.159.65.79","ns-824.awsdns-39.net, awsdns-hostmaster.amazon.com",NOERROR,,,,,,,,,,
[x],mctds-dev.bunq.com,"18.159.65.79, 52.57.178.38, 52.59.78.150","ns-824.awsdns-39.net, awsdns-hostmaster.amazon.com",NOERROR,,,,,,,,,,
[x],mctds.bunq.com,"18.184.145.11, 3.69.243.246, 52.28.251.205","ns-824.awsdns-39.net, awsdns-hostmaster.amazon.com",NOERROR,,,,,,,,,,
[x],mcw-dev.bunq.com,"52.59.78.150, 52.57.178.38, 18.159.65.79","ns-824.awsdns-39.net, awsdns-hostmaster.amazon.com",NOERROR,,,,,,,,,,
[x],mcw.bunq.com,,"ns-824.awsdns-39.net, awsdns-hostmaster.amazon.com",NOERROR,,,,,,,,,,
[x],meshb.apps.bunq.com,"3.71.253.33, 3.66.187.137, 18.193.49.97","ns-824.awsdns-39.net, awsdns-hostmaster.amazon.com",NOERROR,,,,,,,,,,
[x],mfa.workspaces.bunq.com,"3.69.90.62, 35.157.130.182, 18.195.93.26","ns-824.awsdns-39.net, awsdns-hostmaster.amazon.com",NOERROR,,,,,,,,,,
[x],mortgages.bunq.com,212.57.57.241,"ns-824.awsdns-39.net, awsdns-hostmaster.amazon.com",NOERROR,,,,,,,,,,
[x],msang.apps.bunq.com,"3.71.253.33, 3.66.187.137, 18.193.49.97","ns-824.awsdns-39.net, awsdns-hostmaster.amazon.com",NOERROR,,,,,,,,,,
[x],mss-syd05-ngw-01-r3-966-1.apps.bunq.com,"3.66.187.137, 3.71.253.33, 18.193.49.97","ns-824.awsdns-39.net, awsdns-hostmaster.amazon.com",NOERROR,,,,,,,,,,
[x],my.apps.bunq.com,"3.71.253.33, 3.66.187.137, 18.193.49.97","ns-824.awsdns-39.net, awsdns-hostmaster.amazon.com",NOERROR,"ns-1189.awsdns-20.org, ns-1999.awsdns-57.co.uk, ns-63.awsdns-07.com, ns-824.awsdns-39.net",,,,,,,,,
[x],myjumia.apps.bunq.com,"18.193.49.97, 3.66.187.137, 3.71.253.33","ns-824.awsdns-39.net, awsdns-hostmaster.amazon.com",NOERROR,"ns-1189.awsdns-20.org, ns-1999.awsdns-57.co.uk, ns-63.awsdns-07.com, ns-824.awsdns-39.net",,,,,,,,,
[x],nais-ac.apps.bunq.com,"18.193.49.97, 3.66.187.137, 3.71.253.33","ns-824.awsdns-39.net, awsdns-hostmaster.amazon.com",NOERROR,,,,,,,,,,
[x],net-log-b2bsystem.apps.bunq.com,"18.193.49.97, 3.71.253.33, 3.66.187.137","ns-824.awsdns-39.net, awsdns-hostmaster.amazon.com",NOERROR,,,,,,,,,,
[x],new-debugvideo-debugsqldoc-corporate.apps.bunq.com,"3.66.187.137, 3.71.253.33, 18.193.49.97","ns-824.awsdns-39.net, awsdns-hostmaster.amazon.com",NOERROR,,,,,,,,,,
[x],newb2bconfig-redirect.apps.bunq.com,"3.71.253.33, 3.66.187.137, 18.193.49.97","ns-824.awsdns-39.net, awsdns-hostmaster.amazon.com",NOERROR,,,,,,,,,,
[x],newinternal.apps.bunq.com,"3.71.253.33, 18.193.49.97, 3.66.187.137","ns-824.awsdns-39.net, awsdns-hostmaster.amazon.com",NOERROR,,,,,,,,,,
[x],newlooker.apps.bunq.com,"3.66.187.137, 3.71.253.33, 18.193.49.97","ns-824.awsdns-39.net, awsdns-hostmaster.amazon.com",NOERROR,,,,,,,,,,
[x],newmembers-new-oceania.apps.bunq.com,"18.193.49.97, 3.71.253.33, 3.66.187.137","ns-824.awsdns-39.net, awsdns-hostmaster.amazon.com",NOERROR,,,,,,,,,,
[x],ng8-ip4.apps.bunq.com,"18.193.49.97, 3.66.187.137, 3.71.253.33","ns-824.awsdns-39.net, awsdns-hostmaster.amazon.com",NOERROR,,,,,,,,,,
[x],nl.bunq.com,"151.139.128.10, 151.139.128.11","ns-1007.awsdns-61.net, awsdns-hostmaster.amazon.com",NOERROR,,websites.weglot.com,,,,,,,,
[x],notouchno.apps.bunq.com,"18.193.49.97, 3.71.253.33, 3.66.187.137","ns-824.awsdns-39.net, awsdns-hostmaster.amazon.com",NOERROR,,,,,,,,,,
[x],ns34.apps.bunq.com,"3.66.187.137, 3.71.253.33, 18.193.49.97","ns-824.awsdns-39.net, awsdns-hostmaster.amazon.com",NOERROR,,,,,,,,,,
[x],nsbeta.apps.bunq.com,"18.193.49.97, 3.66.187.137, 3.71.253.33","ns-824.awsdns-39.net, awsdns-hostmaster.amazon.com",NOERROR,,,,,,,,,,
[x],oakridge.apps.bunq.com,"3.71.253.33, 18.193.49.97, 3.66.187.137","ns-824.awsdns-39.net, awsdns-hostmaster.amazon.com",NOERROR,,,,,,,,,,
[x],oauth-2-playground.apps.bunq.com,"3.66.187.137, 3.71.253.33, 18.193.49.97","ns-824.awsdns-39.net, awsdns-hostmaster.amazon.com",NOERROR,,,,,,,,,,
[x],oauth.bunq.com,"3.125.112.45, 3.120.54.191, 18.185.205.39","ns-824.awsdns-39.net, awsdns-hostmaster.amazon.com",NOERROR,,,,,,,,,,
[x],oauth.sandbox.bunq.com,"52.28.235.10, 54.93.154.10, 18.185.253.164","ns-824.awsdns-39.net, awsdns-hostmaster.amazon.com",NOERROR,,,,,,,,,,
[x],officeph.apps.bunq.com,"3.71.253.33, 18.193.49.97, 3.66.187.137","ns-824.awsdns-39.net, awsdns-hostmaster.amazon.com",NOERROR,,,,,,,,,,
[x],onejoy.apps.bunq.com,"3.71.253.33, 18.193.49.97, 3.66.187.137","ns-824.awsdns-39.net, awsdns-hostmaster.amazon.com",NOERROR,,,,,,,,,,
[x],opsintl.apps.bunq.com,"3.71.253.33, 18.193.49.97, 3.66.187.137","ns-824.awsdns-39.net, awsdns-hostmaster.amazon.com",NOERROR,,,,,,,,,,
[x],oxy-oxygen-481e265d.apps.bunq.com,"18.193.49.97, 3.66.187.137, 3.71.253.33","ns-824.awsdns-39.net, awsdns-hostmaster.amazon.com",NOERROR,,,,,,,,,,
[x],p26-buy.apps.bunq.com,"3.66.187.137, 3.71.253.33, 18.193.49.97","ns-824.awsdns-39.net, awsdns-hostmaster.amazon.com",NOERROR,,,,,,,,,,
[x],p52-ckdashboardws.apps.bunq.com,"3.71.253.33, 3.66.187.137, 18.193.49.97","ns-824.awsdns-39.net, awsdns-hostmaster.amazon.com",NOERROR,,,,,,,,,,
[x],padybase.apps.bunq.com,"3.66.187.137, 18.193.49.97, 3.71.253.33","ns-824.awsdns-39.net, awsdns-hostmaster.amazon.com",NOERROR,"ns-1189.awsdns-20.org, ns-1999.awsdns-57.co.uk, ns-63.awsdns-07.com, ns-824.awsdns-39.net",,,,,,,,,
[x],pds-ca-carry.apps.bunq.com,"18.193.49.97, 3.66.187.137, 3.71.253.33","ns-824.awsdns-39.net, awsdns-hostmaster.amazon.com",NOERROR,,,,,,,,,,
[x],pgg16x.apps.bunq.com,"3.66.187.137, 3.71.253.33, 18.193.49.97","ns-824.awsdns-39.net, awsdns-hostmaster.amazon.com",NOERROR,,,,,,,,,,
[x],pgg39s.apps.bunq.com,"18.193.49.97, 3.71.253.33, 3.66.187.137","ns-824.awsdns-39.net, awsdns-hostmaster.amazon.com",NOERROR,,,,,,,,,,
[x],pgg3qr.apps.bunq.com,"3.71.253.33, 3.66.187.137, 18.193.49.97","ns-824.awsdns-39.net, awsdns-hostmaster.amazon.com",NOERROR,,,,,,,,,,
[x],pgg4cn.apps.bunq.com,"3.71.253.33, 18.193.49.97, 3.66.187.137","ns-824.awsdns-39.net, awsdns-hostmaster.amazon.com",NOERROR,,,,,,,,,,
[x],pgg4em.apps.bunq.com,"3.71.253.33, 18.193.49.97, 3.66.187.137","ns-824.awsdns-39.net, awsdns-hostmaster.amazon.com",NOERROR,,,,,,,,,,
[x],phone1.svc1.nl1.bunq.com,185.40.109.23,"ns-824.awsdns-39.net, awsdns-hostmaster.amazon.com",NOERROR,,,,,,,,,,
[x],pibid.apps.bunq.com,"3.71.253.33, 3.66.187.137, 18.193.49.97","ns-824.awsdns-39.net, awsdns-hostmaster.amazon.com",NOERROR,,,,,,,,,,
[x],pilot.ebics.bunq.com,"52.59.78.150, 52.57.178.38, 18.159.65.79","ns-824.awsdns-39.net, awsdns-hostmaster.amazon.com",NOERROR,,,,,,,,,,
[x],pkioverheid.bunq.com,,"ns-824.awsdns-39.net, awsdns-hostmaster.amazon.com",NOERROR,,,,,,,,,,
[x],plm-prod1.apps.bunq.com,"3.71.253.33, 3.66.187.137, 18.193.49.97","ns-824.awsdns-39.net, awsdns-hostmaster.amazon.com",NOERROR,,,,,,,,,,
[x],pontiac.apps.bunq.com,"18.193.49.97, 3.71.253.33, 3.66.187.137","ns-824.awsdns-39.net, awsdns-hostmaster.amazon.com",NOERROR,,,,,,,,,,
[x],pp-myaws.apps.bunq.com,"3.71.253.33, 3.66.187.137, 18.193.49.97","ns-824.awsdns-39.net, awsdns-hostmaster.amazon.com",NOERROR,"ns-1189.awsdns-20.org, ns-1999.awsdns-57.co.uk, ns-63.awsdns-07.com, ns-824.awsdns-39.net",,,,,,,,,
[x],preferences-proxydevel-vpn.apps.bunq.com,"3.71.253.33, 3.66.187.137, 18.193.49.97","ns-824.awsdns-39.net, awsdns-hostmaster.amazon.com",NOERROR,,,,,,,,,,
[x],press.bunq.com,"18.66.248.63, 18.66.248.13, 18.66.248.32, 18.66.248.46","ns-1206.awsdns-22.org, awsdns-hostmaster.amazon.com",NOERROR,"ns-1957.awsdns-52.co.uk, ns-409.awsdns-51.com, ns-895.awsdns-47.net, ns-1206.awsdns-22.org",d3hm99tvpwjiwb.cloudfront.net,,,,,,True,cloudfront,"2600:9000:224a:3600:9:b64e:9ac0:93a1, 2600:9000:224a:be00:9:b64e:9ac0:93a1, 2600:9000:224a:1000:9:b64e:9ac0:93a1, 2600:9000:224a:c200:9:b64e:9ac0:93a1, 2600:9000:224a:5e00:9:b64e:9ac0:93a1, 2600:9000:224a:c00:9:b64e:9ac0:93a1, 2600:9000:224a:5800:9:b64e:9ac0:93a1, 2600:9000:224a:5200:9:b64e:9ac0:93a1"
[x],privateaccountexternal-qa-apiproduction.apps.bunq.com,"3.71.253.33, 18.193.49.97, 3.66.187.137","ns-824.awsdns-39.net, awsdns-hostmaster.amazon.com",NOERROR,,,,,,,,,,
[x],privateproddoc-postmanbackups-www-test.apps.bunq.com,"18.193.49.97, 3.71.253.33, 3.66.187.137","ns-824.awsdns-39.net, awsdns-hostmaster.amazon.com",NOERROR,,,,,,,,,,
[x],pro-linkglobalcom.apps.bunq.com,"18.193.49.97, 3.71.253.33, 3.66.187.137","ns-824.awsdns-39.net, awsdns-hostmaster.amazon.com",NOERROR,,,,,,,,,,
[x],prodv2cms.apps.bunq.com,"3.66.187.137, 18.193.49.97, 3.71.253.33","ns-824.awsdns-39.net, awsdns-hostmaster.amazon.com",NOERROR,,,,,,,,,,
[x],profile-api.apps.bunq.com,"3.71.253.33, 18.193.49.97, 3.66.187.137","ns-824.awsdns-39.net, awsdns-hostmaster.amazon.com",NOERROR,,,,,,,,,,
[x],pv02sa-c04.apps.bunq.com,"3.66.187.137, 3.71.253.33, 18.193.49.97","ns-824.awsdns-39.net, awsdns-hostmaster.amazon.com",NOERROR,,,,,,,,,,
[x],pxe.apps.bunq.com,"18.193.49.97, 3.71.253.33, 3.66.187.137","ns-824.awsdns-39.net, awsdns-hostmaster.amazon.com",NOERROR,,,,,,,,,,
[x],qpweb.apps.bunq.com,,"ns-824.awsdns-39.net, awsdns-hostmaster.amazon.com",NOERROR,,,,,,,,,,
[x],qtinstall03.apps.bunq.com,,"ns-824.awsdns-39.net, awsdns-hostmaster.amazon.com",NOERROR,,,,,,,,,,
[x],recruitingjobs.apps.bunq.com,"18.193.49.97, 3.71.253.33, 3.66.187.137","ns-824.awsdns-39.net, awsdns-hostmaster.amazon.com",NOERROR,,,,,,,,,,
[x],redirect-team-defaultproduction.apps.bunq.com,"3.66.187.137, 3.71.253.33, 18.193.49.97","ns-824.awsdns-39.net, awsdns-hostmaster.amazon.com",NOERROR,,,,,,,,,,
[x],relativitysandbox-qa.apps.bunq.com,"3.66.187.137, 18.193.49.97, 3.71.253.33","ns-824.awsdns-39.net, awsdns-hostmaster.amazon.com",NOERROR,,,,,,,,,,
[x],rematest.apps.bunq.com,"3.71.253.33, 3.66.187.137, 18.193.49.97","ns-824.awsdns-39.net, awsdns-hostmaster.amazon.com",NOERROR,,,,,,,,,,
[x],research.bunq.com,"67.199.248.12, 67.199.248.13","ns-cloud-b1.googledomains.com, cloud-dns-hostmaster.google.com, ns-880.awsdns-46.net, awsdns-hostmaster.amazon.com",NOERROR,"ns-1053.awsdns-03.org, ns-1689.awsdns-19.co.uk, ns-343.awsdns-42.com, ns-880.awsdns-46.net, ns-cloud-b1.googledomains.com, ns-cloud-b2.googledomains.com, ns-cloud-b3.googledomains.com, ns-cloud-b4.googledomains.com",cname.bitly.com,,,"letsencrypt.org, ;",,,,,
[x],researchexternal-domain.apps.bunq.com,"3.66.187.137, 18.193.49.97, 3.71.253.33","ns-824.awsdns-39.net, awsdns-hostmaster.amazon.com",NOERROR,"ns-1189.awsdns-20.org, ns-1999.awsdns-57.co.uk, ns-63.awsdns-07.com, ns-824.awsdns-39.net",,,,,,,,,
[x],rinkeby-etherscan.apps.bunq.com,"3.66.187.137, 3.71.253.33, 18.193.49.97","ns-824.awsdns-39.net, awsdns-hostmaster.amazon.com",NOERROR,,,,,,,,,,
[x],rtb-lb.apps.bunq.com,"3.71.253.33, 3.66.187.137, 18.193.49.97","ns-824.awsdns-39.net, awsdns-hostmaster.amazon.com",NOERROR,,,,,,,,,,
[x],rxe-0-1-4.apps.bunq.com,"18.193.49.97, 3.71.253.33, 3.66.187.137","ns-824.awsdns-39.net, awsdns-hostmaster.amazon.com",NOERROR,,,,,,,,,,
[x],s3-upload-system-status-jenkinshost-csimgshare.apps.bunq.com,"3.71.253.33, 18.193.49.97, 3.66.187.137","ns-824.awsdns-39.net, awsdns-hostmaster.amazon.com",NOERROR,,,,,,,,,,
[x],s3cache.apps.bunq.com,"3.66.187.137, 3.71.253.33, 18.193.49.97","ns-824.awsdns-39.net, awsdns-hostmaster.amazon.com",NOERROR,,,,,,,,,,
[x],sandbox.mobile.api.bunq.com,"3.64.223.23, 35.157.95.181, 3.127.97.25","ns-824.awsdns-39.net, awsdns-hostmaster.amazon.com",NOERROR,,,,,,,,,,
[x],sandbox.search.api.bunq.com,"3.127.97.25, 3.64.223.23, 35.157.95.181","ns-824.awsdns-39.net, awsdns-hostmaster.amazon.com",NOERROR,,,,,,,,,,
[x],sb17.apps.bunq.com,"3.66.187.137, 18.193.49.97, 3.71.253.33","ns-824.awsdns-39.net, awsdns-hostmaster.amazon.com",NOERROR,,,,,,,,,,
[x],sb19.apps.bunq.com,"18.193.49.97, 3.66.187.137, 3.71.253.33","ns-824.awsdns-39.net, awsdns-hostmaster.amazon.com",NOERROR,,,,,,,,,,
[x],scopetrack-test.apps.bunq.com,"3.71.253.33, 3.66.187.137, 18.193.49.97","ns-824.awsdns-39.net, awsdns-hostmaster.amazon.com",NOERROR,,,,,,,,,,
[x],seattleuniversitylaw.apps.bunq.com,"18.193.49.97, 3.71.253.33, 3.66.187.137","ns-824.awsdns-39.net, awsdns-hostmaster.amazon.com",NOERROR,,,,,,,,,,
[x],sentry.bunq.com,"3.127.24.26, 3.65.192.120, 3.120.195.21","ns-824.awsdns-39.net, awsdns-hostmaster.amazon.com",NOERROR,,,,,,,,,,
[x],sevlab-pg1b.apps.bunq.com,"3.71.253.33, 18.193.49.97, 3.66.187.137","ns-824.awsdns-39.net, awsdns-hostmaster.amazon.com",NOERROR,,,,,,,,,,
[x],sgenc2.apps.bunq.com,"3.66.187.137, 18.193.49.97, 3.71.253.33","ns-824.awsdns-39.net, awsdns-hostmaster.amazon.com",NOERROR,,,,,,,,,,
[x],siebel-prod7.apps.bunq.com,"18.193.49.97, 3.71.253.33, 3.66.187.137","ns-824.awsdns-39.net, awsdns-hostmaster.amazon.com",NOERROR,,,,,,,,,,
[x],silverbullet-external-admin-itms7.apps.bunq.com,"3.71.253.33, 3.66.187.137, 18.193.49.97","ns-824.awsdns-39.net, awsdns-hostmaster.amazon.com",NOERROR,,,,,,,,,,
[x],sitespostgresgit.apps.bunq.com,,"ns-824.awsdns-39.net, awsdns-hostmaster.amazon.com",NOERROR,,,,,,,,,,
[x],slnstg.apps.bunq.com,"3.71.253.33, 3.66.187.137, 18.193.49.97","ns-824.awsdns-39.net, awsdns-hostmaster.amazon.com",NOERROR,,,,,,,,,,
[x],snowplow.bunq.com,"52.59.92.51, 18.193.195.33, 3.121.253.254","ns-824.awsdns-39.net, awsdns-hostmaster.amazon.com",NOERROR,,,,,,,,,,
[x],snowplow.triage.bunq.com,"52.59.92.51, 3.121.253.254, 18.193.195.33","ns-824.awsdns-39.net, awsdns-hostmaster.amazon.com",NOERROR,,,,,,,,,,
[x],soar2.apps.bunq.com,"3.66.187.137, 3.71.253.33, 18.193.49.97","ns-824.awsdns-39.net, awsdns-hostmaster.amazon.com",NOERROR,"ns-1189.awsdns-20.org, ns-1999.awsdns-57.co.uk, ns-63.awsdns-07.com, ns-824.awsdns-39.net",,,,,,,,,
[x],soilassociation.apps.bunq.com,"3.66.187.137, 18.193.49.97, 3.71.253.33","ns-824.awsdns-39.net, awsdns-hostmaster.amazon.com",NOERROR,"ns-1189.awsdns-20.org, ns-1999.awsdns-57.co.uk, ns-63.awsdns-07.com, ns-824.awsdns-39.net",,,,,,,,,
[x],ss13.apps.bunq.com,"3.66.187.137, 18.193.49.97, 3.71.253.33","ns-824.awsdns-39.net, awsdns-hostmaster.amazon.com",NOERROR,,,,,,,,,,
[x],st14p02ls-gsp9-st14-pod02-r02.apps.bunq.com,"3.66.187.137, 18.193.49.97, 3.71.253.33","ns-824.awsdns-39.net, awsdns-hostmaster.amazon.com",NOERROR,,,,,,,,,,
[x],stage2du10.apps.bunq.com,"3.66.187.137, 18.193.49.97, 3.71.253.33","ns-824.awsdns-39.net, awsdns-hostmaster.amazon.com",NOERROR,,,,,,,,,,
[x],staging-p2-clickhouse-bulk.apps.bunq.com,"18.193.49.97, 3.66.187.137, 3.71.253.33","ns-824.awsdns-39.net, awsdns-hostmaster.amazon.com",NOERROR,,,,,,,,,,
[x],stagingapi.apps.bunq.com,"18.193.49.97, 3.66.187.137, 3.71.253.33","ns-824.awsdns-39.net, awsdns-hostmaster.amazon.com",NOERROR,,,,,,,,,,
[x],stagingchef-web-cachevpn-downloadsbeta-clients-git.apps.bunq.com,"18.193.49.97, 3.71.253.33, 3.66.187.137","ns-824.awsdns-39.net, awsdns-hostmaster.amazon.com",NOERROR,,,,,,,,,,
[x],static.bunq.com,"18.66.112.87, 18.66.112.128, 18.66.112.71, 18.66.112.43","ns-824.awsdns-39.net, awsdns-hostmaster.amazon.com",NOERROR,,,,,,,,True,cloudfront,
[x],status-assetscdnuser.apps.bunq.com,"3.71.253.33, 3.66.187.137, 18.193.49.97","ns-824.awsdns-39.net, awsdns-hostmaster.amazon.com",NOERROR,,,,,,,,,,
[x],status-jenkinshost-csimgshare.apps.bunq.com,"18.193.49.97, 3.66.187.137, 3.71.253.33","ns-824.awsdns-39.net, awsdns-hostmaster.amazon.com",NOERROR,,,,,,,,,,
[x],status-system-confluencebetav1-confluence-repositoryerpalt.apps.bunq.com,"3.66.187.137, 3.71.253.33, 18.193.49.97","ns-824.awsdns-39.net, awsdns-hostmaster.amazon.com",NOERROR,,,,,,,,,,
[x],status.bunq.com,178.62.68.161,"iris.ns.cloudflare.com, dns.cloudflare.com",NOERROR,,pages-ssl.statuscake.com,,,,,,,,
[x],stepone-termymaltanskie.apps.bunq.com,"3.66.187.137, 3.71.253.33, 18.193.49.97","ns-824.awsdns-39.net, awsdns-hostmaster.amazon.com",NOERROR,,,,,,,,,,
[x],storage.apps.bunq.com,"3.66.187.137, 18.193.49.97, 3.71.253.33","ns-824.awsdns-39.net, awsdns-hostmaster.amazon.com",NOERROR,,,,,,,,,,
[x],svc-devops.bunq.com,"18.195.63.113, 18.193.179.67, 18.185.173.174","ns-824.awsdns-39.net, awsdns-hostmaster.amazon.com",NOERROR,,,,,,,,,,
[x],tapi.secure-code.bunq.com,"18.159.65.79, 52.59.78.150, 52.57.178.38","ns-824.awsdns-39.net, awsdns-hostmaster.amazon.com",NOERROR,,,,,,,,,,
[x],tard1.apps.bunq.com,"3.71.253.33, 18.193.49.97, 3.66.187.137","ns-824.awsdns-39.net, awsdns-hostmaster.amazon.com",NOERROR,,,,,,,,,,
[x],tatatrusts.apps.bunq.com,"3.66.187.137, 18.193.49.97, 3.71.253.33","ns-824.awsdns-39.net, awsdns-hostmaster.amazon.com",NOERROR,"ns-1189.awsdns-20.org, ns-1999.awsdns-57.co.uk, ns-63.awsdns-07.com, ns-824.awsdns-39.net",,,,,,,,,
[x],teamdevops-m.apps.bunq.com,,"ns-824.awsdns-39.net, awsdns-hostmaster.amazon.com",NOERROR,,,,,,,,,,
[x],temp-paws4udogs.apps.bunq.com,"3.71.253.33, 18.193.49.97, 3.66.187.137","ns-824.awsdns-39.net, awsdns-hostmaster.amazon.com",NOERROR,,,,,,,,,,
[x],tempvip-linkoceania-exchangedns.apps.bunq.com,"18.193.49.97, 3.66.187.137, 3.71.253.33","ns-824.awsdns-39.net, awsdns-hostmaster.amazon.com",NOERROR,,,,,,,,,,
[x],test13.apps.bunq.com,"3.66.187.137, 3.71.253.33, 18.193.49.97","ns-824.awsdns-39.net, awsdns-hostmaster.amazon.com",NOERROR,,,,,,,,,,
[x],test19.apps.bunq.com,"3.71.253.33, 3.66.187.137, 18.193.49.97","ns-824.awsdns-39.net, awsdns-hostmaster.amazon.com",NOERROR,,,,,,,,,,
[x],test54.apps.bunq.com,"3.66.187.137, 18.193.49.97, 3.71.253.33","ns-824.awsdns-39.net, awsdns-hostmaster.amazon.com",NOERROR,,,,,,,,,,
[x],thissiteisepic.apps.bunq.com,"18.193.49.97, 3.66.187.137, 3.71.253.33","ns-824.awsdns-39.net, awsdns-hostmaster.amazon.com",NOERROR,"ns-1189.awsdns-20.org, ns-1999.awsdns-57.co.uk, ns-63.awsdns-07.com, ns-824.awsdns-39.net",,,,,,,,,
[x],thomasgrouprealty.apps.bunq.com,"3.71.253.33, 18.193.49.97, 3.66.187.137","ns-824.awsdns-39.net, awsdns-hostmaster.amazon.com",NOERROR,,,,,,,,,,
[x],tinker.bunq.com,"18.66.112.87, 18.66.112.43, 18.66.112.71, 18.66.112.128","ns-824.awsdns-39.net, awsdns-hostmaster.amazon.com",NOERROR,,static.bunq.com,,,,,,True,cloudfront,
[x],tlh.apps.bunq.com,"3.71.253.33, 3.66.187.137, 18.193.49.97","ns-824.awsdns-39.net, awsdns-hostmaster.amazon.com",NOERROR,,,,,,,,,,
[x],together-login.bunq.com,"3.120.54.191, 18.185.205.39, 3.125.112.45","ns-824.awsdns-39.net, awsdns-hostmaster.amazon.com",NOERROR,,,,,,,,,,
[x],together-login.triage.bunq.com,"18.185.253.164, 52.28.235.10, 54.93.154.10","ns-824.awsdns-39.net, awsdns-hostmaster.amazon.com",NOERROR,,,,,,,,,,
[x],together-maintenance.bunq.com,"3.124.152.100, 3.123.247.84, 3.69.66.132","ns-824.awsdns-39.net, awsdns-hostmaster.amazon.com",NOERROR,,,,,,,,,,
[x],together.bunq.com,"3.69.66.132, 3.124.152.100, 3.123.247.84","ns-824.awsdns-39.net, awsdns-hostmaster.amazon.com",NOERROR,,,,,,,,,,
[x],tor105-165-pdb.apps.bunq.com,"3.71.253.33, 18.193.49.97, 3.66.187.137","ns-824.awsdns-39.net, awsdns-hostmaster.amazon.com",NOERROR,,,,,,,,,,
[x],tor121-217-pda.apps.bunq.com,"3.66.187.137, 3.71.253.33, 18.193.49.97","ns-824.awsdns-39.net, awsdns-hostmaster.amazon.com",NOERROR,,,,,,,,,,
[x],tor127-154-pda.apps.bunq.com,,"ns-824.awsdns-39.net, awsdns-hostmaster.amazon.com",NOERROR,,,,,,,,,,
[x],tor128-146-pda.apps.bunq.com,"3.71.253.33, 3.66.187.137, 18.193.49.97","ns-824.awsdns-39.net, awsdns-hostmaster.amazon.com",NOERROR,,,,,,,,,,
[x],tor13-52-pda.apps.bunq.com,"18.193.49.97, 3.66.187.137, 3.71.253.33","ns-824.awsdns-39.net, awsdns-hostmaster.amazon.com",NOERROR,,,,,,,,,,
[x],tor130-162-gre.apps.bunq.com,"18.193.49.97, 3.71.253.33, 3.66.187.137","ns-824.awsdns-39.net, awsdns-hostmaster.amazon.com",NOERROR,,,,,,,,,,
[x],tor135-grc.apps.bunq.com,"18.193.49.97, 3.66.187.137, 3.71.253.33","ns-824.awsdns-39.net, awsdns-hostmaster.amazon.com",NOERROR,,,,,,,,,,
[x],tor147-163-grc.apps.bunq.com,"3.66.187.137, 3.71.253.33, 18.193.49.97","ns-824.awsdns-39.net, awsdns-hostmaster.amazon.com",NOERROR,,,,,,,,,,
[x],tor148-180-gre.apps.bunq.com,"3.66.187.137, 18.193.49.97, 3.71.253.33","ns-824.awsdns-39.net, awsdns-hostmaster.amazon.com",NOERROR,,,,,,,,,,
[x],tor15-31-seb.apps.bunq.com,"18.193.49.97, 3.66.187.137, 3.71.253.33","ns-824.awsdns-39.net, awsdns-hostmaster.amazon.com",NOERROR,,,,,,,,,,
[x],tor157-42-pdc.apps.bunq.com,"18.193.49.97, 3.66.187.137, 3.71.253.33","ns-824.awsdns-39.net, awsdns-hostmaster.amazon.com",NOERROR,,,,,,,,,,
[x],tor179-240-pdc.apps.bunq.com,"3.71.253.33, 3.66.187.137, 18.193.49.97","ns-824.awsdns-39.net, awsdns-hostmaster.amazon.com",NOERROR,,,,,,,,,,
[x],tor187-219-pdc.apps.bunq.com,"18.193.49.97, 3.71.253.33, 3.66.187.137","ns-824.awsdns-39.net, awsdns-hostmaster.amazon.com",NOERROR,,,,,,,,,,
[x],tor213-250-pda.apps.bunq.com,"3.66.187.137, 3.71.253.33, 18.193.49.97","ns-824.awsdns-39.net, awsdns-hostmaster.amazon.com",NOERROR,,,,,,,,,,
[x],tor251-340-pda.apps.bunq.com,"3.71.253.33, 3.66.187.137, 18.193.49.97","ns-824.awsdns-39.net, awsdns-hostmaster.amazon.com",NOERROR,,,,,,,,,,
[x],tor253-335-pda.apps.bunq.com,"3.71.253.33, 18.193.49.97, 3.66.187.137","ns-824.awsdns-39.net, awsdns-hostmaster.amazon.com",NOERROR,,,,,,,,,,
[x],tor26.apps.bunq.com,"3.71.253.33, 3.66.187.137, 18.193.49.97","ns-824.awsdns-39.net, awsdns-hostmaster.amazon.com",NOERROR,,,,,,,,,,
[x],tor260-334-pdc.apps.bunq.com,"18.193.49.97, 3.66.187.137, 3.71.253.33","ns-824.awsdns-39.net, awsdns-hostmaster.amazon.com",NOERROR,"ns-1189.awsdns-20.org, ns-1999.awsdns-57.co.uk, ns-63.awsdns-07.com, ns-824.awsdns-39.net",,,,,,,,,
[x],tor280-351-pdc.apps.bunq.com,"3.66.187.137, 18.193.49.97, 3.71.253.33","ns-824.awsdns-39.net, awsdns-hostmaster.amazon.com",NOERROR,,,,,,,,,,
[x],tor292-365-pdc.apps.bunq.com,"3.71.253.33, 18.193.49.97, 3.66.187.137","ns-824.awsdns-39.net, awsdns-hostmaster.amazon.com",NOERROR,,,,,,,,,,
[x],tor329-376-pda.apps.bunq.com,"18.193.49.97, 3.66.187.137, 3.71.253.33","ns-824.awsdns-39.net, awsdns-hostmaster.amazon.com",NOERROR,,,,,,,,,,
[x],tor34-47-pdd.apps.bunq.com,"3.71.253.33, 18.193.49.97, 3.66.187.137","ns-824.awsdns-39.net, awsdns-hostmaster.amazon.com",NOERROR,,,,,,,,,,
[x],tor340-427-pda.apps.bunq.com,"18.193.49.97, 3.71.253.33, 3.66.187.137","ns-824.awsdns-39.net, awsdns-hostmaster.amazon.com",NOERROR,,,,,,,,,,
[x],tor391-465-grc.apps.bunq.com,"3.71.253.33, 3.66.187.137, 18.193.49.97","ns-824.awsdns-39.net, awsdns-hostmaster.amazon.com",NOERROR,,,,,,,,,,
[x],tor40.apps.bunq.com,"3.71.253.33, 3.66.187.137, 18.193.49.97","ns-824.awsdns-39.net, awsdns-hostmaster.amazon.com",NOERROR,"ns-1189.awsdns-20.org, ns-1999.awsdns-57.co.uk, ns-63.awsdns-07.com, ns-824.awsdns-39.net",,,,,,,,,
[x],tor409-472-pdb.apps.bunq.com,"18.193.49.97, 3.66.187.137, 3.71.253.33","ns-824.awsdns-39.net, awsdns-hostmaster.amazon.com",NOERROR,,,,,,,,,,
[x],tor48-5-pdb.apps.bunq.com,"18.193.49.97, 3.66.187.137, 3.71.253.33","ns-824.awsdns-39.net, awsdns-hostmaster.amazon.com",NOERROR,,,,,,,,,,
[x],tor52-22-pdb.apps.bunq.com,"3.71.253.33, 3.66.187.137, 18.193.49.97","ns-824.awsdns-39.net, awsdns-hostmaster.amazon.com",NOERROR,,,,,,,,,,
[x],tor55-98-pdc.apps.bunq.com,"3.66.187.137, 3.71.253.33, 18.193.49.97","ns-824.awsdns-39.net, awsdns-hostmaster.amazon.com",NOERROR,"ns-1189.awsdns-20.org, ns-1999.awsdns-57.co.uk, ns-63.awsdns-07.com, ns-824.awsdns-39.net",,,,,,,,,
[x],tor67-83-vzb.apps.bunq.com,"18.193.49.97, 3.71.253.33, 3.66.187.137","ns-824.awsdns-39.net, awsdns-hostmaster.amazon.com",NOERROR,,,,,,,,,,
[x],tor70-86-grc.apps.bunq.com,"3.66.187.137, 3.71.253.33, 18.193.49.97","ns-824.awsdns-39.net, awsdns-hostmaster.amazon.com",NOERROR,,,,,,,,,,
[x],tor99-179-pdc.apps.bunq.com,"18.193.49.97, 3.71.253.33, 3.66.187.137","ns-824.awsdns-39.net, awsdns-hostmaster.amazon.com",NOERROR,,,,,,,,,,
[x],tqr.bunq.com,"52.28.235.10, 54.93.154.10, 18.185.253.164","ns-824.awsdns-39.net, awsdns-hostmaster.amazon.com",NOERROR,,,,,,,,,,
[x],troycable.apps.bunq.com,"3.71.253.33, 3.66.187.137, 18.193.49.97","ns-824.awsdns-39.net, awsdns-hostmaster.amazon.com",NOERROR,,,,,,,,,,
[x],twsdk.apps.bunq.com,"3.71.253.33, 3.66.187.137, 18.193.49.97","ns-824.awsdns-39.net, awsdns-hostmaster.amazon.com",NOERROR,,,,,,,,,,
[x],tx.bunq.com,"52.57.178.38, 52.59.78.150, 18.159.65.79","ns-824.awsdns-39.net, awsdns-hostmaster.amazon.com",NOERROR,,,,,,,,,,
[x],txbank.blog.bunq.com,"3.66.187.137, 3.71.253.33, 18.193.49.97","ns-824.awsdns-39.net, awsdns-hostmaster.amazon.com",NOERROR,,,,,,,,,,
[x],txbank.bunq.com,"35.157.95.181, 3.127.97.25, 3.64.223.23","ns-824.awsdns-39.net, awsdns-hostmaster.amazon.com",NOERROR,,,,,,,,,,
[x],ty.bunq.com,"52.59.78.150, 52.57.178.38, 18.159.65.79","ns-824.awsdns-39.net, awsdns-hostmaster.amazon.com",NOERROR,,,,,,,,,,
[x],uhs12ziodtb06-vip.apps.bunq.com,"3.71.253.33, 3.66.187.137, 18.193.49.97","ns-824.awsdns-39.net, awsdns-hostmaster.amazon.com",NOERROR,"ns-1189.awsdns-20.org, ns-1999.awsdns-57.co.uk, ns-63.awsdns-07.com, ns-824.awsdns-39.net",,,,,,,,,
[x],uncover-bot-api.apps.bunq.com,"18.193.49.97, 3.71.253.33, 3.66.187.137","ns-824.awsdns-39.net, awsdns-hostmaster.amazon.com",NOERROR,,,,,,,,,,
[x],uncover-teams.apps.bunq.com,"3.66.187.137, 18.193.49.97, 3.71.253.33","ns-824.awsdns-39.net, awsdns-hostmaster.amazon.com",NOERROR,,,,,,,,,,
[x],uncover-threefifty2pt0.apps.bunq.com,"18.193.49.97, 3.71.253.33, 3.66.187.137","ns-824.awsdns-39.net, awsdns-hostmaster.amazon.com",NOERROR,,,,,,,,,,
[x],update.bunq.com,,"ns-384.awsdns-48.com, awsdns-hostmaster.amazon.com",NOERROR,"ns-1800.awsdns-33.co.uk, ns-384.awsdns-48.com, ns-894.awsdns-47.net, ns-1107.awsdns-10.org",eu.sparkpostmail.com,smtp.eu.sparkpostmail.com,"v=spf1 exists:%{i}._spf.sparkpostmail.com ~all, 202203052053464ssc9e0bx6sxfn166dy9hz8920yzqh29g2osq7ipzecjw7a4pj, google-site-verification=Qx_Hf7j4nPAg9U0GwAwXHrYd0VQ7zysFmqBUzgAa4CQ",,,,,,
[x],updateelasticbeanstalk.apps.bunq.com,"3.71.253.33, 3.66.187.137, 18.193.49.97","ns-824.awsdns-39.net, awsdns-hostmaster.amazon.com",NOERROR,,,,,,,,,,
[x],upgrade-eipronpa.apps.bunq.com,"3.71.253.33, 3.66.187.137, 18.193.49.97","ns-824.awsdns-39.net, awsdns-hostmaster.amazon.com",NOERROR,,,,,,,,,,
[x],upgrade-lee-132-159-211-48.apps.bunq.com,"3.66.187.137, 3.71.253.33, 18.193.49.97","ns-824.awsdns-39.net, awsdns-hostmaster.amazon.com",NOERROR,,,,,,,,,,
[x],upgrade-monitor.apps.bunq.com,"18.193.49.97, 3.71.253.33, 3.66.187.137","ns-824.awsdns-39.net, awsdns-hostmaster.amazon.com",NOERROR,,,,,,,,,,
[x],uploadsocprdfixws.developer.bunq.com,"18.193.49.97, 3.71.253.33, 3.66.187.137","ns-824.awsdns-39.net, awsdns-hostmaster.amazon.com",NOERROR,,,,,,,,,,
[x],us-west-1.apps.bunq.com,"3.71.253.33, 18.193.49.97, 3.66.187.137","ns-824.awsdns-39.net, awsdns-hostmaster.amazon.com",NOERROR,,,,,,,,,,
[x],userspubnew-uat.apps.bunq.com,"3.66.187.137, 18.193.49.97, 3.71.253.33","ns-824.awsdns-39.net, awsdns-hostmaster.amazon.com",NOERROR,,,,,,,,,,
[x],useruploads.apps.bunq.com,"3.66.187.137, 18.193.49.97, 3.71.253.33",,NOERROR,,,,,,,,,,
[x],v2dbmsconnect-dns.apps.bunq.com,"3.66.187.137, 3.71.253.33, 18.193.49.97","ns-824.awsdns-39.net, awsdns-hostmaster.amazon.com",NOERROR,,,,,,,,,,
[x],v3-api-web01backup-accept-domain.apps.bunq.com,"3.66.187.137, 3.71.253.33, 18.193.49.97","ns-824.awsdns-39.net, awsdns-hostmaster.amazon.com",NOERROR,,,,,,,,,,
[x],v3-wikialpha-customersdb2-corp.developer.bunq.com,,"ns-824.awsdns-39.net, awsdns-hostmaster.amazon.com",NOERROR,,,,,,,,,,
[x],v4alpharemote-sso-miembros.apps.bunq.com,"3.66.187.137, 18.193.49.97, 3.71.253.33","ns-824.awsdns-39.net, awsdns-hostmaster.amazon.com",NOERROR,,,,,,,,,,
[x],va12sa.apps.bunq.com,"3.66.187.137, 3.71.253.33, 18.193.49.97","ns-824.awsdns-39.net, awsdns-hostmaster.amazon.com",NOERROR,,,,,,,,,,
[x],venus.apps.bunq.com,"3.71.253.33, 18.193.49.97, 3.66.187.137","ns-824.awsdns-39.net, awsdns-hostmaster.amazon.com",NOERROR,"ns-1189.awsdns-20.org, ns-1999.awsdns-57.co.uk, ns-63.awsdns-07.com, ns-824.awsdns-39.net",,,,,,,,,
[x],video-devenvacceptdockerintra-backups-www-test.apps.bunq.com,"3.66.187.137, 18.193.49.97, 3.71.253.33","ns-824.awsdns-39.net, awsdns-hostmaster.amazon.com",NOERROR,,,,,,,,,,
[x],videov2.apps.bunq.com,,"ns-824.awsdns-39.net, awsdns-hostmaster.amazon.com",NOERROR,,,,,,,,,,
[x],vipmhsi.apps.bunq.com,"18.193.49.97, 3.71.253.33, 3.66.187.137","ns-824.awsdns-39.net, awsdns-hostmaster.amazon.com",NOERROR,,,,,,,,,,
[x],vnsd66.apps.bunq.com,"18.193.49.97, 3.66.187.137, 3.71.253.33","ns-824.awsdns-39.net, awsdns-hostmaster.amazon.com",NOERROR,,,,,,,,,,
[x],vpn-jenkins-aws.apps.bunq.com,"18.193.49.97, 3.66.187.137, 3.71.253.33","ns-824.awsdns-39.net, awsdns-hostmaster.amazon.com",NOERROR,,,,,,,,,,
[x],vpn-systemassets-sites-mx.apps.bunq.com,"3.71.253.33, 3.66.187.137, 18.193.49.97","ns-824.awsdns-39.net, awsdns-hostmaster.amazon.com",NOERROR,,,,,,,,,,
[x],vpn.nl1.bunq.com,185.40.109.100,"ns-824.awsdns-39.net, awsdns-hostmaster.amazon.com",NOERROR,"ns-1189.awsdns-20.org, ns-1999.awsdns-57.co.uk, ns-63.awsdns-07.com, ns-824.awsdns-39.net",,,,,,,,,
[x],vpn1.bunq.com,185.40.109.100,"ns-824.awsdns-39.net, awsdns-hostmaster.amazon.com",NOERROR,,,,,,,,,,
[x],vpnpostman-trackjiratunnel-mx.apps.bunq.com,"18.193.49.97, 3.71.253.33, 3.66.187.137","ns-824.awsdns-39.net, awsdns-hostmaster.amazon.com",NOERROR,,,,,,,,,,
[x],vpnredirect-beta-origin.apps.bunq.com,"18.193.49.97, 3.66.187.137, 3.71.253.33","ns-824.awsdns-39.net, awsdns-hostmaster.amazon.com",NOERROR,,,,,,,,,,
[x],vx47.apps.bunq.com,"3.66.187.137, 3.71.253.33, 18.193.49.97","ns-824.awsdns-39.net, awsdns-hostmaster.amazon.com",NOERROR,,,,,,,,,,
[x],vx53.apps.bunq.com,"18.193.49.97, 3.66.187.137, 3.71.253.33","ns-824.awsdns-39.net, awsdns-hostmaster.amazon.com",NOERROR,,,,,,,,,,
[x],web.bunq.com,"3.125.112.45, 3.120.54.191, 18.185.205.39","ns-824.awsdns-39.net, awsdns-hostmaster.amazon.com",NOERROR,,,,,,,,,,
[x],web.triage.bunq.com,"3.71.132.124, 18.197.56.23, 3.125.35.151","ns-824.awsdns-39.net, awsdns-hostmaster.amazon.com",NOERROR,,,,,,,,,,
[x],web.workspaces.bunq.com,"172.18.43.189, 172.18.28.227, 172.18.0.147","ns-824.awsdns-39.net, awsdns-hostmaster.amazon.com",NOERROR,,,,,,True,"172.18.43.189, 172.18.28.227, 172.18.0.147",,,
[x],webmach131-87-88-47.apps.bunq.com,"3.71.253.33, 18.193.49.97, 3.66.187.137","ns-824.awsdns-39.net, awsdns-hostmaster.amazon.com",NOERROR,,,,,,,,,,
[x],webmail5e.apps.bunq.com,,"ns-824.awsdns-39.net, awsdns-hostmaster.amazon.com",NOERROR,,,,,,,,,,
[x],websystem-archive-intranetpostgresmx.apps.bunq.com,"18.193.49.97, 3.71.253.33, 3.66.187.137","ns-824.awsdns-39.net, awsdns-hostmaster.amazon.com",NOERROR,"ns-1189.awsdns-20.org, ns-1999.awsdns-57.co.uk, ns-63.awsdns-07.com, ns-824.awsdns-39.net",,,,,,,,,
[x],widget.bunq.com,"3.120.54.191, 18.185.205.39, 3.125.112.45","ns-824.awsdns-39.net, awsdns-hostmaster.amazon.com",NOERROR,,,,,,,,,,
[x],wiki-serviceoceania-mx.apps.bunq.com,"3.71.253.33, 18.193.49.97, 3.66.187.137","ns-824.awsdns-39.net, awsdns-hostmaster.amazon.com",NOERROR,,,,,,,,,,
[x],wikialpha-node-docs.apps.bunq.com,"3.66.187.137, 18.193.49.97, 3.71.253.33","ns-824.awsdns-39.net, awsdns-hostmaster.amazon.com",NOERROR,,,,,,,,,,
[x],wikilb-140-82-112-9-iad.apps.bunq.com,"3.71.253.33, 3.66.187.137, 18.193.49.97","ns-824.awsdns-39.net, awsdns-hostmaster.amazon.com",NOERROR,,,,,,,,,,
[x],wks60-45.apps.bunq.com,"18.193.49.97, 3.66.187.137, 3.71.253.33","ns-824.awsdns-39.net, awsdns-hostmaster.amazon.com",NOERROR,"ns-1189.awsdns-20.org, ns-1999.awsdns-57.co.uk, ns-63.awsdns-07.com, ns-824.awsdns-39.net",,,,,,,,,
[x],www-rmit-vn-sit-etccollege.apps.bunq.com,"3.71.253.33, 3.66.187.137, 18.193.49.97","ns-824.awsdns-39.net, awsdns-hostmaster.amazon.com",NOERROR,,,,,,,,,,
[x],www.api.together-login.bunq.com,54.144.128.85,,NOERROR,,,,,,,,,,
[x],www.apps.bunq.com,"3.66.187.137, 3.71.253.33, 18.193.49.97","ns-824.awsdns-39.net, awsdns-hostmaster.amazon.com",NOERROR,,,,,,,,,,
[x],www.imap.bunq.com,54.144.128.85,,NOERROR,,,,,,,,,,
[x],www.jobs.bunq.com,35.242.209.60,"ns-803.awsdns-36.net, awsdns-hostmaster.amazon.com",NOERROR,,secure.recruitee.com,,,letsencrypt.org,,,True,google,
[x],www.static.bunq.com,"18.244.146.67, 18.244.146.7, 18.244.146.4, 18.244.146.40","ns-824.awsdns-39.net, awsdns-hostmaster.amazon.com",NOERROR,,,,,,,,True,cloudfront,
[x],www.together.bunq.com,"3.124.152.100, 3.69.66.132, 3.123.247.84","ns-824.awsdns-39.net, awsdns-hostmaster.amazon.com",NOERROR,,together.bunq.com,,google-site-verification=v3wmm3nxME6OdeOElMknRDvINCFiGh9wJBxKbIkazCQ,,,,,,
[x],x.bunq.com,"3.123.138.3, 54.93.142.15, 18.157.105.25","ns-824.awsdns-39.net, awsdns-hostmaster.amazon.com",NOERROR,,,,,,,,,,
[x],xml1.apps.bunq.com,"3.71.253.33, 3.66.187.137, 18.193.49.97","ns-824.awsdns-39.net, awsdns-hostmaster.amazon.com",NOERROR,,,,,,,,,,
[x],xx.bunq.com,"52.58.31.152, 18.196.26.209","ns-824.awsdns-39.net, awsdns-hostmaster.amazon.com",NOERROR,,,,,,,,,,
[x],y.bunq.com,"35.158.19.189, 3.66.200.240, 52.59.77.251","ns-824.awsdns-39.net, awsdns-hostmaster.amazon.com",NOERROR,,,,,,,,,,
[x],yy.bunq.com,,"ns-824.awsdns-39.net, awsdns-hostmaster.amazon.com",NOERROR,,,,,,,,,,
