input,title,status_code,content_length,tls_host,tls_port,tls_probe_status,tls_tls_version,tls_cipher,tls_not_before,tls_not_after,tls_subject_dn,tls_subject_cn,tls_subject_org_,tls_subject_an_,tls_issuer_dn,tls_issuer_cn,tls_issuer_org_,tls_fingerprint_hash_md,tls_fingerprint_hash_sha,tls_tls_connection,tls_sni,cdn_name,port,url,scheme,webserver,content_type,method,host,path,favicon,a_,tech_,lines,failed,cdn,csp_domains_,tls_expired,tls_wildcard_certificate
api.bkex.com,,403,99,api.bkex.com,443,True,tls13,TLS_AES_128_GCM_SHA256,2022-08-10T00:00:00Z,2023-08-09T23:59:59Z,"CN=sni.cloudflaressl.com, O=Cloudflare\, Inc., L=San Francisco, ST=California, C=US",sni.cloudflaressl.com,"Cloudflare, Inc.",sni.cloudflaressl.com,"CN=Cloudflare Inc ECC CA-3, O=Cloudflare\, Inc., C=US",Cloudflare Inc ECC CA-3,"Cloudflare, Inc.",4c7352b407337bc5a23bfbb46086ed86,408ff6105cc882b0aa54d1aa177e0a813db91b944d8832d597ec21d2a6131b02,ctls,api.bkex.com,cloudflare,443,https://api.bkex.com:443,https,cloudflare,application/json,GET,104.18.7.109,/,-1325719481,2606:4700::6812:66d,Cloudflare Bot Management,7,False,True,,,
broker.bkex.com,合伙人客户端,200,1305,broker.bkex.com,443,True,tls13,TLS_AES_128_GCM_SHA256,2022-08-10T00:00:00Z,2023-08-09T23:59:59Z,"CN=sni.cloudflaressl.com, O=Cloudflare\, Inc., L=San Francisco, ST=California, C=US",sni.cloudflaressl.com,"Cloudflare, Inc.",sni.cloudflaressl.com,"CN=Cloudflare Inc ECC CA-3, O=Cloudflare\, Inc., C=US",Cloudflare Inc ECC CA-3,"Cloudflare, Inc.",4f60361dc32cb8b912f16b689d4cdffd,d8b2716884d37c8cebeab53b0e3a682573d281a7496f0d606269a7501fc3663c,ctls,broker.bkex.com,cloudflare,443,https://broker.bkex.com:443,https,cloudflare,text/html,GET,104.18.6.109,/,1416624377,2606:4700::6812:76d,HSTS,1,False,True,https://www.growingio.com,,
c2c.bkex.com,BKEX-C2C,200,11797,c2c.bkex.com,443,True,tls13,TLS_AES_128_GCM_SHA256,2022-08-10T00:00:00Z,2023-08-09T23:59:59Z,"CN=sni.cloudflaressl.com, O=Cloudflare\, Inc., L=San Francisco, ST=California, C=US",sni.cloudflaressl.com,"Cloudflare, Inc.",sni.cloudflaressl.com,"CN=Cloudflare Inc ECC CA-3, O=Cloudflare\, Inc., C=US",Cloudflare Inc ECC CA-3,"Cloudflare, Inc.",caf3ca8d752aa81ff651ca413901f46f,1ad1cf6e8a06e1d2317220d9d8122c88f1dc67d40c7cc6d645278dc6060e29e2,ctls,c2c.bkex.com,cloudflare,443,https://c2c.bkex.com:443,https,cloudflare,text/html,GET,104.18.6.109,/,-43692837,2606:4700::6812:76d,HSTS,9,False,True,https://www.growingio.com,,
download.bkk.fun,,403,262,download.bkk.fun,443,True,tls12,TLS_ECDHE_RSA_WITH_AES_128_GCM_SHA256,2021-04-07T00:00:00Z,2022-04-07T23:59:59Z,CN=download.bkk.fun,download.bkk.fun,,download.bkk.fun,"CN=Encryption Everywhere DV TLS CA - G1, OU=www.digicert.com, O=DigiCert Inc, C=US",Encryption Everywhere DV TLS CA - G1,DigiCert Inc,21a03db3595c49ce268106bba5101947,f78807c32117cf1fb285a75e7dd91e4bc3355c5cd9323f9fa84dd2c04c0c2ffb,ctls,download.bkk.fun,,443,https://download.bkk.fun:443,https,AliyunOSS,application/xml,GET,47.56.33.36,/,94995544,47.56.33.36,,9,False,,,True,
fapi.bkex.com,,403,,fapi.bkex.com,443,True,tls13,TLS_AES_128_GCM_SHA256,2022-08-30T00:00:00Z,2023-08-29T23:59:59Z,"CN=sni.cloudflaressl.com, O=Cloudflare\, Inc., L=San Francisco, ST=California, C=US",sni.cloudflaressl.com,"Cloudflare, Inc.",fapi.bkex.com,"CN=Cloudflare Inc ECC CA-3, O=Cloudflare\, Inc., C=US",Cloudflare Inc ECC CA-3,"Cloudflare, Inc.",fdb79e7c0007471fe9fb4d2ca83f3de5,7d5904e357ff97c6309eb28d725595c99de1917d740d8b476506c439bcb43c12,ctls,fapi.bkex.com,cloudflare,443,https://fapi.bkex.com:443,https,cloudflare,text/plain,GET,104.18.6.109,/,-1840324437,2606:4700::6812:76d,Cloudflare Bot Management,1,False,True,,,
follow.bkex.com,BKEX,200,13451,follow.bkex.com,443,True,tls13,TLS_AES_128_GCM_SHA256,2022-11-10T00:00:00Z,2023-11-10T23:59:59Z,"CN=sni.cloudflaressl.com, O=Cloudflare\, Inc., L=San Francisco, ST=California, C=US",sni.cloudflaressl.com,"Cloudflare, Inc.",sni.cloudflaressl.com,"CN=Cloudflare Inc ECC CA-3, O=Cloudflare\, Inc., C=US",Cloudflare Inc ECC CA-3,"Cloudflare, Inc.",2aa2cad7361806d0ced8a1503c8600bb,1b688782b1f7a075c3b1fd0fda9ecb972f10da166644799efc6df4f3270a8083,ctls,follow.bkex.com,cloudflare,443,https://follow.bkex.com:443,https,cloudflare,text/html,GET,104.18.6.109,/,-43692837,2606:4700::6812:66d,HSTS,1,False,True,https://www.growingio.com,,
h5.bkex.com,,200,12553,h5.bkex.com,443,True,tls13,TLS_AES_128_GCM_SHA256,2022-08-09T00:00:00Z,2023-08-08T23:59:59Z,"CN=sni.cloudflaressl.com, O=Cloudflare\, Inc., L=San Francisco, ST=California, C=US",sni.cloudflaressl.com,"Cloudflare, Inc.",h5.bkex.com,"CN=Cloudflare Inc ECC CA-3, O=Cloudflare\, Inc., C=US",Cloudflare Inc ECC CA-3,"Cloudflare, Inc.",6bfd09030ad6ab6e242c32da3439a458,573f41130130282ba3db272be81af7d3b1527fbb9c2e84b1e3c34382c5f0007c,ctls,h5.bkex.com,cloudflare,443,https://h5.bkex.com:443,https,cloudflare,text/html,GET,104.18.6.109,/,-2144766620,2606:4700::6812:76d,Node.js,40,False,True,https://www.growingio.com,,
https://www.growingio.com,GrowingIO官网|全域全场景智能易用的分析云,200,92231,www.growingio.com,443,True,tls13,TLS_AES_128_GCM_SHA256,2022-08-29T00:00:00Z,2023-09-23T23:59:59Z,CN=*.growingio.com,*.growingio.com,,growingio.com,"CN=Sectigo RSA Domain Validation Secure Server CA, O=Sectigo Limited, L=Salford, ST=Greater Manchester, C=GB",Sectigo RSA Domain Validation Secure Server CA,Sectigo Limited,418832b9f067713021ab2eb29ac3b813,c436d5e7602c188bb3e1a082ca2296f398111801a68d2fd17998849510d6f217,ctls,www.growingio.com,,443,https://www.growingio.com:443,https,openresty,text/html,GET,117.50.21.51,/,1964450640,117.50.14.167,PHP,1648,False,,,,True
otc.bkex.com,BKEX-C2C,200,11797,otc.bkex.com,443,True,tls13,TLS_AES_128_GCM_SHA256,2022-08-10T00:00:00Z,2023-08-09T23:59:59Z,"CN=sni.cloudflaressl.com, O=Cloudflare\, Inc., L=San Francisco, ST=California, C=US",sni.cloudflaressl.com,"Cloudflare, Inc.",sni.cloudflaressl.com,"CN=Cloudflare Inc ECC CA-3, O=Cloudflare\, Inc., C=US",Cloudflare Inc ECC CA-3,"Cloudflare, Inc.",c092283d6085a549e9cb62003d7e44e4,700cf6391a3f17fed57f572dcdc860de62f9d71034da3c234bd5b7f094683295,ctls,otc.bkex.com,cloudflare,443,https://otc.bkex.com:443,https,cloudflare,text/html,GET,104.18.7.109,/,-43692837,2606:4700::6812:76d,HSTS,9,False,True,https://www.growingio.com,,
swap.bkex.com,BKEX,200,14615,swap.bkex.com,443,True,tls13,TLS_AES_128_GCM_SHA256,2022-08-10T00:00:00Z,2023-08-09T23:59:59Z,"CN=sni.cloudflaressl.com, O=Cloudflare\, Inc., L=San Francisco, ST=California, C=US",sni.cloudflaressl.com,"Cloudflare, Inc.",sni.cloudflaressl.com,"CN=Cloudflare Inc ECC CA-3, O=Cloudflare\, Inc., C=US",Cloudflare Inc ECC CA-3,"Cloudflare, Inc.",8cb1c2fff89d9e47d486770aa1628c9a,f3789ce3856e43009a28ab2451a98223d8200aee8d55268dbfcac7ff2e78f4c4,ctls,swap.bkex.com,cloudflare,443,https://swap.bkex.com:443,https,cloudflare,text/html,GET,104.18.6.109,/,-43692837,2606:4700::6812:66d,HSTS,1,False,True,https://www.growingio.com,,
www.bkex.com,title,200,5464,www.bkex.com,443,True,tls13,TLS_AES_128_GCM_SHA256,2022-08-08T00:00:00Z,2023-08-07T23:59:59Z,"CN=sni.cloudflaressl.com, O=Cloudflare\, Inc., L=San Francisco, ST=California, C=US",sni.cloudflaressl.com,"Cloudflare, Inc.",www.bkex.com,"CN=Cloudflare Inc ECC CA-3, O=Cloudflare\, Inc., C=US",Cloudflare Inc ECC CA-3,"Cloudflare, Inc.",b519fdca4d7c8c911335178b85a6717c,b5a8ad0b22e865e3d81a4298491b6c5bd69e5df8ea97ba6536f6d9302351943b,ctls,www.bkex.com,cloudflare,443,https://www.bkex.com:443,https,cloudflare,text/html,GET,104.18.7.109,/,-43692837,2606:4700::6812:66d,Google Tag Manager,106,False,True,https://www.growingio.com,,
