new,host,a,soa,status_code,ns,txt,cdn,cdn-name,cname,mx,aaaa,caa
[x],1.staging-airtableblocks.com,"34.192.12.35, 54.173.163.126, 52.54.41.182, 184.73.80.41","ns-1239.awsdns-26.org, awsdns-hostmaster.amazon.com",NOERROR,,,,,,,,
[x],109143-20-6.staging-airtableblocks.com,"184.73.80.41, 54.173.163.126, 34.192.12.35, 52.54.41.182","ns-1239.awsdns-26.org, awsdns-hostmaster.amazon.com",NOERROR,,,,,,,,
[x],111enterprise-bundlesks-vendingtransactions-mq2-okta.data.staging-airtableblocks.com,"184.73.80.41, 54.173.163.126, 52.54.41.182, 34.192.12.35","ns-1239.awsdns-26.org, awsdns-hostmaster.amazon.com",NOERROR,,,,,,,,
[x],1debit.4ba16751-dreambt-bcc738dc-this-exist.panel.okta.staging-airtableblocks.com,"184.73.80.41, 34.192.12.35, 52.54.41.182, 54.173.163.126","ns-1239.awsdns-26.org, awsdns-hostmaster.amazon.com",NOERROR,,,,,,,,
[x],1debit.4ba16751-testnoblogsdomain-bcc738dc-this-blogs.panel.okta.staging-airtableblocks.com,"34.192.12.35, 54.173.163.126, 52.54.41.182, 184.73.80.41","ns-1239.awsdns-26.org, awsdns-hostmaster.amazon.com",NOERROR,,,,,,,,
[x],1debit.4ba16751-testnoexistdomain-bcc738dc-this-exist-us-east-1.panel.okta.staging-airtableblocks.com,"52.54.41.182, 184.73.80.41, 34.192.12.35, 54.173.163.126","ns-1239.awsdns-26.org, awsdns-hostmaster.amazon.com",NOERROR,,,,,,,,
[x],1debit.4ba16751-testnoexistdomain-bcc738dc-this-exist.beta-panel.okta.staging-airtableblocks.com,"184.73.80.41, 54.173.163.126, 34.192.12.35, 52.54.41.182","ns-1239.awsdns-26.org, awsdns-hostmaster.amazon.com",NOERROR,,,,,,,,
[x],1debit.4ba16751-testnoexistdomain-bcc738dc-this-exist.metrics.panel.okta.staging-airtableblocks.com,"54.173.163.126, 184.73.80.41, 34.192.12.35, 52.54.41.182","ns-1239.awsdns-26.org, awsdns-hostmaster.amazon.com",NOERROR,,,,,,,,
[x],1debit.4ba16751-testnoexistdomain-bcc738dc-this-exist.ns2-panel.okta.staging-airtableblocks.com,"184.73.80.41, 54.173.163.126, 34.192.12.35, 52.54.41.182","ns-1239.awsdns-26.org, awsdns-hostmaster.amazon.com",NOERROR,,,,,,,,
[x],1debit.4ba16751-testnoexistdomain-bcc738dc-this-exist.panel-miggaiowski.okta.staging-airtableblocks.com,"34.192.12.35, 52.54.41.182, 54.173.163.126, 184.73.80.41","ns-1239.awsdns-26.org, awsdns-hostmaster.amazon.com",NOERROR,,,,,,,,
[x],1debit.4ba16751-testnoexistdomain-bcc738dc-this-exist.panel-my.okta.staging-airtableblocks.com,"54.173.163.126, 184.73.80.41, 34.192.12.35, 52.54.41.182","ns-1239.awsdns-26.org, awsdns-hostmaster.amazon.com",NOERROR,,,,,,,,
[x],1debit.4ba16751-testnoexistdomain-bcc738dc-this-exist.panel-product.okta.staging-airtableblocks.com,"52.54.41.182, 34.192.12.35, 184.73.80.41, 54.173.163.126","ns-1239.awsdns-26.org, awsdns-hostmaster.amazon.com",NOERROR,,,,,,,,
[x],1debit.4ba16751-testnoexistdomain-bcc738dc-this-exist.panel.docker-okta.staging-airtableblocks.com,"54.173.163.126, 52.54.41.182, 184.73.80.41, 34.192.12.35","ns-1239.awsdns-26.org, awsdns-hostmaster.amazon.com",NOERROR,,,,,,,,
[x],1debit.4ba16751-testnoexistdomain-bcc738dc-this-exist.panel.okta-ks-vendingtransactions-mq1.staging-airtableblocks.com,"54.173.163.126, 52.54.41.182, 34.192.12.35, 184.73.80.41","ns-1239.awsdns-26.org, awsdns-hostmaster.amazon.com",NOERROR,,,,,,,,
[x],1debit.4ba16751-testnoexistdomain-bcc738dc-this-exist.panel.okta-portal.staging-airtableblocks.com,,"ns-1239.awsdns-26.org, awsdns-hostmaster.amazon.com",NOERROR,,,,,,,,
[x],1debit.4ba16751-testnoexistdomain-bcc738dc-this-exist.panel.okta.dustinmschroeder.staging-airtableblocks.com,"52.54.41.182, 54.173.163.126, 184.73.80.41, 34.192.12.35","ns-1239.awsdns-26.org, awsdns-hostmaster.amazon.com",NOERROR,,,,,,,,
[x],1debit.4ba16751-testnoexistdomain-bcc738dc-this-exist.panel.okta.staging-airtableblocks.com,,"ns-1239.awsdns-26.org, awsdns-hostmaster.amazon.com",NOERROR,,,,,,,,
[x],1debit.4ba16751-testnoexistdomain-bcc738dc-this-exist.panel.okta.tiaabankvoices.staging-airtableblocks.com,"54.173.163.126, 34.192.12.35, 52.54.41.182, 184.73.80.41","ns-1239.awsdns-26.org, awsdns-hostmaster.amazon.com",NOERROR,,,,,,,,
[x],1debit.4ba16751-testnoexistdomain-bcc738dc-this-exist.paneltribunale.okta.staging-airtableblocks.com,"54.173.163.126, 184.73.80.41, 52.54.41.182, 34.192.12.35","ns-1239.awsdns-26.org, awsdns-hostmaster.amazon.com",NOERROR,,,,,,,,
[x],1debit.4ba16751-testnoexistdomain-bcc738dc-this-exist.plotexo.okta.staging-airtableblocks.com,"34.192.12.35, 52.54.41.182, 184.73.80.41, 54.173.163.126","ns-1239.awsdns-26.org, awsdns-hostmaster.amazon.com",NOERROR,,,,,,,,
[x],1debit.4ba16751-testnoexistdomain-bcc738dc-this-exist.popcorn-mobile-panel.okta.staging-airtableblocks.com,"184.73.80.41, 52.54.41.182, 54.173.163.126, 34.192.12.35","ns-1239.awsdns-26.org, awsdns-hostmaster.amazon.com",NOERROR,"ns-1239.awsdns-26.org, ns-1686.awsdns-18.co.uk, ns-465.awsdns-58.com, ns-569.awsdns-07.net",,,,,,,
[x],1debit.4ba16751-testnoexistdomain-bcc738dc-this-exist.signin.okta.staging-airtableblocks.com,"184.73.80.41, 54.173.163.126, 52.54.41.182, 34.192.12.35","ns-1239.awsdns-26.org, awsdns-hostmaster.amazon.com",NOERROR,"ns-1239.awsdns-26.org, ns-1686.awsdns-18.co.uk, ns-465.awsdns-58.com, ns-569.awsdns-07.net",,,,,,,
[x],1debit.4ba16751-testnoexistdomain-bcc738dc-this-exist.spool.okta.staging-airtableblocks.com,"54.173.163.126, 184.73.80.41, 52.54.41.182, 34.192.12.35","ns-1239.awsdns-26.org, awsdns-hostmaster.amazon.com",NOERROR,,,,,,,,
[x],1debit.4ba16751-testnoexistdomain-ks-cdn-mq2-okta-this-exist.panel.okta.staging-airtableblocks.com,"52.54.41.182, 184.73.80.41, 34.192.12.35, 54.173.163.126","ns-1239.awsdns-26.org, awsdns-hostmaster.amazon.com",NOERROR,,,,,,,,
[x],1debit.betaling-testnoexistdomain-bcc738dc-this-exist.panel.okta.staging-airtableblocks.com,"34.192.12.35, 52.54.41.182, 184.73.80.41, 54.173.163.126","ns-1239.awsdns-26.org, awsdns-hostmaster.amazon.com",NOERROR,"ns-1239.awsdns-26.org, ns-1686.awsdns-18.co.uk, ns-465.awsdns-58.com, ns-569.awsdns-07.net",,,,,,,
[x],1debit.dc-testnoexistdomain-bcc738dc-this-exist.panel.okta.staging-airtableblocks.com,"34.192.12.35, 184.73.80.41, 54.173.163.126, 52.54.41.182","ns-1239.awsdns-26.org, awsdns-hostmaster.amazon.com",NOERROR,"ns-1239.awsdns-26.org, ns-1686.awsdns-18.co.uk, ns-465.awsdns-58.com, ns-569.awsdns-07.net",,,,,,,
[x],1debit.kardamena.4ba16751-testnoexistdomain-bcc738dc-this-exist.panel.okta.staging-airtableblocks.com,"52.54.41.182, 184.73.80.41, 54.173.163.126, 34.192.12.35","ns-1239.awsdns-26.org, awsdns-hostmaster.amazon.com",NOERROR,,,,,,,,
[x],1debit.preview4ba16751-testnoexistdomain-bcc738dc-this-exist.panel.okta.staging-airtableblocks.com,"184.73.80.41, 52.54.41.182, 54.173.163.126, 34.192.12.35","ns-1239.awsdns-26.org, awsdns-hostmaster.amazon.com",NOERROR,,,,,,,,
[x],1debit.proxy.panel.okta.staging-airtableblocks.com,"54.173.163.126, 34.192.12.35, 184.73.80.41, 52.54.41.182","ns-1239.awsdns-26.org, awsdns-hostmaster.amazon.com",NOERROR,,,,,,,,
[x],1debit.www5b-4ba16751-testnoexistdomain-bcc738dc-this-exist.panel.okta.staging-airtableblocks.com,"34.192.12.35, 54.173.163.126, 184.73.80.41, 52.54.41.182","ns-1239.awsdns-26.org, awsdns-hostmaster.amazon.com",NOERROR,,,,,,,,
[x],1debitautodiscover.4ba16751-testnoexistdomain-bcc738dc-this-exist.panel.okta.staging-airtableblocks.com,"52.54.41.182, 54.173.163.126, 34.192.12.35, 184.73.80.41","ns-1239.awsdns-26.org, awsdns-hostmaster.amazon.com",NOERROR,,,,,,,,
[x],1wwwcidersofnewyorkbuffaloks-vendingtransactions-mq2-okta.staging-airtableblocks.com,"52.54.41.182, 54.173.163.126, 184.73.80.41, 34.192.12.35","ns-1239.awsdns-26.org, awsdns-hostmaster.amazon.com",NOERROR,,,,,,,,
[x],2.staging-airtableblocks.com,"184.73.80.41, 52.54.41.182, 34.192.12.35, 54.173.163.126","ns-1239.awsdns-26.org, awsdns-hostmaster.amazon.com",NOERROR,,,,,,,,
[x],2016-12-scala-exchange.staging-airtableblocks.com,"52.54.41.182, 34.192.12.35, 184.73.80.41, 54.173.163.126","ns-1239.awsdns-26.org, awsdns-hostmaster.amazon.com",NOERROR,,,,,,,,
[x],202-happy-number.staging-airtableblocks.com,"34.192.12.35, 52.54.41.182, 54.173.163.126, 184.73.80.41","ns-1239.awsdns-26.org, awsdns-hostmaster.amazon.com",NOERROR,,,,,,,,
[x],388046658365et.paper.staging-airtableblocks.com,"184.73.80.41, 52.54.41.182, 54.173.163.126, 34.192.12.35","ns-1239.awsdns-26.org, awsdns-hostmaster.amazon.com",NOERROR,,,,,,,,
[x],81598798.staging-airtableblocks.com,"52.54.41.182, 34.192.12.35, 54.173.163.126, 184.73.80.41","ns-1239.awsdns-26.org, awsdns-hostmaster.amazon.com",NOERROR,,,,,,,,
[x],a.auth-ns.staging-airtableblocks.com,"54.173.163.126, 184.73.80.41, 34.192.12.35, 52.54.41.182","ns-1239.awsdns-26.org, awsdns-hostmaster.amazon.com",NOERROR,,,,,,,,
[x],a.staging-airtableblocks.com,"54.173.163.126, 52.54.41.182, 34.192.12.35, 184.73.80.41","ns-1239.awsdns-26.org, awsdns-hostmaster.amazon.com",NOERROR,,,,,,,,
[x],ac.staging-airtableblocks.com,"34.192.12.35, 52.54.41.182, 54.173.163.126, 184.73.80.41","ns-1239.awsdns-26.org, awsdns-hostmaster.amazon.com",NOERROR,,,,,,,,
[x],acapi.staging-airtableblocks.com,"34.192.12.35, 52.54.41.182, 54.173.163.126, 184.73.80.41","ns-1239.awsdns-26.org, awsdns-hostmaster.amazon.com",NOERROR,,,,,,,,
[x],accounting.staging-airtableblocks.com,"184.73.80.41, 34.192.12.35, 52.54.41.182, 54.173.163.126","ns-1239.awsdns-26.org, awsdns-hostmaster.amazon.com",NOERROR,,,,,,,,
[x],affiliates.staging-airtableblocks.com,"52.54.41.182, 184.73.80.41, 54.173.163.126, 34.192.12.35","ns-1239.awsdns-26.org, awsdns-hostmaster.amazon.com",NOERROR,,,,,,,,
[x],airtable.com,"3.95.104.131, 3.219.6.31, 54.91.185.70, 107.22.117.134","ns-1899.awsdns-45.co.uk, awsdns-hostmaster.amazon.com",NOERROR,,"beam-verification=Z9ucVlrllzaQ5SpJiJltJUsYSnHkBBIBjKadv4gsv5gddutH, stripe-verification=528727982b9408fcfaf4799d022aed98e6fe59f7bd19fb80c19eddf770808454, apple-domain-verification=p7c2orfu38a1od5v, google-site-verification=jCY0WH76zs_XUIsPN-CpVMrGxoER14S-qmba5HB-NOw, atlassian-domain-verification=SEoCkU1vByxZ6STi0tknyHIzfSDxB1F6wGGf/phI3fHsyIuu4doRXS/fXd0oadkC, google-site-verification=AqsnhsVuEKjGgLyc8RXu6W3IPYDj-805B5Ofrt4ubp8, MS=ms57543645, google-site-verification=euX05KyKBY2XRY3sMd51MBgkLgWSDt-D6HxEPbJZE4E, docker-verification=d352c009-156f-4f43-a6c9-19c62d5f7f39, drift-domain-verification=25a66e35596d2f8afdc380e147dc2c84a92afd4020ca912c4eece0fe0ba31b07, docusign=48aed6b7-99ce-449e-b576-0e32ac39a3ca, facebook-domain-verification=gfg0qo2au8cywd132m0itehi8rqhfq, onetrust-domain-verification=08cafae7e510435994fd87812abaa805, v=spf1 ip4:159.135.229.248 ip4:159.135.231.62 ip4:69.72.44.244 include:mailgun.org include:_spf.google.com include:mail.zendesk.com include:_spf.salesforce.com include:servers.mcsv.net include:mktomail.com mx ~all, google-site-verification=O-kfeG0vtUgAjQYn-gDpWkYWb_Kl8f3z9OjKswYlDug, google-site-verification=DXt7gC5fDi-TwbqBj4qhJ0xZolvejBEbmsnmAWmid90, google-site-verification=7OYI2dFV51swegn-yfn7A9M6JKMyCLwnwVcoHriMkgw, zapier-domain-verification-challenge=8ee12b84-1c1e-467a-bbbf-a8f5f30f442e",,,,"alt4.aspmx.l.google.com, alt2.aspmx.l.google.com, alt3.aspmx.l.google.com, aspmx.l.google.com, alt1.aspmx.l.google.com",,
[x],ak.staging-airtableblocks.com,"34.192.12.35, 184.73.80.41, 52.54.41.182, 54.173.163.126","ns-1239.awsdns-26.org, awsdns-hostmaster.amazon.com",NOERROR,,,,,,,,
[x],akamai-test-origin.staging-airtableblocks.com,,"ns-1239.awsdns-26.org, awsdns-hostmaster.amazon.com",NOERROR,,,,,,,,
[x],akamai-test.staging-airtableblocks.com,"34.192.12.35, 184.73.80.41, 54.173.163.126, 52.54.41.182","ns-1239.awsdns-26.org, awsdns-hostmaster.amazon.com",NOERROR,,,,,,,,
[x],akamai.staging-airtableblocks.com,"184.73.80.41, 34.192.12.35, 54.173.163.126, 52.54.41.182","ns-1239.awsdns-26.org, awsdns-hostmaster.amazon.com",NOERROR,,,,,,,,
[x],alt.staging-airtableblocks.com,"52.1.221.67, 54.166.40.131, 23.23.75.34, 35.171.113.52, 54.152.99.5, 52.4.163.186","ns-676.awsdns-20.net, awsdns-hostmaster.amazon.com",NOERROR,"ns-1209.awsdns-23.org, ns-1709.awsdns-21.co.uk, ns-379.awsdns-47.com, ns-676.awsdns-20.net","heritage=external-dns,external-dns/owner=ext-dns-staging-liveServing-003,external-dns/resource=ingress/default/block-router-service",,,,,,
[x],americas.staging-airtableblocks.com,"54.173.163.126, 34.192.12.35, 52.54.41.182, 184.73.80.41","ns-1239.awsdns-26.org, awsdns-hostmaster.amazon.com",NOERROR,"ns-1239.awsdns-26.org, ns-1686.awsdns-18.co.uk, ns-465.awsdns-58.com, ns-569.awsdns-07.net",,,,,,,
[x],announce.staging-airtableblocks.com,"34.192.12.35, 52.54.41.182, 184.73.80.41, 54.173.163.126","ns-1239.awsdns-26.org, awsdns-hostmaster.amazon.com",NOERROR,"ns-1239.awsdns-26.org, ns-1686.awsdns-18.co.uk, ns-465.awsdns-58.com, ns-569.awsdns-07.net",,,,,,,
[x],ao.staging-airtableblocks.com,"52.54.41.182, 54.173.163.126, 34.192.12.35, 184.73.80.41","ns-1239.awsdns-26.org, awsdns-hostmaster.amazon.com",NOERROR,,,,,,,,
[x],ap.staging-airtableblocks.com,"184.73.80.41, 52.54.41.182, 54.173.163.126, 34.192.12.35","ns-1239.awsdns-26.org, awsdns-hostmaster.amazon.com",NOERROR,,,,,,,,
[x],apache.staging-airtableblocks.com,"184.73.80.41, 34.192.12.35, 54.173.163.126, 52.54.41.182","ns-1239.awsdns-26.org, awsdns-hostmaster.amazon.com",NOERROR,"ns-1239.awsdns-26.org, ns-1686.awsdns-18.co.uk, ns-465.awsdns-58.com, ns-569.awsdns-07.net",,,,,,,
[x],api-deprecated-staging.airtable.com,,"ns-140.awsdns-17.com, awsdns-hostmaster.amazon.com",NOERROR,"ns-140.awsdns-17.com, ns-1469.awsdns-55.org, ns-1722.awsdns-23.co.uk, ns-668.awsdns-19.net",,,,,,,
[x],api-future-staging.airtable.com,,"ns-12.awsdns-01.com, awsdns-hostmaster.amazon.com",NOERROR,"ns-12.awsdns-01.com, ns-912.awsdns-50.net, ns-1061.awsdns-04.org, ns-1908.awsdns-46.co.uk",,,,,,,
[x],api-staging.airtable.com,"54.163.247.109, 34.204.159.194","ns-345.awsdns-43.com, awsdns-hostmaster.amazon.com",NOERROR,"ns-1209.awsdns-23.org, ns-1997.awsdns-57.co.uk, ns-345.awsdns-43.com, ns-520.awsdns-01.net",loaderio=17b477c5587abbcc0b8a9b7e637ce772,,,,,,
[x],api-tlsv1-staging.airtable.com,,"ns-1525.awsdns-62.org, awsdns-hostmaster.amazon.com",NOERROR,"ns-1940.awsdns-50.co.uk, ns-419.awsdns-52.com, ns-581.awsdns-08.net, ns-1525.awsdns-62.org",,,,,,,
[x],api.airtable.com,"52.71.19.169, 18.205.166.174, 54.227.66.176, 44.207.183.105, 44.205.137.174, 54.236.145.9","ns-1899.awsdns-45.co.uk, awsdns-hostmaster.amazon.com",NOERROR,,,,,,,,
[x],api.staging-airtableblocks.com,"54.173.163.126, 34.192.12.35, 52.54.41.182, 184.73.80.41","ns-1239.awsdns-26.org, awsdns-hostmaster.amazon.com",NOERROR,,,,,,,,
[x],api2.airtable.com,"52.206.63.30, 52.44.137.230, 107.22.19.87","ns-1899.awsdns-45.co.uk, awsdns-hostmaster.amazon.com",NOERROR,,,,,,,,
[x],apiextractor.staging-airtableblocks.com,"34.192.12.35, 54.173.163.126, 184.73.80.41, 52.54.41.182","ns-1239.awsdns-26.org, awsdns-hostmaster.amazon.com",NOERROR,,,,,,,,
[x],app.staging-airtableblocks.com,"34.192.12.35, 184.73.80.41, 52.54.41.182, 54.173.163.126","ns-1239.awsdns-26.org, awsdns-hostmaster.amazon.com",NOERROR,,,,,,,,
[x],apps.staging-airtableblocks.com,"54.173.163.126, 52.54.41.182, 34.192.12.35, 184.73.80.41","ns-1239.awsdns-26.org, awsdns-hostmaster.amazon.com",NOERROR,,,,,,,,
[x],asm2mmc.staging-airtableblocks.com,"54.173.163.126, 184.73.80.41, 34.192.12.35, 52.54.41.182","ns-1239.awsdns-26.org, awsdns-hostmaster.amazon.com",NOERROR,,,,,,,,
[x],assembly-tutorial.staging-airtableblocks.com,"34.192.12.35, 52.54.41.182, 54.173.163.126, 184.73.80.41","ns-1239.awsdns-26.org, awsdns-hostmaster.amazon.com",NOERROR,,,,,,,,
[x],assets.staging-airtableblocks.com,"54.173.163.126, 184.73.80.41, 34.192.12.35, 52.54.41.182","ns-1239.awsdns-26.org, awsdns-hostmaster.amazon.com",NOERROR,,,,,,,,
[x],assign15.staging-airtableblocks.com,"184.73.80.41, 52.54.41.182, 54.173.163.126, 34.192.12.35","ns-1239.awsdns-26.org, awsdns-hostmaster.amazon.com",NOERROR,,,,,,,,
[x],atlanta.staging-airtableblocks.com,"184.73.80.41, 52.54.41.182, 54.173.163.126, 34.192.12.35","ns-1239.awsdns-26.org, awsdns-hostmaster.amazon.com",NOERROR,,,,,,,,
[x],auth.staging-airtableblocks.com,"184.73.80.41, 52.54.41.182, 54.173.163.126, 34.192.12.35","ns-1239.awsdns-26.org, awsdns-hostmaster.amazon.com",NOERROR,,,,,,,,
[x],authentication-okta.staging-airtableblocks.com,"54.173.163.126, 52.54.41.182, 34.192.12.35, 184.73.80.41","ns-1239.awsdns-26.org, awsdns-hostmaster.amazon.com",NOERROR,,,,,,,,
[x],autoconfig.staging-airtableblocks.com,"52.54.41.182, 34.192.12.35, 184.73.80.41, 54.173.163.126","ns-1239.awsdns-26.org, awsdns-hostmaster.amazon.com",NOERROR,,,,,,,,
[x],autodiscover.staging-airtableblocks.com,"34.192.12.35, 54.173.163.126, 52.54.41.182, 184.73.80.41","ns-1239.awsdns-26.org, awsdns-hostmaster.amazon.com",NOERROR,,,,,,,,
[x],awsdashboard.staging-airtableblocks.com,"52.54.41.182, 34.192.12.35, 54.173.163.126, 184.73.80.41","ns-1239.awsdns-26.org, awsdns-hostmaster.amazon.com",NOERROR,,,,,,,,
[x],aypickerdataview.staging-airtableblocks.com,"34.192.12.35, 184.73.80.41, 54.173.163.126, 52.54.41.182","ns-1239.awsdns-26.org, awsdns-hostmaster.amazon.com",NOERROR,,,,,,,,
[x],b.staging-airtableblocks.com,"52.54.41.182, 34.192.12.35, 184.73.80.41, 54.173.163.126","ns-1239.awsdns-26.org, awsdns-hostmaster.amazon.com",NOERROR,,,,,,,,
[x],b01.staging-airtableblocks.com,"34.192.12.35, 54.173.163.126, 184.73.80.41, 52.54.41.182","ns-1239.awsdns-26.org, awsdns-hostmaster.amazon.com",NOERROR,"ns-1239.awsdns-26.org, ns-1686.awsdns-18.co.uk, ns-465.awsdns-58.com, ns-569.awsdns-07.net",,,,,,,
[x],ba.staging-airtableblocks.com,"184.73.80.41, 52.54.41.182, 34.192.12.35, 54.173.163.126","ns-1239.awsdns-26.org, awsdns-hostmaster.amazon.com",NOERROR,"ns-1239.awsdns-26.org, ns-1686.awsdns-18.co.uk, ns-465.awsdns-58.com, ns-569.awsdns-07.net",,,,,,,
[x],basic-nodejs-dev.staging-airtableblocks.com,"54.173.163.126, 184.73.80.41, 34.192.12.35, 52.54.41.182","ns-1239.awsdns-26.org, awsdns-hostmaster.amazon.com",NOERROR,,,,,,,,
[x],basic.staging-airtableblocks.com,"34.192.12.35, 54.173.163.126, 184.73.80.41, 52.54.41.182","ns-1239.awsdns-26.org, awsdns-hostmaster.amazon.com",NOERROR,"ns-1239.awsdns-26.org, ns-1686.awsdns-18.co.uk, ns-465.awsdns-58.com, ns-569.awsdns-07.net",,,,,,,
[x],bbs.staging-airtableblocks.com,"54.173.163.126, 184.73.80.41, 52.54.41.182, 34.192.12.35","ns-1239.awsdns-26.org, awsdns-hostmaster.amazon.com",NOERROR,"ns-1239.awsdns-26.org, ns-1686.awsdns-18.co.uk, ns-465.awsdns-58.com, ns-569.awsdns-07.net",,,,,,,
[x],beta.staging-airtableblocks.com,"34.192.12.35, 184.73.80.41, 54.173.163.126, 52.54.41.182","ns-1239.awsdns-26.org, awsdns-hostmaster.amazon.com",NOERROR,,,,,,,,
[x],betalingks-client-mq2-okta.staging-airtableblocks.com,"54.173.163.126, 34.192.12.35, 52.54.41.182, 184.73.80.41","ns-1239.awsdns-26.org, awsdns-hostmaster.amazon.com",NOERROR,,,,,,,,
[x],beyondvirus.staging-airtableblocks.com,"184.73.80.41, 54.173.163.126, 34.192.12.35, 52.54.41.182","ns-1239.awsdns-26.org, awsdns-hostmaster.amazon.com",NOERROR,,,,,,,,
[x],blog.airtable.com,"108.138.17.118, 108.138.17.34, 108.138.17.110, 108.138.17.24","ns-1899.awsdns-45.co.uk, awsdns-hostmaster.amazon.com",NOERROR,,,True,cloudfront,,,,
[x],blog.staging-airtableblocks.com,"54.173.163.126, 52.54.41.182, 34.192.12.35, 184.73.80.41","ns-1239.awsdns-26.org, awsdns-hostmaster.amazon.com",NOERROR,,,,,,,,
[x],blogs.staging-airtableblocks.com,"184.73.80.41, 54.173.163.126, 34.192.12.35, 52.54.41.182","ns-1239.awsdns-26.org, awsdns-hostmaster.amazon.com",NOERROR,,,,,,,,
[x],bonappetit-server-menu-management.staging-airtableblocks.com,"52.54.41.182, 54.173.163.126, 184.73.80.41, 34.192.12.35","ns-1239.awsdns-26.org, awsdns-hostmaster.amazon.com",NOERROR,,,,,,,,
[x],bookmarks.staging-airtableblocks.com,"184.73.80.41, 34.192.12.35, 54.173.163.126, 52.54.41.182","ns-1239.awsdns-26.org, awsdns-hostmaster.amazon.com",NOERROR,,,,,,,,
[x],builder.staging-airtableblocks.com,"34.192.12.35, 52.54.41.182, 184.73.80.41, 54.173.163.126","ns-1239.awsdns-26.org, awsdns-hostmaster.amazon.com",NOERROR,,,,,,,,
[x],byzance.staging-airtableblocks.com,"34.192.12.35, 52.54.41.182, 54.173.163.126, 184.73.80.41","ns-1239.awsdns-26.org, awsdns-hostmaster.amazon.com",NOERROR,,,,,,,,
[x],c.staging-airtableblocks.com,"54.173.163.126, 34.192.12.35, 52.54.41.182, 184.73.80.41","ns-1239.awsdns-26.org, awsdns-hostmaster.amazon.com",NOERROR,,,,,,,,
[x],c81000306.staging-airtableblocks.com,"184.73.80.41, 52.54.41.182, 34.192.12.35, 54.173.163.126","ns-1239.awsdns-26.org, awsdns-hostmaster.amazon.com",NOERROR,,,,,,,,
[x],cae-analytics-prod-rcdn.ci.staging-airtableblocks.com,"54.173.163.126, 184.73.80.41, 34.192.12.35, 52.54.41.182","ns-1239.awsdns-26.org, awsdns-hostmaster.amazon.com",NOERROR,"ns-1239.awsdns-26.org, ns-1686.awsdns-18.co.uk, ns-465.awsdns-58.com, ns-569.awsdns-07.net",,,,,,,
[x],camfort.staging-airtableblocks.com,"52.54.41.182, 34.192.12.35, 184.73.80.41, 54.173.163.126","ns-1239.awsdns-26.org, awsdns-hostmaster.amazon.com",NOERROR,,,,,,,,
[x],careers.staging-airtableblocks.com,"54.173.163.126, 52.54.41.182, 34.192.12.35, 184.73.80.41","ns-1239.awsdns-26.org, awsdns-hostmaster.amazon.com",NOERROR,,,,,,,,
[x],catholiccharitiesbocce.staging-airtableblocks.com,"184.73.80.41, 34.192.12.35, 54.173.163.126, 52.54.41.182","ns-1239.awsdns-26.org, awsdns-hostmaster.amazon.com",NOERROR,"ns-1239.awsdns-26.org, ns-1686.awsdns-18.co.uk, ns-465.awsdns-58.com, ns-569.awsdns-07.net",,,,,,,
[x],cdq-api.staging-airtableblocks.com,"34.192.12.35, 184.73.80.41, 54.173.163.126, 52.54.41.182","ns-1239.awsdns-26.org, awsdns-hostmaster.amazon.com",NOERROR,,,,,,,,
[x],cert.staging-airtableblocks.com,"54.173.163.126, 34.192.12.35, 184.73.80.41, 52.54.41.182","ns-1239.awsdns-26.org, awsdns-hostmaster.amazon.com",NOERROR,,,,,,,,
[x],certificate.staging-airtableblocks.com,"184.73.80.41, 54.173.163.126, 34.192.12.35, 52.54.41.182","ns-1239.awsdns-26.org, awsdns-hostmaster.amazon.com",NOERROR,,,,,,,,
[x],check.staging-airtableblocks.com,"52.54.41.182, 54.173.163.126, 184.73.80.41, 34.192.12.35","ns-1239.awsdns-26.org, awsdns-hostmaster.amazon.com",NOERROR,,,,,,,,
[x],cidersofnewyorkbuffaloks-vendingtransactions-mq2-okta.staging-airtableblocks.com,"52.54.41.182, 54.173.163.126, 184.73.80.41, 34.192.12.35","ns-1239.awsdns-26.org, awsdns-hostmaster.amazon.com",NOERROR,,,,,,,,
[x],cim-api-dev.staging-airtableblocks.com,"54.173.163.126, 34.192.12.35, 184.73.80.41, 52.54.41.182","ns-1239.awsdns-26.org, awsdns-hostmaster.amazon.com",NOERROR,,,,,,,,
[x],cim-api-qa.staging-airtableblocks.com,"34.192.12.35, 54.173.163.126, 184.73.80.41, 52.54.41.182","ns-1239.awsdns-26.org, awsdns-hostmaster.amazon.com",NOERROR,,,,,,,,
[x],cim-api-uat.staging-airtableblocks.com,"54.173.163.126, 184.73.80.41, 52.54.41.182, 34.192.12.35","ns-1239.awsdns-26.org, awsdns-hostmaster.amazon.com",NOERROR,,,,,,,,
[x],cim-api.staging-airtableblocks.com,"184.73.80.41, 54.173.163.126, 34.192.12.35, 52.54.41.182","ns-1239.awsdns-26.org, awsdns-hostmaster.amazon.com",NOERROR,,,,,,,,
[x],cim-data-quality-qa.staging-airtableblocks.com,"34.192.12.35, 184.73.80.41, 54.173.163.126, 52.54.41.182","ns-1239.awsdns-26.org, awsdns-hostmaster.amazon.com",NOERROR,,,,,,,,
[x],cim-dev.staging-airtableblocks.com,"34.192.12.35, 184.73.80.41, 54.173.163.126, 52.54.41.182","ns-1239.awsdns-26.org, awsdns-hostmaster.amazon.com",NOERROR,,,,,,,,
[x],cim-geo-dev.staging-airtableblocks.com,"54.173.163.126, 184.73.80.41, 34.192.12.35, 52.54.41.182","ns-1239.awsdns-26.org, awsdns-hostmaster.amazon.com",NOERROR,,,,,,,,
[x],citrix.staging-airtableblocks.com,"54.173.163.126, 184.73.80.41, 34.192.12.35, 52.54.41.182","ns-1239.awsdns-26.org, awsdns-hostmaster.amazon.com",NOERROR,,,,,,,,
[x],clever.staging-airtableblocks.com,"52.54.41.182, 184.73.80.41, 34.192.12.35, 54.173.163.126","ns-1239.awsdns-26.org, awsdns-hostmaster.amazon.com",NOERROR,,,,,,,,
[x],click.staging-airtableblocks.com,"54.173.163.126, 52.54.41.182, 184.73.80.41, 34.192.12.35","ns-1239.awsdns-26.org, awsdns-hostmaster.amazon.com",NOERROR,,,,,,,,
[x],cloud.staging-airtableblocks.com,"184.73.80.41, 54.173.163.126, 34.192.12.35, 52.54.41.182","ns-1239.awsdns-26.org, awsdns-hostmaster.amazon.com",NOERROR,,,,,,,,
[x],cltl.staging-airtableblocks.com,"52.54.41.182, 54.173.163.126, 184.73.80.41, 34.192.12.35","ns-1239.awsdns-26.org, awsdns-hostmaster.amazon.com",NOERROR,,,,,,,,
[x],cname.staging-airtableblocks.com,"34.192.12.35, 54.173.163.126, 184.73.80.41, 52.54.41.182","ns-1239.awsdns-26.org, awsdns-hostmaster.amazon.com",NOERROR,,,,,,,,
[x],code.staging-airtableblocks.com,"34.192.12.35, 52.54.41.182, 54.173.163.126, 184.73.80.41","ns-1239.awsdns-26.org, awsdns-hostmaster.amazon.com",NOERROR,,,,,,,,
[x],codegeneratorhelpers.staging-airtableblocks.com,"184.73.80.41, 54.173.163.126, 34.192.12.35, 52.54.41.182","ns-1239.awsdns-26.org, awsdns-hostmaster.amazon.com",NOERROR,,,,,,,,
[x],coinbasebot.staging-airtableblocks.com,"184.73.80.41, 54.173.163.126, 34.192.12.35, 52.54.41.182","ns-1239.awsdns-26.org, awsdns-hostmaster.amazon.com",NOERROR,,,,,,,,
[x],coinbasetickertests.staging-airtableblocks.com,"34.192.12.35, 52.54.41.182, 54.173.163.126, 184.73.80.41","ns-1239.awsdns-26.org, awsdns-hostmaster.amazon.com",NOERROR,,,,,,,,
[x],collab.staging-airtableblocks.com,"34.192.12.35, 52.54.41.182, 184.73.80.41, 54.173.163.126","ns-1239.awsdns-26.org, awsdns-hostmaster.amazon.com",NOERROR,"ns-1239.awsdns-26.org, ns-1686.awsdns-18.co.uk, ns-465.awsdns-58.com, ns-569.awsdns-07.net",,,,,,,
[x],community.airtable.com,"13.224.132.60, 13.224.132.71, 13.224.132.30, 13.224.132.8","ns-701.awsdns-23.net, awsdns-hostmaster.amazon.com",NOERROR,"ns-1302.awsdns-34.org, ns-1759.awsdns-27.co.uk, ns-311.awsdns-38.com, ns-701.awsdns-23.net",,True,cloudfront,"idgpi83864.lithium.com, d3lf80vn5f5vin.cloudfront.net",,,
[x],community.staging.airtable.com,"18.66.112.129, 18.66.112.95, 18.66.112.48, 18.66.112.91","ns-137.awsdns-17.com, awsdns-hostmaster.amazon.com",NOERROR,"ns-137.awsdns-17.com, ns-1405.awsdns-47.org, ns-1718.awsdns-22.co.uk, ns-731.awsdns-27.net",,True,cloudfront,"idgpi83864.stage.lithium.com, dh14ynmgz9k7e.cloudfront.net",,,
[x],compaq.staging-airtableblocks.com,"34.192.12.35, 54.173.163.126, 52.54.41.182, 184.73.80.41","ns-1239.awsdns-26.org, awsdns-hostmaster.amazon.com",NOERROR,,,,,,,,
[x],conferencing.staging-airtableblocks.com,"184.73.80.41, 54.173.163.126, 52.54.41.182, 34.192.12.35","ns-1239.awsdns-26.org, awsdns-hostmaster.amazon.com",NOERROR,"ns-1239.awsdns-26.org, ns-1686.awsdns-18.co.uk, ns-465.awsdns-58.com, ns-569.awsdns-07.net",,,,,,,
[x],console.staging-airtableblocks.com,"184.73.80.41, 34.192.12.35, 52.54.41.182, 54.173.163.126","ns-1239.awsdns-26.org, awsdns-hostmaster.amazon.com",NOERROR,,,,,,,,
[x],consul.staging-airtableblocks.com,"184.73.80.41, 34.192.12.35, 54.173.163.126, 52.54.41.182","ns-1239.awsdns-26.org, awsdns-hostmaster.amazon.com",NOERROR,,,,,,,,
[x],cordova-plugin-acuanthybridsdk.staging-airtableblocks.com,"34.192.12.35, 52.54.41.182, 54.173.163.126, 184.73.80.41","ns-1239.awsdns-26.org, awsdns-hostmaster.amazon.com",NOERROR,,,,,,,,
[x],coredatacloudminimaltests.staging-airtableblocks.com,"34.192.12.35, 54.173.163.126, 52.54.41.182, 184.73.80.41","ns-1239.awsdns-26.org, awsdns-hostmaster.amazon.com",NOERROR,,,,,,,,
[x],cp.staging-airtableblocks.com,,"ns-1239.awsdns-26.org, awsdns-hostmaster.amazon.com",NOERROR,,,,,,,,
[x],cpanel.staging-airtableblocks.com,"34.192.12.35, 52.54.41.182, 184.73.80.41, 54.173.163.126","ns-1239.awsdns-26.org, awsdns-hostmaster.amazon.com",NOERROR,,,,,,,,
[x],crm.staging-airtableblocks.com,"52.54.41.182, 34.192.12.35, 54.173.163.126, 184.73.80.41","ns-1239.awsdns-26.org, awsdns-hostmaster.amazon.com",NOERROR,,,,,,,,
[x],cust117.staging-airtableblocks.com,"34.192.12.35, 52.54.41.182, 184.73.80.41, 54.173.163.126","ns-1239.awsdns-26.org, awsdns-hostmaster.amazon.com",NOERROR,,,,,,,,
[x],cust32.staging-airtableblocks.com,"34.192.12.35, 52.54.41.182, 54.173.163.126, 184.73.80.41","ns-1239.awsdns-26.org, awsdns-hostmaster.amazon.com",NOERROR,,,,,,,,
[x],cust33.staging-airtableblocks.com,"34.192.12.35, 184.73.80.41, 52.54.41.182, 54.173.163.126","ns-1239.awsdns-26.org, awsdns-hostmaster.amazon.com",NOERROR,,,,,,,,
[x],cust38.staging-airtableblocks.com,"52.54.41.182, 34.192.12.35, 184.73.80.41, 54.173.163.126","ns-1239.awsdns-26.org, awsdns-hostmaster.amazon.com",NOERROR,,,,,,,,
[x],cust52.staging-airtableblocks.com,"34.192.12.35, 52.54.41.182, 54.173.163.126, 184.73.80.41","ns-1239.awsdns-26.org, awsdns-hostmaster.amazon.com",NOERROR,,,,,,,,
[x],cust7.staging-airtableblocks.com,"184.73.80.41, 54.173.163.126, 52.54.41.182, 34.192.12.35","ns-1239.awsdns-26.org, awsdns-hostmaster.amazon.com",NOERROR,,,,,,,,
[x],cust90.staging-airtableblocks.com,"54.173.163.126, 52.54.41.182, 34.192.12.35, 184.73.80.41","ns-1239.awsdns-26.org, awsdns-hostmaster.amazon.com",NOERROR,,,,,,,,
[x],cust97.staging-airtableblocks.com,"54.173.163.126, 52.54.41.182, 184.73.80.41, 34.192.12.35","ns-1239.awsdns-26.org, awsdns-hostmaster.amazon.com",NOERROR,"ns-1239.awsdns-26.org, ns-1686.awsdns-18.co.uk, ns-465.awsdns-58.com, ns-569.awsdns-07.net",,,,,,,
[x],cveapi.staging-airtableblocks.com,"54.173.163.126, 184.73.80.41, 34.192.12.35, 52.54.41.182","ns-1239.awsdns-26.org, awsdns-hostmaster.amazon.com",NOERROR,,,,,,,,
[x],danieapp.staging-airtableblocks.com,"184.73.80.41, 54.173.163.126, 34.192.12.35, 52.54.41.182","ns-1239.awsdns-26.org, awsdns-hostmaster.amazon.com",NOERROR,,,,,,,,
[x],danmarkapotek.staging-airtableblocks.com,"184.73.80.41, 52.54.41.182, 34.192.12.35, 54.173.163.126","ns-1239.awsdns-26.org, awsdns-hostmaster.amazon.com",NOERROR,,,,,,,,
[x],database01.staging-airtableblocks.com,"184.73.80.41, 52.54.41.182, 54.173.163.126, 34.192.12.35","ns-1239.awsdns-26.org, awsdns-hostmaster.amazon.com",NOERROR,,,,,,,,
[x],dav.staging-airtableblocks.com,"52.54.41.182, 54.173.163.126, 34.192.12.35, 184.73.80.41","ns-1239.awsdns-26.org, awsdns-hostmaster.amazon.com",NOERROR,"ns-1239.awsdns-26.org, ns-1686.awsdns-18.co.uk, ns-465.awsdns-58.com, ns-569.awsdns-07.net",,,,,,,
[x],day-33.staging-airtableblocks.com,"52.54.41.182, 34.192.12.35, 184.73.80.41, 54.173.163.126","ns-1239.awsdns-26.org, awsdns-hostmaster.amazon.com",NOERROR,,,,,,,,
[x],db.staging-airtableblocks.com,"184.73.80.41, 54.173.163.126, 34.192.12.35, 52.54.41.182","ns-1239.awsdns-26.org, awsdns-hostmaster.amazon.com",NOERROR,,,,,,,,
[x],dc.staging-airtableblocks.com,"54.173.163.126, 184.73.80.41, 52.54.41.182, 34.192.12.35","ns-1239.awsdns-26.org, awsdns-hostmaster.amazon.com",NOERROR,,,,,,,,
[x],de.staging-airtableblocks.com,"54.173.163.126, 184.73.80.41, 52.54.41.182, 34.192.12.35","ns-1239.awsdns-26.org, awsdns-hostmaster.amazon.com",NOERROR,"ns-1239.awsdns-26.org, ns-1686.awsdns-18.co.uk, ns-465.awsdns-58.com, ns-569.awsdns-07.net",,,,,,,
[x],deletepagesforgood.staging-airtableblocks.com,"54.173.163.126, 184.73.80.41, 34.192.12.35, 52.54.41.182","ns-1239.awsdns-26.org, awsdns-hostmaster.amazon.com",NOERROR,,,,,,,,
[x],demo.staging-airtableblocks.com,"54.173.163.126, 52.54.41.182, 184.73.80.41, 34.192.12.35","ns-1239.awsdns-26.org, awsdns-hostmaster.amazon.com",NOERROR,,,,,,,,
[x],dev.staging-airtableblocks.com,"184.73.80.41, 34.192.12.35, 52.54.41.182, 54.173.163.126","ns-1239.awsdns-26.org, awsdns-hostmaster.amazon.com",NOERROR,,,,,,,,
[x],dev01.staging-airtableblocks.com,"52.54.41.182, 34.192.12.35, 184.73.80.41, 54.173.163.126","ns-1239.awsdns-26.org, awsdns-hostmaster.amazon.com",NOERROR,,,,,,,,
[x],development.staging-airtableblocks.com,"54.173.163.126, 34.192.12.35, 184.73.80.41, 52.54.41.182","ns-1239.awsdns-26.org, awsdns-hostmaster.amazon.com",NOERROR,,,,,,,,
[x],directory.staging-airtableblocks.com,"184.73.80.41, 52.54.41.182, 34.192.12.35, 54.173.163.126","ns-1239.awsdns-26.org, awsdns-hostmaster.amazon.com",NOERROR,,,,,,,,
[x],disclosures.staging-airtableblocks.com,"34.192.12.35, 184.73.80.41, 52.54.41.182, 54.173.163.126","ns-1239.awsdns-26.org, awsdns-hostmaster.amazon.com",NOERROR,"ns-1239.awsdns-26.org, ns-1686.awsdns-18.co.uk, ns-465.awsdns-58.com, ns-569.awsdns-07.net",,,,,,,
[x],distributed-preloaded-cache-loader.staging-airtableblocks.com,"54.173.163.126, 52.54.41.182, 34.192.12.35, 184.73.80.41","ns-1239.awsdns-26.org, awsdns-hostmaster.amazon.com",NOERROR,,,,,,,,
[x],div2lvl2.staging-airtableblocks.com,"34.192.12.35, 54.173.163.126, 52.54.41.182, 184.73.80.41","ns-1239.awsdns-26.org, awsdns-hostmaster.amazon.com",NOERROR,,,,,,,,
[x],dl.airtable.com,"18.165.227.115, 18.165.227.2, 18.165.227.118, 18.165.227.31","ns-167.awsdns-20.com, awsdns-hostmaster.amazon.com",NOERROR,"ns-1084.awsdns-07.org, ns-167.awsdns-20.com, ns-1796.awsdns-32.co.uk, ns-979.awsdns-58.net, ns-1069.awsdns-05.org, ns-1899.awsdns-45.co.uk, ns-447.awsdns-55.com, ns-685.awsdns-21.net",,True,cloudfront,d6s0w22nn2lig.cloudfront.net,,,
[x],dl.staging.airtable.com,"18.173.233.9, 18.173.233.103, 18.173.233.104, 18.173.233.52","ns-328.awsdns-41.com, awsdns-hostmaster.amazon.com",NOERROR,"ns-1225.awsdns-25.org, ns-1889.awsdns-44.co.uk, ns-328.awsdns-41.com, ns-921.awsdns-51.net",,True,cloudfront,du1hlo000nbe6.cloudfront.net,,,
[x],dl3.airtable.com,"18.65.39.80, 18.65.39.106, 18.65.39.35, 18.65.39.30","ns-1899.awsdns-45.co.uk, awsdns-hostmaster.amazon.com",NOERROR,,,True,cloudfront,,,,
[x],dl3.staging.airtable.com,"13.224.132.78, 13.224.132.17, 13.224.132.12, 13.224.132.43","ns-1930.awsdns-49.co.uk, awsdns-hostmaster.amazon.com",NOERROR,"ns-1174.awsdns-18.org, ns-171.awsdns-21.com, ns-1930.awsdns-49.co.uk, ns-662.awsdns-18.net",,True,cloudfront,,,,
[x],dnm.staging-airtableblocks.com,"54.173.163.126, 184.73.80.41, 52.54.41.182, 34.192.12.35","ns-1239.awsdns-26.org, awsdns-hostmaster.amazon.com",NOERROR,,,,,,,,
[x],dns.staging-airtableblocks.com,"34.192.12.35, 54.173.163.126, 184.73.80.41, 52.54.41.182","ns-1239.awsdns-26.org, awsdns-hostmaster.amazon.com",NOERROR,,,,,,,,
[x],dns1.staging-airtableblocks.com,"52.54.41.182, 34.192.12.35, 54.173.163.126, 184.73.80.41","ns-1239.awsdns-26.org, awsdns-hostmaster.amazon.com",NOERROR,,,,,,,,
[x],dns2.staging-airtableblocks.com,"54.173.163.126, 184.73.80.41, 34.192.12.35, 52.54.41.182","ns-1239.awsdns-26.org, awsdns-hostmaster.amazon.com",NOERROR,,,,,,,,
[x],docker.staging-airtableblocks.com,"184.73.80.41, 34.192.12.35, 52.54.41.182, 54.173.163.126","ns-1239.awsdns-26.org, awsdns-hostmaster.amazon.com",NOERROR,,,,,,,,
[x],dotnet-documentation-api.staging-airtableblocks.com,"52.54.41.182, 184.73.80.41, 34.192.12.35, 54.173.163.126","ns-1239.awsdns-26.org, awsdns-hostmaster.amazon.com",NOERROR,,,,,,,,
[x],dvvdataaccess.staging-airtableblocks.com,"52.54.41.182, 34.192.12.35, 54.173.163.126, 184.73.80.41","ns-1239.awsdns-26.org, awsdns-hostmaster.amazon.com",NOERROR,,,,,,,,
[x],dyn.staging-airtableblocks.com,"52.54.41.182, 184.73.80.41, 54.173.163.126, 34.192.12.35","ns-1239.awsdns-26.org, awsdns-hostmaster.amazon.com",NOERROR,,,,,,,,
[x],ecuatiidiferentialesicuderivatepartiale.staging-airtableblocks.com,"52.54.41.182, 54.173.163.126, 34.192.12.35, 184.73.80.41","ns-1239.awsdns-26.org, awsdns-hostmaster.amazon.com",NOERROR,,,,,,,,
[x],eh.staging-airtableblocks.com,"54.173.163.126, 52.54.41.182, 34.192.12.35, 184.73.80.41","ns-1239.awsdns-26.org, awsdns-hostmaster.amazon.com",NOERROR,,,,,,,,
[x],einspline.staging-airtableblocks.com,"34.192.12.35, 184.73.80.41, 52.54.41.182, 54.173.163.126","ns-1239.awsdns-26.org, awsdns-hostmaster.amazon.com",NOERROR,,,,,,,,
[x],ekcis.staging-airtableblocks.com,"54.173.163.126, 52.54.41.182, 184.73.80.41, 34.192.12.35","ns-1239.awsdns-26.org, awsdns-hostmaster.amazon.com",NOERROR,,,,,,,,
[x],elastic.staging-airtableblocks.com,"54.173.163.126, 184.73.80.41, 34.192.12.35, 52.54.41.182","ns-1239.awsdns-26.org, awsdns-hostmaster.amazon.com",NOERROR,,,,,,,,
[x],email-159-135-229-248.airtable.com,159.135.229.248,"ns-1899.awsdns-45.co.uk, awsdns-hostmaster.amazon.com",NOERROR,,,,,,,,
[x],email-69-72-44-244.airtable.com,69.72.44.244,"ns-1899.awsdns-45.co.uk, awsdns-hostmaster.amazon.com",NOERROR,,,,,,,,
[x],email.airtable.com,"104.17.71.206, 104.17.74.206, 104.17.72.206, 104.17.73.206, 104.17.70.206","ns1.marketo.com, ops.localhost",NOERROR,"ns2.mktdns.com, ns1.marketo.com",,True,cloudflare,mkto-ab470014.com,,,
[x],email.staging-airtableblocks.com,"34.192.12.35, 184.73.80.41, 52.54.41.182, 54.173.163.126","ns-1239.awsdns-26.org, awsdns-hostmaster.amazon.com",NOERROR,,,,,,,,
[x],email.staging.airtable.com,"34.110.180.34, 34.160.13.42, 34.160.157.95","ns-586.awsdns-09.net, awsdns-hostmaster.amazon.com",NOERROR,"ns-133.awsdns-16.com, ns-1482.awsdns-57.org, ns-1614.awsdns-09.co.uk, ns-586.awsdns-09.net",,True,google,mailgun.org,"mxa.mailgun.org, mxb.mailgun.org",,"digicert.com, letsencrypt.org, ;"
[x],engage.airtable.com,"52.36.185.169, 54.191.227.159, 52.26.82.55","ns-332.awsdns-41.com, awsdns-hostmaster.amazon.com",NOERROR,,,,,"hubs3.hushly.com, k8s-default-hushlyin-558bc52246-1340458691.us-west-2.elb.amazonaws.com",,,
[x],envelope.airtable.com,192.28.150.116,"ns-1899.awsdns-45.co.uk, awsdns-hostmaster.amazon.com",NOERROR,,v=spf1 include:mktomail.com ~all,,,,envelope.airtable.com,,
[x],estadisticas.staging-airtableblocks.com,"54.173.163.126, 34.192.12.35, 52.54.41.182, 184.73.80.41","ns-1239.awsdns-26.org, awsdns-hostmaster.amazon.com",NOERROR,"ns-1239.awsdns-26.org, ns-1686.awsdns-18.co.uk, ns-465.awsdns-58.com, ns-569.awsdns-07.net",,,,,,,
[x],exchange.staging-airtableblocks.com,"184.73.80.41, 52.54.41.182, 34.192.12.35, 54.173.163.126","ns-1239.awsdns-26.org, awsdns-hostmaster.amazon.com",NOERROR,,,,,,,,
[x],exchangealert.staging-airtableblocks.com,"54.173.163.126, 184.73.80.41, 34.192.12.35, 52.54.41.182","ns-1239.awsdns-26.org, awsdns-hostmaster.amazon.com",NOERROR,,,,,,,,
[x],exmeso-jackson.staging-airtableblocks.com,"34.192.12.35, 52.54.41.182, 184.73.80.41, 54.173.163.126","ns-1239.awsdns-26.org, awsdns-hostmaster.amazon.com",NOERROR,,,,,,,,
[x],extra.staging-airtableblocks.com,"184.73.80.41, 52.54.41.182, 34.192.12.35, 54.173.163.126","ns-1239.awsdns-26.org, awsdns-hostmaster.amazon.com",NOERROR,,,,,,,,
[x],facebooknewsfeed.staging-airtableblocks.com,"184.73.80.41, 34.192.12.35, 52.54.41.182, 54.173.163.126","ns-1239.awsdns-26.org, awsdns-hostmaster.amazon.com",NOERROR,,,,,,,,
[x],fccv.staging-airtableblocks.com,"52.54.41.182, 54.173.163.126, 184.73.80.41, 34.192.12.35","ns-1239.awsdns-26.org, awsdns-hostmaster.amazon.com",NOERROR,,,,,,,,
[x],fd.staging-airtableblocks.com,"54.173.163.126, 52.54.41.182, 34.192.12.35, 184.73.80.41","ns-1239.awsdns-26.org, awsdns-hostmaster.amazon.com",NOERROR,,,,,,,,
[x],feedback.staging-airtableblocks.com,"184.73.80.41, 34.192.12.35, 52.54.41.182, 54.173.163.126","ns-1239.awsdns-26.org, awsdns-hostmaster.amazon.com",NOERROR,,,,,,,,
[x],feeds.staging-airtableblocks.com,"52.54.41.182, 184.73.80.41, 34.192.12.35, 54.173.163.126","ns-1239.awsdns-26.org, awsdns-hostmaster.amazon.com",NOERROR,"ns-1239.awsdns-26.org, ns-1686.awsdns-18.co.uk, ns-465.awsdns-58.com, ns-569.awsdns-07.net",,,,,,,
[x],file.staging-airtableblocks.com,"52.54.41.182, 184.73.80.41, 34.192.12.35, 54.173.163.126","ns-1239.awsdns-26.org, awsdns-hostmaster.amazon.com",NOERROR,,,,,,,,
[x],filerenamerbase.staging-airtableblocks.com,"184.73.80.41, 54.173.163.126, 34.192.12.35, 52.54.41.182","ns-1239.awsdns-26.org, awsdns-hostmaster.amazon.com",NOERROR,,,,,,,,
[x],flowee-spring.staging-airtableblocks.com,"34.192.12.35, 54.173.163.126, 52.54.41.182, 184.73.80.41","ns-1239.awsdns-26.org, awsdns-hostmaster.amazon.com",NOERROR,,,,,,,,
[x],fop.staging-airtableblocks.com,"34.192.12.35, 52.54.41.182, 54.173.163.126, 184.73.80.41","ns-1239.awsdns-26.org, awsdns-hostmaster.amazon.com",NOERROR,"ns-1239.awsdns-26.org, ns-1686.awsdns-18.co.uk, ns-465.awsdns-58.com, ns-569.awsdns-07.net",,,,,,,
[x],forum.staging-airtableblocks.com,"34.192.12.35, 54.173.163.126, 184.73.80.41, 52.54.41.182","ns-1239.awsdns-26.org, awsdns-hostmaster.amazon.com",NOERROR,,,,,,,,
[x],forums.staging-airtableblocks.com,"52.54.41.182, 34.192.12.35, 184.73.80.41, 54.173.163.126","ns-1239.awsdns-26.org, awsdns-hostmaster.amazon.com",NOERROR,,,,,,,,
[x],forumspider.staging-airtableblocks.com,"184.73.80.41, 54.173.163.126, 34.192.12.35, 52.54.41.182","ns-1239.awsdns-26.org, awsdns-hostmaster.amazon.com",NOERROR,"ns-1239.awsdns-26.org, ns-1686.awsdns-18.co.uk, ns-465.awsdns-58.com, ns-569.awsdns-07.net",,,,,,,
[x],freebsd2.staging-airtableblocks.com,"52.54.41.182, 184.73.80.41, 34.192.12.35, 54.173.163.126","ns-1239.awsdns-26.org, awsdns-hostmaster.amazon.com",NOERROR,"ns-1239.awsdns-26.org, ns-1686.awsdns-18.co.uk, ns-465.awsdns-58.com, ns-569.awsdns-07.net",,,,,,,
[x],freeware.staging-airtableblocks.com,"184.73.80.41, 34.192.12.35, 52.54.41.182, 54.173.163.126","ns-1239.awsdns-26.org, awsdns-hostmaster.amazon.com",NOERROR,,,,,,,,
[x],fresno.staging-airtableblocks.com,"54.173.163.126, 52.54.41.182, 34.192.12.35, 184.73.80.41","ns-1239.awsdns-26.org, awsdns-hostmaster.amazon.com",NOERROR,,,,,,,,
[x],fs.airtable.com,,"ns-1899.awsdns-45.co.uk, awsdns-hostmaster.amazon.com",NOERROR,"ns-1069.awsdns-05.org, ns-1899.awsdns-45.co.uk, ns-447.awsdns-55.com, ns-685.awsdns-21.net",_globalsign-domain-verification=nqr7Zwp7qbOTX-1jE66aCGLF-wq767_fgUis9Icx2a,,,,,,
[x],fs.staging.airtable.com,,"ns-1930.awsdns-49.co.uk, awsdns-hostmaster.amazon.com",NOERROR,,_globalsign-domain-verification=nqr7Zwp7qbOTX-1jE66aCGLF-wq767_fgUis9Icx2a,,,,,,
[x],ftp.staging-airtableblocks.com,"34.192.12.35, 184.73.80.41, 52.54.41.182, 54.173.163.126","ns-1239.awsdns-26.org, awsdns-hostmaster.amazon.com",NOERROR,,,,,,,,
[x],fw.staging-airtableblocks.com,"34.192.12.35, 52.54.41.182, 54.173.163.126, 184.73.80.41","ns-1239.awsdns-26.org, awsdns-hostmaster.amazon.com",NOERROR,,,,,,,,
[x],fwsm0.staging-airtableblocks.com,"34.192.12.35, 52.54.41.182, 54.173.163.126, 184.73.80.41","ns-1239.awsdns-26.org, awsdns-hostmaster.amazon.com",NOERROR,,,,,,,,
[x],g4sharespytests.staging-airtableblocks.com,"52.54.41.182, 34.192.12.35, 184.73.80.41, 54.173.163.126","ns-1239.awsdns-26.org, awsdns-hostmaster.amazon.com",NOERROR,,,,,,,,
[x],ga.staging-airtableblocks.com,"34.192.12.35, 54.173.163.126, 52.54.41.182, 184.73.80.41","ns-1239.awsdns-26.org, awsdns-hostmaster.amazon.com",NOERROR,,,,,,,,
[x],gac-rds-external-readonly.staging-airtableblocks.com,"184.73.80.41, 54.173.163.126, 52.54.41.182, 34.192.12.35","ns-1239.awsdns-26.org, awsdns-hostmaster.amazon.com",NOERROR,,,,,,,,
[x],galaxyapitools.staging-airtableblocks.com,"54.173.163.126, 184.73.80.41, 34.192.12.35, 52.54.41.182","ns-1239.awsdns-26.org, awsdns-hostmaster.amazon.com",NOERROR,,,,,,,,
[x],gcom-product-find-qa.staging-airtableblocks.com,"34.192.12.35, 52.54.41.182, 54.173.163.126, 184.73.80.41","ns-1239.awsdns-26.org, awsdns-hostmaster.amazon.com",NOERROR,,,,,,,,
[x],gedgrp.airtable.com,54.183.220.169,"ns-1899.awsdns-45.co.uk, awsdns-hostmaster.amazon.com",NOERROR,,,,,,,,
[x],general.staging-airtableblocks.com,"52.54.41.182, 184.73.80.41, 34.192.12.35, 54.173.163.126","ns-1239.awsdns-26.org, awsdns-hostmaster.amazon.com",NOERROR,,,,,,,,
[x],get.airtable.com,"104.18.10.212, 104.18.11.212","javon.ns.cloudflare.com, dns.cloudflare.com",NOERROR,"javon.ns.cloudflare.com, sara.ns.cloudflare.com",_globalsign-domain-verification=pcII7YUvcxom-659opHLeSHdKDfXt__L-5I2R5WHuX,True,cloudflare,grsm.io,"aspmx.l.google.com, aspmx2.googlemail.com, aspmx3.googlemail.com, alt1.aspmx.l.google.com, alt2.aspmx.l.google.com","2606:4700::6812:ad4, 2606:4700::6812:bd4",
[x],ggordon.staging-airtableblocks.com,"52.54.41.182, 54.173.163.126, 184.73.80.41, 34.192.12.35","ns-1239.awsdns-26.org, awsdns-hostmaster.amazon.com",NOERROR,,,,,,,,
[x],git.staging-airtableblocks.com,"52.54.41.182, 184.73.80.41, 34.192.12.35, 54.173.163.126","ns-1239.awsdns-26.org, awsdns-hostmaster.amazon.com",NOERROR,,,,,,,,
[x],gitlab.staging-airtableblocks.com,"52.54.41.182, 34.192.12.35, 184.73.80.41, 54.173.163.126","ns-1239.awsdns-26.org, awsdns-hostmaster.amazon.com",NOERROR,,,,,,,,
[x],gm.staging-airtableblocks.com,"184.73.80.41, 54.173.163.126, 52.54.41.182, 34.192.12.35","ns-1239.awsdns-26.org, awsdns-hostmaster.amazon.com",NOERROR,,,,,,,,
[x],gnofract4d-mime.staging-airtableblocks.com,"34.192.12.35, 52.54.41.182, 54.173.163.126, 184.73.80.41","ns-1239.awsdns-26.org, awsdns-hostmaster.amazon.com",NOERROR,,,,,,,,
[x],go.staging-airtableblocks.com,"52.54.41.182, 184.73.80.41, 34.192.12.35, 54.173.163.126","ns-1239.awsdns-26.org, awsdns-hostmaster.amazon.com",NOERROR,"ns-1239.awsdns-26.org, ns-1686.awsdns-18.co.uk, ns-465.awsdns-58.com, ns-569.awsdns-07.net",,,,,,,
[x],graph29.staging-airtableblocks.com,"54.173.163.126, 184.73.80.41, 34.192.12.35, 52.54.41.182","ns-1239.awsdns-26.org, awsdns-hostmaster.amazon.com",NOERROR,,,,,,,,
[x],grup-hepsi-resim-video.staging-airtableblocks.com,"54.173.163.126, 184.73.80.41, 52.54.41.182, 34.192.12.35","ns-1239.awsdns-26.org, awsdns-hostmaster.amazon.com",NOERROR,"ns-1239.awsdns-26.org, ns-1686.awsdns-18.co.uk, ns-465.awsdns-58.com, ns-569.awsdns-07.net",,,,,,,
[x],gt.staging-airtableblocks.com,"52.54.41.182, 34.192.12.35, 184.73.80.41, 54.173.163.126","ns-1239.awsdns-26.org, awsdns-hostmaster.amazon.com",NOERROR,,,,,,,,
[x],gui.staging-airtableblocks.com,"184.73.80.41, 34.192.12.35, 54.173.163.126, 52.54.41.182","ns-1239.awsdns-26.org, awsdns-hostmaster.amazon.com",NOERROR,"ns-1239.awsdns-26.org, ns-1686.awsdns-18.co.uk, ns-465.awsdns-58.com, ns-569.awsdns-07.net",,,,,,,
[x],guide.airtable.com,"18.244.114.63, 18.244.114.69, 18.244.114.25, 18.244.114.18","ns-1899.awsdns-45.co.uk, awsdns-hostmaster.amazon.com",NOERROR,,,True,cloudfront,,,,
[x],gw.staging-airtableblocks.com,"54.173.163.126, 184.73.80.41, 52.54.41.182, 34.192.12.35","ns-1239.awsdns-26.org, awsdns-hostmaster.amazon.com",NOERROR,,,,,,,,
[x],gws-api-sandbox.staging-airtableblocks.com,"184.73.80.41, 52.54.41.182, 54.173.163.126, 34.192.12.35","ns-1239.awsdns-26.org, awsdns-hostmaster.amazon.com",NOERROR,,,,,,,,
[x],gws-qa.staging-airtableblocks.com,"54.173.163.126, 34.192.12.35, 184.73.80.41, 52.54.41.182","ns-1239.awsdns-26.org, awsdns-hostmaster.amazon.com",NOERROR,,,,,,,,
[x],gws-rds-external-readonly-uat.staging-airtableblocks.com,"34.192.12.35, 184.73.80.41, 54.173.163.126, 52.54.41.182","ns-1239.awsdns-26.org, awsdns-hostmaster.amazon.com",NOERROR,,,,,,,,
[x],gws-uat.staging-airtableblocks.com,"52.54.41.182, 54.173.163.126, 184.73.80.41, 34.192.12.35","ns-1239.awsdns-26.org, awsdns-hostmaster.amazon.com",NOERROR,,,,,,,,
[x],gws.staging-airtableblocks.com,"54.173.163.126, 34.192.12.35, 52.54.41.182, 184.73.80.41","ns-1239.awsdns-26.org, awsdns-hostmaster.amazon.com",NOERROR,,,,,,,,
[x],hdfc.staging-airtableblocks.com,"54.173.163.126, 184.73.80.41, 52.54.41.182, 34.192.12.35","ns-1239.awsdns-26.org, awsdns-hostmaster.amazon.com",NOERROR,"ns-1239.awsdns-26.org, ns-1686.awsdns-18.co.uk, ns-465.awsdns-58.com, ns-569.awsdns-07.net",,,,,,,
[x],header-viridian.staging-airtableblocks.com,"184.73.80.41, 52.54.41.182, 34.192.12.35, 54.173.163.126","ns-1239.awsdns-26.org, awsdns-hostmaster.amazon.com",NOERROR,,,,,,,,
[x],help.staging-airtableblocks.com,"184.73.80.41, 52.54.41.182, 34.192.12.35, 54.173.163.126","ns-1239.awsdns-26.org, awsdns-hostmaster.amazon.com",NOERROR,,,,,,,,
[x],helponline.staging-airtableblocks.com,"184.73.80.41, 52.54.41.182, 34.192.12.35, 54.173.163.126","ns-1239.awsdns-26.org, awsdns-hostmaster.amazon.com",NOERROR,,,,,,,,
[x],home.staging-airtableblocks.com,"54.173.163.126, 34.192.12.35, 184.73.80.41, 52.54.41.182","ns-1239.awsdns-26.org, awsdns-hostmaster.amazon.com",NOERROR,,,,,,,,
[x],hooks.airtable.com,"52.206.63.30, 52.44.137.230, 107.22.19.87","ns-1899.awsdns-45.co.uk, awsdns-hostmaster.amazon.com",NOERROR,,,,,,,,
[x],hooks.staging.airtable.com,"34.195.168.16, 35.172.51.255","ns-1930.awsdns-49.co.uk, awsdns-hostmaster.amazon.com",NOERROR,,,,,,,,
[x],host.staging-airtableblocks.com,"54.173.163.126, 52.54.41.182, 34.192.12.35, 184.73.80.41","ns-1239.awsdns-26.org, awsdns-hostmaster.amazon.com",NOERROR,,,,,,,,
[x],hostmaster.staging-airtableblocks.com,"52.54.41.182, 184.73.80.41, 54.173.163.126, 34.192.12.35","ns-1239.awsdns-26.org, awsdns-hostmaster.amazon.com",NOERROR,,,,,,,,
[x],hpov.staging-airtableblocks.com,"184.73.80.41, 52.54.41.182, 34.192.12.35, 54.173.163.126","ns-1239.awsdns-26.org, awsdns-hostmaster.amazon.com",NOERROR,,,,,,,,
[x],httpbin.staging-airtableblocks.com,"54.173.163.126, 184.73.80.41, 52.54.41.182, 34.192.12.35","ns-1239.awsdns-26.org, awsdns-hostmaster.amazon.com",NOERROR,,,,,,,,
[x],iam.staging-airtableblocks.com,"54.173.163.126, 34.192.12.35, 52.54.41.182, 184.73.80.41","ns-1239.awsdns-26.org, awsdns-hostmaster.amazon.com",NOERROR,"ns-1239.awsdns-26.org, ns-1686.awsdns-18.co.uk, ns-465.awsdns-58.com, ns-569.awsdns-07.net",,,,,,,
[x],id.staging-airtableblocks.com,"54.173.163.126, 34.192.12.35, 184.73.80.41, 52.54.41.182","ns-1239.awsdns-26.org, awsdns-hostmaster.amazon.com",NOERROR,,,,,,,,
[x],images.staging-airtableblocks.com,"34.192.12.35, 54.173.163.126, 52.54.41.182, 184.73.80.41","ns-1239.awsdns-26.org, awsdns-hostmaster.amazon.com",NOERROR,,,,,,,,
[x],imap.staging-airtableblocks.com,"34.192.12.35, 54.173.163.126, 52.54.41.182, 184.73.80.41","ns-1239.awsdns-26.org, awsdns-hostmaster.amazon.com",NOERROR,,,,,,,,
[x],img.staging-airtableblocks.com,"184.73.80.41, 52.54.41.182, 34.192.12.35, 54.173.163.126","ns-1239.awsdns-26.org, awsdns-hostmaster.amazon.com",NOERROR,,,,,,,,
[x],incubation-python.staging-airtableblocks.com,"54.173.163.126, 34.192.12.35, 52.54.41.182, 184.73.80.41","ns-1239.awsdns-26.org, awsdns-hostmaster.amazon.com",NOERROR,,,,,,,,
[x],indankorea.web6321.cdn.staging-airtableblocks.com,"54.173.163.126, 34.192.12.35, 184.73.80.41, 52.54.41.182","ns-1239.awsdns-26.org, awsdns-hostmaster.amazon.com",NOERROR,,,,,,,,
[x],info.staging-airtableblocks.com,"52.54.41.182, 34.192.12.35, 54.173.163.126, 184.73.80.41","ns-1239.awsdns-26.org, awsdns-hostmaster.amazon.com",NOERROR,,,,,,,,
[x],int.staging-airtableblocks.com,"184.73.80.41, 52.54.41.182, 54.173.163.126, 34.192.12.35","ns-1239.awsdns-26.org, awsdns-hostmaster.amazon.com",NOERROR,,,,,,,,
[x],internal-test.staging.airtable.com,,"ns-1930.awsdns-49.co.uk, awsdns-hostmaster.amazon.com",NOERROR,,,,,,,,
[x],international.staging-airtableblocks.com,,"ns-1239.awsdns-26.org, awsdns-hostmaster.amazon.com",NOERROR,,,,,,,,
[x],ip.staging-airtableblocks.com,"184.73.80.41, 52.54.41.182, 54.173.163.126, 34.192.12.35","ns-1239.awsdns-26.org, awsdns-hostmaster.amazon.com",NOERROR,,,,,,,,
[x],ipv6.staging-airtableblocks.com,"52.54.41.182, 54.173.163.126, 184.73.80.41, 34.192.12.35","ns-1239.awsdns-26.org, awsdns-hostmaster.amazon.com",NOERROR,,,,,,,,
[x],is.staging-airtableblocks.com,"184.73.80.41, 54.173.163.126, 34.192.12.35, 52.54.41.182","ns-1239.awsdns-26.org, awsdns-hostmaster.amazon.com",NOERROR,,,,,,,,
[x],isaserv.staging-airtableblocks.com,"184.73.80.41, 52.54.41.182, 34.192.12.35, 54.173.163.126","ns-1239.awsdns-26.org, awsdns-hostmaster.amazon.com",NOERROR,,,,,,,,
[x],israel.staging-airtableblocks.com,"34.192.12.35, 54.173.163.126, 52.54.41.182, 184.73.80.41","ns-1239.awsdns-26.org, awsdns-hostmaster.amazon.com",NOERROR,,,,,,,,
[x],ivas.znane.cdn.staging-airtableblocks.com,"184.73.80.41, 52.54.41.182, 54.173.163.126, 34.192.12.35","ns-1239.awsdns-26.org, awsdns-hostmaster.amazon.com",NOERROR,,,,,,,,
[x],jedi.staging-airtableblocks.com,"52.54.41.182, 184.73.80.41, 54.173.163.126, 34.192.12.35","ns-1239.awsdns-26.org, awsdns-hostmaster.amazon.com",NOERROR,"ns-1239.awsdns-26.org, ns-1686.awsdns-18.co.uk, ns-465.awsdns-58.com, ns-569.awsdns-07.net",,,,,,,
[x],job.staging-airtableblocks.com,"184.73.80.41, 52.54.41.182, 54.173.163.126, 34.192.12.35","ns-1239.awsdns-26.org, awsdns-hostmaster.amazon.com",NOERROR,,,,,,,,
[x],jobs.staging-airtableblocks.com,"34.192.12.35, 52.54.41.182, 184.73.80.41, 54.173.163.126","ns-1239.awsdns-26.org, awsdns-hostmaster.amazon.com",NOERROR,,,,,,,,
[x],k03455.staging-airtableblocks.com,"184.73.80.41, 34.192.12.35, 52.54.41.182, 54.173.163.126","ns-1239.awsdns-26.org, awsdns-hostmaster.amazon.com",NOERROR,,,,,,,,
[x],k8s.staging-airtableblocks.com,"184.73.80.41, 52.54.41.182, 54.173.163.126, 34.192.12.35","ns-1239.awsdns-26.org, awsdns-hostmaster.amazon.com",NOERROR,,,,,,,,
[x],kardamena-uncovered.staging-airtableblocks.com,"34.192.12.35, 54.173.163.126, 52.54.41.182, 184.73.80.41","ns-1239.awsdns-26.org, awsdns-hostmaster.amazon.com",NOERROR,,,,,,,,
[x],kinderbuikencovrienden.staging-airtableblocks.com,"184.73.80.41, 54.173.163.126, 52.54.41.182, 34.192.12.35","ns-1239.awsdns-26.org, awsdns-hostmaster.amazon.com",NOERROR,,,,,,,,
[x],kinectmanager.staging-airtableblocks.com,"52.54.41.182, 54.173.163.126, 184.73.80.41, 34.192.12.35","ns-1239.awsdns-26.org, awsdns-hostmaster.amazon.com",NOERROR,,,,,,,,
[x],kiwicustommatcherdemotests.staging-airtableblocks.com,"34.192.12.35, 52.54.41.182, 54.173.163.126, 184.73.80.41","ns-1239.awsdns-26.org, awsdns-hostmaster.amazon.com",NOERROR,,,,,,,,
[x],knowledgemanagement.staging-airtableblocks.com,"184.73.80.41, 34.192.12.35, 52.54.41.182, 54.173.163.126","ns-1239.awsdns-26.org, awsdns-hostmaster.amazon.com",NOERROR,"ns-1239.awsdns-26.org, ns-1686.awsdns-18.co.uk, ns-465.awsdns-58.com, ns-569.awsdns-07.net",,,,,,,
[x],koncove-prevody-hydromotory.staging-airtableblocks.com,"184.73.80.41, 52.54.41.182, 54.173.163.126, 34.192.12.35","ns-1239.awsdns-26.org, awsdns-hostmaster.amazon.com",NOERROR,,,,,,,,
[x],konfereseller.mh.m.staging-airtableblocks.com,"34.192.12.35, 54.173.163.126, 184.73.80.41, 52.54.41.182","ns-1239.awsdns-26.org, awsdns-hostmaster.amazon.com",NOERROR,,,,,,,,
[x],ks-cdn-mq2-okta.staging-airtableblocks.com,"184.73.80.41, 34.192.12.35, 52.54.41.182, 54.173.163.126","ns-1239.awsdns-26.org, awsdns-hostmaster.amazon.com",NOERROR,,,,,,,,
[x],ks-inventory-api.staging-airtableblocks.com,"52.54.41.182, 184.73.80.41, 34.192.12.35, 54.173.163.126","ns-1239.awsdns-26.org, awsdns-hostmaster.amazon.com",NOERROR,,,,,,,,
[x],ks-invoice-api.staging-airtableblocks.com,"54.173.163.126, 184.73.80.41, 52.54.41.182, 34.192.12.35","ns-1239.awsdns-26.org, awsdns-hostmaster.amazon.com",NOERROR,,,,,,,,
[x],ks-limits-api.staging-airtableblocks.com,"54.173.163.126, 184.73.80.41, 34.192.12.35, 52.54.41.182","ns-1239.awsdns-26.org, awsdns-hostmaster.amazon.com",NOERROR,,,,,,,,
[x],ks-order-api.staging-airtableblocks.com,"184.73.80.41, 34.192.12.35, 52.54.41.182, 54.173.163.126","ns-1239.awsdns-26.org, awsdns-hostmaster.amazon.com",NOERROR,,,,,,,,
[x],ks-program-api.staging-airtableblocks.com,"52.54.41.182, 34.192.12.35, 54.173.163.126, 184.73.80.41","ns-1239.awsdns-26.org, awsdns-hostmaster.amazon.com",NOERROR,,,,,,,,
[x],ks-vendingtransactions-mq1.staging-airtableblocks.com,"54.173.163.126, 184.73.80.41, 34.192.12.35, 52.54.41.182","ns-1239.awsdns-26.org, awsdns-hostmaster.amazon.com",NOERROR,,,,,,,,
[x],ks-vendingtransactions-mq2-okta-disabled.staging-airtableblocks.com,"54.173.163.126, 184.73.80.41, 34.192.12.35, 52.54.41.182","ns-1239.awsdns-26.org, awsdns-hostmaster.amazon.com",NOERROR,"ns-1239.awsdns-26.org, ns-1686.awsdns-18.co.uk, ns-465.awsdns-58.com, ns-569.awsdns-07.net",,,,,,,
[x],ks-vendingtransactions-mq2-okta-p.staging-airtableblocks.com,"52.54.41.182, 184.73.80.41, 34.192.12.35, 54.173.163.126","ns-1239.awsdns-26.org, awsdns-hostmaster.amazon.com",NOERROR,,,,,,,,
[x],ks-vendingtransactions-mq2-okta.abettersign.staging-airtableblocks.com,"54.173.163.126, 52.54.41.182, 184.73.80.41, 34.192.12.35","ns-1239.awsdns-26.org, awsdns-hostmaster.amazon.com",NOERROR,,,,,,,,
[x],ks-vendingtransactions-mq2-okta.data.staging-airtableblocks.com,"34.192.12.35, 54.173.163.126, 52.54.41.182, 184.73.80.41","ns-1239.awsdns-26.org, awsdns-hostmaster.amazon.com",NOERROR,,,,,,,,
[x],ks-vendingtransactions-mq2-okta.mdm.staging-airtableblocks.com,,"ns-1239.awsdns-26.org, awsdns-hostmaster.amazon.com",NOERROR,,,,,,,,
[x],ks-vendingtransactions-mq2-okta.toolbar.staging-airtableblocks.com,"34.192.12.35, 52.54.41.182, 184.73.80.41, 54.173.163.126","ns-1239.awsdns-26.org, awsdns-hostmaster.amazon.com",NOERROR,"ns-1239.awsdns-26.org, ns-1686.awsdns-18.co.uk, ns-465.awsdns-58.com, ns-569.awsdns-07.net",,,,,,,
[x],ks-vendingtransactions-mq2.staging-airtableblocks.com,"34.192.12.35, 184.73.80.41, 52.54.41.182, 54.173.163.126","ns-1239.awsdns-26.org, awsdns-hostmaster.amazon.com",NOERROR,,,,,,,,
[x],ksinstapaperapi.staging-airtableblocks.com,"34.192.12.35, 54.173.163.126, 184.73.80.41, 52.54.41.182","ns-1239.awsdns-26.org, awsdns-hostmaster.amazon.com",NOERROR,"ns-1239.awsdns-26.org, ns-1686.awsdns-18.co.uk, ns-465.awsdns-58.com, ns-569.awsdns-07.net",,,,,,,
[x],kubernetes.staging-airtableblocks.com,"34.192.12.35, 52.54.41.182, 54.173.163.126, 184.73.80.41","ns-1239.awsdns-26.org, awsdns-hostmaster.amazon.com",NOERROR,"ns-1239.awsdns-26.org, ns-1686.awsdns-18.co.uk, ns-465.awsdns-58.com, ns-569.awsdns-07.net",,,,,,,
[x],kz.staging-airtableblocks.com,"52.54.41.182, 54.173.163.126, 34.192.12.35, 184.73.80.41","ns-1239.awsdns-26.org, awsdns-hostmaster.amazon.com",NOERROR,,,,,,,,
[x],la.staging-airtableblocks.com,"54.173.163.126, 184.73.80.41, 52.54.41.182, 34.192.12.35","ns-1239.awsdns-26.org, awsdns-hostmaster.amazon.com",NOERROR,,,,,,,,
[x],laptop.staging-airtableblocks.com,"52.54.41.182, 184.73.80.41, 54.173.163.126, 34.192.12.35","ns-1239.awsdns-26.org, awsdns-hostmaster.amazon.com",NOERROR,,,,,,,,
[x],lasvegas.staging-airtableblocks.com,"34.192.12.35, 54.173.163.126, 184.73.80.41, 52.54.41.182","ns-1239.awsdns-26.org, awsdns-hostmaster.amazon.com",NOERROR,,,,,,,,
[x],lenta.www.knowledge.cdn.staging-airtableblocks.com,"184.73.80.41, 54.173.163.126, 52.54.41.182, 34.192.12.35","ns-1239.awsdns-26.org, awsdns-hostmaster.amazon.com",NOERROR,,,,,,,,
[x],lib.staging-airtableblocks.com,"34.192.12.35, 52.54.41.182, 54.173.163.126, 184.73.80.41","ns-1239.awsdns-26.org, awsdns-hostmaster.amazon.com",NOERROR,,,,,,,,
[x],links.airtable.com,"108.138.233.115, 108.138.233.90, 108.138.233.105, 108.138.233.45","ns-710.awsdns-24.net, awsdns-hostmaster.amazon.com",NOERROR,"ns-1401.awsdns-47.org, ns-496.awsdns-62.com, ns-710.awsdns-24.net, ns-1544.awsdns-01.co.uk",,True,cloudfront,d5ke2yycfdyxf.cloudfront.net,,,
[x],links1.airtable.com,,"ns-678.awsdns-20.net, awsdns-hostmaster.amazon.com",NOERROR,"ns-1380.awsdns-44.org, ns-1748.awsdns-26.co.uk, ns-277.awsdns-34.com, ns-678.awsdns-20.net",,,,spgo.io,,,
[x],linqreview.staging-airtableblocks.com,"54.173.163.126, 184.73.80.41, 34.192.12.35, 52.54.41.182","ns-1239.awsdns-26.org, awsdns-hostmaster.amazon.com",NOERROR,,,,,,,,
[x],linux.staging-airtableblocks.com,"184.73.80.41, 34.192.12.35, 52.54.41.182, 54.173.163.126","ns-1239.awsdns-26.org, awsdns-hostmaster.amazon.com",NOERROR,,,,,,,,
[x],lists.staging-airtableblocks.com,"184.73.80.41, 52.54.41.182, 54.173.163.126, 34.192.12.35","ns-1239.awsdns-26.org, awsdns-hostmaster.amazon.com",NOERROR,,,,,,,,
[x],live.staging-airtableblocks.com,"34.192.12.35, 184.73.80.41, 54.173.163.126, 52.54.41.182","ns-1239.awsdns-26.org, awsdns-hostmaster.amazon.com",NOERROR,,,,,,,,
[x],liveupdate.staging-airtableblocks.com,"34.192.12.35, 184.73.80.41, 54.173.163.126, 52.54.41.182","ns-1239.awsdns-26.org, awsdns-hostmaster.amazon.com",NOERROR,,,,,,,,
[x],localhost.staging-airtableblocks.com,"54.173.163.126, 52.54.41.182, 34.192.12.35, 184.73.80.41","ns-1239.awsdns-26.org, awsdns-hostmaster.amazon.com",NOERROR,,,,,,,,
[x],m.staging-airtableblocks.com,"184.73.80.41, 34.192.12.35, 52.54.41.182, 54.173.163.126","ns-1239.awsdns-26.org, awsdns-hostmaster.amazon.com",NOERROR,,,,,,,,
[x],mac5.staging-airtableblocks.com,"52.54.41.182, 184.73.80.41, 34.192.12.35, 54.173.163.126","ns-1239.awsdns-26.org, awsdns-hostmaster.amazon.com",NOERROR,,,,,,,,
[x],mail.airtable.com,,"ns-1899.awsdns-45.co.uk, awsdns-hostmaster.amazon.com",NOERROR,,v=spf1 include:mktomail.com ~all,,,,smtp.sparkpostmail.com,,
[x],mail.staging-airtableblocks.com,,"ns-1239.awsdns-26.org, awsdns-hostmaster.amazon.com",NOERROR,,,,,,,,
[x],mail1.staging-airtableblocks.com,"54.173.163.126, 34.192.12.35, 184.73.80.41, 52.54.41.182","ns-1239.awsdns-26.org, awsdns-hostmaster.amazon.com",NOERROR,,,,,,,,
[x],mail2.staging-airtableblocks.com,"54.173.163.126, 52.54.41.182, 34.192.12.35, 184.73.80.41","ns-1239.awsdns-26.org, awsdns-hostmaster.amazon.com",NOERROR,,,,,,,,
[x],mailgun.airtable.com,34.102.239.211,"ns-586.awsdns-09.net, awsdns-hostmaster.amazon.com",NOERROR,"ns-1614.awsdns-09.co.uk, ns-133.awsdns-16.com, ns-586.awsdns-09.net, ns-1482.awsdns-57.org","8f7088gv5932jxw9lwwd1b6ttx2pw2ds, v=spf1 include:_spf.mailgun.org include:_spf.eu.mailgun.org -all, google-site-verification=FIGVOKZm6lQFDBJaiC2DdwvBy8TInunoGCt-1gnL4PA",True,google,mailgun.org,"mxa.mailgun.org, mxb.mailgun.org",,";, digicert.com, letsencrypt.org"
[x],mailing.staging-airtableblocks.com,"54.173.163.126, 184.73.80.41, 52.54.41.182, 34.192.12.35","ns-1239.awsdns-26.org, awsdns-hostmaster.amazon.com",NOERROR,,,,,,,,
[x],mailserver.staging-airtableblocks.com,"184.73.80.41, 34.192.12.35, 52.54.41.182, 54.173.163.126","ns-1239.awsdns-26.org, awsdns-hostmaster.amazon.com",NOERROR,,,,,,,,
[x],manncat.staging-airtableblocks.com,,"ns-1239.awsdns-26.org, awsdns-hostmaster.amazon.com",NOERROR,,,,,,,,
[x],mapcachefile.staging-airtableblocks.com,"34.192.12.35, 184.73.80.41, 52.54.41.182, 54.173.163.126","ns-1239.awsdns-26.org, awsdns-hostmaster.amazon.com",NOERROR,"ns-1239.awsdns-26.org, ns-1686.awsdns-18.co.uk, ns-465.awsdns-58.com, ns-569.awsdns-07.net",,,,,,,
[x],maroonwhitefund.staging-airtableblocks.com,"184.73.80.41, 52.54.41.182, 34.192.12.35, 54.173.163.126","ns-1239.awsdns-26.org, awsdns-hostmaster.amazon.com",NOERROR,,,,,,,,
[x],mcn.staging-airtableblocks.com,"52.54.41.182, 34.192.12.35, 54.173.163.126, 184.73.80.41","ns-1239.awsdns-26.org, awsdns-hostmaster.amazon.com",NOERROR,,,,,,,,
[x],mdm.staging-airtableblocks.com,"34.192.12.35, 54.173.163.126, 184.73.80.41, 52.54.41.182","ns-1239.awsdns-26.org, awsdns-hostmaster.amazon.com",NOERROR,,,,,,,,
[x],media.staging-airtableblocks.com,"34.192.12.35, 54.173.163.126, 184.73.80.41, 52.54.41.182","ns-1239.awsdns-26.org, awsdns-hostmaster.amazon.com",NOERROR,"ns-1239.awsdns-26.org, ns-1686.awsdns-18.co.uk, ns-465.awsdns-58.com, ns-569.awsdns-07.net",,,,,,,
[x],members.staging-airtableblocks.com,"54.173.163.126, 52.54.41.182, 184.73.80.41, 34.192.12.35","ns-1239.awsdns-26.org, awsdns-hostmaster.amazon.com",NOERROR,,,,,,,,
[x],mergedictionaries.staging-airtableblocks.com,"34.192.12.35, 184.73.80.41, 54.173.163.126, 52.54.41.182","ns-1239.awsdns-26.org, awsdns-hostmaster.amazon.com",NOERROR,,,,,,,,
[x],metrics.staging-airtableblocks.com,"54.173.163.126, 52.54.41.182, 184.73.80.41, 34.192.12.35","ns-1239.awsdns-26.org, awsdns-hostmaster.amazon.com",NOERROR,,,,,,,,
[x],metropolis.cont.cdn.staging-airtableblocks.com,"184.73.80.41, 34.192.12.35, 52.54.41.182, 54.173.163.126","ns-1239.awsdns-26.org, awsdns-hostmaster.amazon.com",NOERROR,,,,,,,,
[x],miami.staging-airtableblocks.com,"34.192.12.35, 52.54.41.182, 54.173.163.126, 184.73.80.41","ns-1239.awsdns-26.org, awsdns-hostmaster.amazon.com",NOERROR,,,,,,,,
[x],ml.staging-airtableblocks.com,"34.192.12.35, 184.73.80.41, 54.173.163.126, 52.54.41.182","ns-1239.awsdns-26.org, awsdns-hostmaster.amazon.com",NOERROR,,,,,,,,
[x],mm.staging-airtableblocks.com,"34.192.12.35, 184.73.80.41, 52.54.41.182, 54.173.163.126","ns-1239.awsdns-26.org, awsdns-hostmaster.amazon.com",NOERROR,,,,,,,,
[x],mn.staging-airtableblocks.com,"184.73.80.41, 34.192.12.35, 52.54.41.182, 54.173.163.126","ns-1239.awsdns-26.org, awsdns-hostmaster.amazon.com",NOERROR,,,,,,,,
[x],mobile-notification-service.staging-airtableblocks.com,"52.54.41.182, 34.192.12.35, 184.73.80.41, 54.173.163.126","ns-1239.awsdns-26.org, awsdns-hostmaster.amazon.com",NOERROR,,,,,,,,
[x],mobile-rest.staging-airtableblocks.com,"34.192.12.35, 52.54.41.182, 54.173.163.126, 184.73.80.41","ns-1239.awsdns-26.org, awsdns-hostmaster.amazon.com",NOERROR,,,,,,,,
[x],mobile.staging-airtableblocks.com,"54.173.163.126, 184.73.80.41, 34.192.12.35, 52.54.41.182","ns-1239.awsdns-26.org, awsdns-hostmaster.amazon.com",NOERROR,,,,,,,,
[x],mongo.staging-airtableblocks.com,"52.54.41.182, 34.192.12.35, 54.173.163.126, 184.73.80.41","ns-1239.awsdns-26.org, awsdns-hostmaster.amazon.com",NOERROR,,,,,,,,
[x],mongodb.staging-airtableblocks.com,"34.192.12.35, 52.54.41.182, 184.73.80.41, 54.173.163.126","ns-1239.awsdns-26.org, awsdns-hostmaster.amazon.com",NOERROR,,,,,,,,
[x],mssql.staging-airtableblocks.com,"184.73.80.41, 52.54.41.182, 34.192.12.35, 54.173.163.126","ns-1239.awsdns-26.org, awsdns-hostmaster.amazon.com",NOERROR,,,,,,,,
[x],mta-sts.staging-airtableblocks.com,"184.73.80.41, 52.54.41.182, 54.173.163.126, 34.192.12.35","ns-1239.awsdns-26.org, awsdns-hostmaster.amazon.com",NOERROR,,,,,,,,
[x],mwindow.staging-airtableblocks.com,"54.173.163.126, 52.54.41.182, 34.192.12.35, 184.73.80.41","ns-1239.awsdns-26.org, awsdns-hostmaster.amazon.com",NOERROR,,,,,,,,
[x],mx.staging-airtableblocks.com,"34.192.12.35, 52.54.41.182, 54.173.163.126, 184.73.80.41","ns-1239.awsdns-26.org, awsdns-hostmaster.amazon.com",NOERROR,,,,,,,,
[x],mx1.staging-airtableblocks.com,"34.192.12.35, 52.54.41.182, 54.173.163.126, 184.73.80.41","ns-1239.awsdns-26.org, awsdns-hostmaster.amazon.com",NOERROR,,,,,,,,
[x],mx2.staging-airtableblocks.com,"54.173.163.126, 52.54.41.182, 34.192.12.35, 184.73.80.41","ns-1239.awsdns-26.org, awsdns-hostmaster.amazon.com",NOERROR,"ns-1239.awsdns-26.org, ns-1686.awsdns-18.co.uk, ns-465.awsdns-58.com, ns-569.awsdns-07.net",,,,,,,
[x],my.staging-airtableblocks.com,"184.73.80.41, 54.173.163.126, 34.192.12.35, 52.54.41.182","ns-1239.awsdns-26.org, awsdns-hostmaster.amazon.com",NOERROR,,,,,,,,
[x],mycto.staging-airtableblocks.com,"52.54.41.182, 34.192.12.35, 54.173.163.126, 184.73.80.41","ns-1239.awsdns-26.org, awsdns-hostmaster.amazon.com",NOERROR,,,,,,,,
[x],mygardengoddess.staging-airtableblocks.com,"184.73.80.41, 52.54.41.182, 34.192.12.35, 54.173.163.126","ns-1239.awsdns-26.org, awsdns-hostmaster.amazon.com",NOERROR,,,,,,,,
[x],myosportstests.staging-airtableblocks.com,"34.192.12.35, 184.73.80.41, 54.173.163.126, 52.54.41.182","ns-1239.awsdns-26.org, awsdns-hostmaster.amazon.com",NOERROR,,,,,,,,
[x],mysql-alpine.staging-airtableblocks.com,"34.192.12.35, 184.73.80.41, 54.173.163.126, 52.54.41.182","ns-1239.awsdns-26.org, awsdns-hostmaster.amazon.com",NOERROR,,,,,,,,
[x],mysql.staging-airtableblocks.com,"52.54.41.182, 54.173.163.126, 184.73.80.41, 34.192.12.35","ns-1239.awsdns-26.org, awsdns-hostmaster.amazon.com",NOERROR,,,,,,,,
[x],new.staging-airtableblocks.com,"34.192.12.35, 54.173.163.126, 52.54.41.182, 184.73.80.41","ns-1239.awsdns-26.org, awsdns-hostmaster.amazon.com",NOERROR,,,,,,,,
[x],news.staging-airtableblocks.com,"184.73.80.41, 52.54.41.182, 54.173.163.126, 34.192.12.35","ns-1239.awsdns-26.org, awsdns-hostmaster.amazon.com",NOERROR,,,,,,,,
[x],nginx-newest.staging-airtableblocks.com,"34.192.12.35, 54.173.163.126, 52.54.41.182, 184.73.80.41","ns-1239.awsdns-26.org, awsdns-hostmaster.amazon.com",NOERROR,,,,,,,,
[x],nginx-newest1.staging-airtableblocks.com,"54.173.163.126, 52.54.41.182, 34.192.12.35, 184.73.80.41","ns-1239.awsdns-26.org, awsdns-hostmaster.amazon.com",NOERROR,,,,,,,,
[x],nginx.staging-airtableblocks.com,"34.192.12.35, 184.73.80.41, 54.173.163.126, 52.54.41.182","ns-1239.awsdns-26.org, awsdns-hostmaster.amazon.com",NOERROR,,,,,,,,
[x],nl-be.it-it.ro-ro.fbjs.staging-airtableblocks.com,"34.192.12.35, 184.73.80.41, 52.54.41.182, 54.173.163.126","ns-1239.awsdns-26.org, awsdns-hostmaster.amazon.com",NOERROR,,,,,,,,
[x],nodejs-dev.staging-airtableblocks.com,,"ns-1239.awsdns-26.org, awsdns-hostmaster.amazon.com",NOERROR,,,,,,,,
[x],nodejs.staging-airtableblocks.com,"34.192.12.35, 52.54.41.182, 54.173.163.126, 184.73.80.41","ns-1239.awsdns-26.org, awsdns-hostmaster.amazon.com",NOERROR,,,,,,,,
[x],non-prod.staging-airtableblocks.com,"34.192.12.35, 54.173.163.126, 52.54.41.182, 184.73.80.41","ns-1239.awsdns-26.org, awsdns-hostmaster.amazon.com",NOERROR,,,,,,,,
[x],noofprime.staging-airtableblocks.com,"34.192.12.35, 52.54.41.182, 54.173.163.126, 184.73.80.41","ns-1239.awsdns-26.org, awsdns-hostmaster.amazon.com",NOERROR,,,,,,,,
[x],ns.staging-airtableblocks.com,"34.192.12.35, 54.173.163.126, 52.54.41.182, 184.73.80.41","ns-1239.awsdns-26.org, awsdns-hostmaster.amazon.com",NOERROR,"ns-1239.awsdns-26.org, ns-1686.awsdns-18.co.uk, ns-465.awsdns-58.com, ns-569.awsdns-07.net",,,,,,,
[x],ns1.staging-airtableblocks.com,"34.192.12.35, 184.73.80.41, 52.54.41.182, 54.173.163.126","ns-1239.awsdns-26.org, awsdns-hostmaster.amazon.com",NOERROR,,,,,,,,
[x],ns2.staging-airtableblocks.com,"54.173.163.126, 52.54.41.182, 34.192.12.35, 184.73.80.41","ns-1239.awsdns-26.org, awsdns-hostmaster.amazon.com",NOERROR,,,,,,,,
[x],ns4.staging-airtableblocks.com,"52.54.41.182, 34.192.12.35, 184.73.80.41, 54.173.163.126","ns-1239.awsdns-26.org, awsdns-hostmaster.amazon.com",NOERROR,"ns-1239.awsdns-26.org, ns-1686.awsdns-18.co.uk, ns-465.awsdns-58.com, ns-569.awsdns-07.net",,,,,,,
[x],ntentivery.itunes.staging-airtableblocks.com,"34.192.12.35, 52.54.41.182, 184.73.80.41, 54.173.163.126","ns-1239.awsdns-26.org, awsdns-hostmaster.amazon.com",NOERROR,,,,,,,,
[x],nugo.staging-airtableblocks.com,"34.192.12.35, 52.54.41.182, 54.173.163.126, 184.73.80.41","ns-1239.awsdns-26.org, awsdns-hostmaster.amazon.com",NOERROR,,,,,,,,
[x],nwk-origin.mobileapp.staging-airtableblocks.com,"34.192.12.35, 184.73.80.41, 54.173.163.126, 52.54.41.182","ns-1239.awsdns-26.org, awsdns-hostmaster.amazon.com",NOERROR,"ns-1239.awsdns-26.org, ns-1686.awsdns-18.co.uk, ns-465.awsdns-58.com, ns-569.awsdns-07.net",,,,,,,
[x],oagx.77na.cle-eorg.staging-airtableblocks.com,"54.173.163.126, 184.73.80.41, 52.54.41.182, 34.192.12.35","ns-1239.awsdns-26.org, awsdns-hostmaster.amazon.com",NOERROR,"ns-1239.awsdns-26.org, ns-1686.awsdns-18.co.uk, ns-465.awsdns-58.com, ns-569.awsdns-07.net",,,,,,,
[x],oauth2.staging-airtableblocks.com,"34.192.12.35, 184.73.80.41, 54.173.163.126, 52.54.41.182","ns-1239.awsdns-26.org, awsdns-hostmaster.amazon.com",NOERROR,,,,,,,,
[x],office.staging-airtableblocks.com,"52.54.41.182, 54.173.163.126, 184.73.80.41, 34.192.12.35","ns-1239.awsdns-26.org, awsdns-hostmaster.amazon.com",NOERROR,,,,,,,,
[x],okta.staging-airtableblocks.com,,"ns-1239.awsdns-26.org, awsdns-hostmaster.amazon.com",NOERROR,,,,,,,,
[x],old.staging-airtableblocks.com,"184.73.80.41, 54.173.163.126, 52.54.41.182, 34.192.12.35","ns-1239.awsdns-26.org, awsdns-hostmaster.amazon.com",NOERROR,,,,,,,,
[x],onetrust.airtable.com,"104.18.43.158, 172.64.144.98","bob.ns.cloudflare.com, dns.cloudflare.com",NOERROR,,,True,cloudflare,32d7adc98d3547c3be13752384eeb9ac.my.onetrust.com,,"2606:4700:4400::6812:2b9e, 2606:4700:4400::ac40:9062",
[x],ops02.staging-airtableblocks.com,"54.173.163.126, 34.192.12.35, 52.54.41.182, 184.73.80.41","ns-1239.awsdns-26.org, awsdns-hostmaster.amazon.com",NOERROR,,,,,,,,
[x],orders.staging-airtableblocks.com,"52.54.41.182, 34.192.12.35, 54.173.163.126, 184.73.80.41","ns-1239.awsdns-26.org, awsdns-hostmaster.amazon.com",NOERROR,"ns-1239.awsdns-26.org, ns-1686.awsdns-18.co.uk, ns-465.awsdns-58.com, ns-569.awsdns-07.net",,,,,,,
[x],outlook.staging-airtableblocks.com,"184.73.80.41, 52.54.41.182, 34.192.12.35, 54.173.163.126","ns-1239.awsdns-26.org, awsdns-hostmaster.amazon.com",NOERROR,,,,,,,,
[x],ov.staging-airtableblocks.com,"34.192.12.35, 184.73.80.41, 52.54.41.182, 54.173.163.126","ns-1239.awsdns-26.org, awsdns-hostmaster.amazon.com",NOERROR,"ns-1239.awsdns-26.org, ns-1686.awsdns-18.co.uk, ns-465.awsdns-58.com, ns-569.awsdns-07.net",,,,,,,
[x],ozonegui.staging-airtableblocks.com,"52.54.41.182, 184.73.80.41, 54.173.163.126, 34.192.12.35","ns-1239.awsdns-26.org, awsdns-hostmaster.amazon.com",NOERROR,,,,,,,,
[x],p.staging-airtableblocks.com,"184.73.80.41, 52.54.41.182, 54.173.163.126, 34.192.12.35","ns-1239.awsdns-26.org, awsdns-hostmaster.amazon.com",NOERROR,,,,,,,,
[x],p085.staging-airtableblocks.com,"54.173.163.126, 52.54.41.182, 34.192.12.35, 184.73.80.41","ns-1239.awsdns-26.org, awsdns-hostmaster.amazon.com",NOERROR,"ns-1239.awsdns-26.org, ns-1686.awsdns-18.co.uk, ns-465.awsdns-58.com, ns-569.awsdns-07.net",,,,,,,
[x],pages.airtable.com,"104.17.71.206, 104.17.73.206, 104.17.74.206, 104.17.70.206, 104.17.72.206","bart.ns.cloudflare.com, dns.cloudflare.com",NOERROR,,,True,cloudflare,"airtable.mktoweb.com, ab47.mktossl.com",,,
[x],paypal-com-myaccount-securety-limited-updated-information.staging-airtableblocks.com,"52.54.41.182, 54.173.163.126, 184.73.80.41, 34.192.12.35","ns-1239.awsdns-26.org, awsdns-hostmaster.amazon.com",NOERROR,,,,,,,,
[x],pc31.staging-airtableblocks.com,"52.54.41.182, 54.173.163.126, 34.192.12.35, 184.73.80.41","ns-1239.awsdns-26.org, awsdns-hostmaster.amazon.com",NOERROR,"ns-1239.awsdns-26.org, ns-1686.awsdns-18.co.uk, ns-465.awsdns-58.com, ns-569.awsdns-07.net",,,,,,,
[x],pc58.staging-airtableblocks.com,"34.192.12.35, 52.54.41.182, 184.73.80.41, 54.173.163.126","ns-1239.awsdns-26.org, awsdns-hostmaster.amazon.com",NOERROR,,,,,,,,
[x],pcstoolbarutilsexample.staging-airtableblocks.com,"34.192.12.35, 54.173.163.126, 184.73.80.41, 52.54.41.182","ns-1239.awsdns-26.org, awsdns-hostmaster.amazon.com",NOERROR,,,,,,,,
[x],pepper-repository.staging-airtableblocks.com,"54.173.163.126, 184.73.80.41, 34.192.12.35, 52.54.41.182","ns-1239.awsdns-26.org, awsdns-hostmaster.amazon.com",NOERROR,,,,,,,,
[x],pic.staging-airtableblocks.com,"184.73.80.41, 52.54.41.182, 54.173.163.126, 34.192.12.35","ns-1239.awsdns-26.org, awsdns-hostmaster.amazon.com",NOERROR,,,,,,,,
[x],pictures.staging-airtableblocks.com,"52.54.41.182, 54.173.163.126, 184.73.80.41, 34.192.12.35","ns-1239.awsdns-26.org, awsdns-hostmaster.amazon.com",NOERROR,,,,,,,,
[x],plotexo.staging-airtableblocks.com,"184.73.80.41, 34.192.12.35, 52.54.41.182, 54.173.163.126","ns-1239.awsdns-26.org, awsdns-hostmaster.amazon.com",NOERROR,,,,,,,,
[x],pop.staging-airtableblocks.com,"54.173.163.126, 52.54.41.182, 184.73.80.41, 34.192.12.35","ns-1239.awsdns-26.org, awsdns-hostmaster.amazon.com",NOERROR,,,,,,,,
[x],pop3.staging-airtableblocks.com,"184.73.80.41, 54.173.163.126, 34.192.12.35, 52.54.41.182","ns-1239.awsdns-26.org, awsdns-hostmaster.amazon.com",NOERROR,,,,,,,,
[x],popcorn-mobile.staging-airtableblocks.com,"184.73.80.41, 34.192.12.35, 54.173.163.126, 52.54.41.182","ns-1239.awsdns-26.org, awsdns-hostmaster.amazon.com",NOERROR,,,,,,,,
[x],portal.staging-airtableblocks.com,"54.173.163.126, 34.192.12.35, 52.54.41.182, 184.73.80.41","ns-1239.awsdns-26.org, awsdns-hostmaster.amazon.com",NOERROR,,,,,,,,
[x],ppp6.staging-airtableblocks.com,"52.54.41.182, 184.73.80.41, 54.173.163.126, 34.192.12.35","ns-1239.awsdns-26.org, awsdns-hostmaster.amazon.com",NOERROR,,,,,,,,
[x],pre-prod.staging-airtableblocks.com,"54.173.163.126, 184.73.80.41, 52.54.41.182, 34.192.12.35","ns-1239.awsdns-26.org, awsdns-hostmaster.amazon.com",NOERROR,"ns-1239.awsdns-26.org, ns-1686.awsdns-18.co.uk, ns-465.awsdns-58.com, ns-569.awsdns-07.net",,,,,,,
[x],pre.staging-airtableblocks.com,"52.54.41.182, 34.192.12.35, 184.73.80.41, 54.173.163.126","ns-1239.awsdns-26.org, awsdns-hostmaster.amazon.com",NOERROR,,,,,,,,
[x],preferencecenter.airtable.com,,"bob.ns.cloudflare.com, dns.cloudflare.com",NOERROR,,,True,cloudflare,32d7adc98d3547c3be13752384eeb9ac-privacy.my.onetrust.com,,,
[x],press.staging-airtableblocks.com,"52.54.41.182, 184.73.80.41, 54.173.163.126, 34.192.12.35","ns-1239.awsdns-26.org, awsdns-hostmaster.amazon.com",NOERROR,,,,,,,,
[x],preview.staging-airtableblocks.com,"52.54.41.182, 54.173.163.126, 184.73.80.41, 34.192.12.35","ns-1239.awsdns-26.org, awsdns-hostmaster.amazon.com",NOERROR,,,,,,,,
[x],prjunibot.staging-airtableblocks.com,"52.54.41.182, 54.173.163.126, 184.73.80.41, 34.192.12.35","ns-1239.awsdns-26.org, awsdns-hostmaster.amazon.com",NOERROR,,,,,,,,
[x],production.private.airtable.com,,,NOERROR,,,,,,,,
[x],proxy.staging-airtableblocks.com,"54.173.163.126, 184.73.80.41, 52.54.41.182, 34.192.12.35","ns-1239.awsdns-26.org, awsdns-hostmaster.amazon.com",NOERROR,,,,,,,,
[x],pub-4125311334161437.afd.ghs.staging-airtableblocks.com,"184.73.80.41, 34.192.12.35, 52.54.41.182, 54.173.163.126","ns-1239.awsdns-26.org, awsdns-hostmaster.amazon.com",NOERROR,,,,,,,,
[x],pub-5539268510485042.afd.ghs.staging-airtableblocks.com,"34.192.12.35, 184.73.80.41, 54.173.163.126, 52.54.41.182","ns-1239.awsdns-26.org, awsdns-hostmaster.amazon.com",NOERROR,,,,,,,,
[x],publishing-catalog.staging-airtableblocks.com,,"ns-1239.awsdns-26.org, awsdns-hostmaster.amazon.com",NOERROR,,,,,,,,
[x],publishing-preview.staging-airtableblocks.com,"54.173.163.126, 184.73.80.41, 52.54.41.182, 34.192.12.35","ns-1239.awsdns-26.org, awsdns-hostmaster.amazon.com",NOERROR,,,,,,,,
[x],pyflakes-pathogen.staging-airtableblocks.com,"54.173.163.126, 52.54.41.182, 34.192.12.35, 184.73.80.41","ns-1239.awsdns-26.org, awsdns-hostmaster.amazon.com",NOERROR,"ns-1239.awsdns-26.org, ns-1686.awsdns-18.co.uk, ns-465.awsdns-58.com, ns-569.awsdns-07.net",,,,,,,
[x],qnorm.staging-airtableblocks.com,"184.73.80.41, 54.173.163.126, 34.192.12.35, 52.54.41.182","ns-1239.awsdns-26.org, awsdns-hostmaster.amazon.com",NOERROR,,,,,,,,
[x],qs-config-v1.staging-airtableblocks.com,"52.54.41.182, 34.192.12.35, 184.73.80.41, 54.173.163.126","ns-1239.awsdns-26.org, awsdns-hostmaster.amazon.com",NOERROR,,,,,,,,
[x],quebec.staging-airtableblocks.com,"34.192.12.35, 184.73.80.41, 52.54.41.182, 54.173.163.126","ns-1239.awsdns-26.org, awsdns-hostmaster.amazon.com",NOERROR,"ns-1239.awsdns-26.org, ns-1686.awsdns-18.co.uk, ns-465.awsdns-58.com, ns-569.awsdns-07.net",,,,,,,
[x],r0qqiwk4warhzilcbmgzkxns3ccibc86.staging-airtableblocks.com,"34.192.12.35, 52.54.41.182, 54.173.163.126, 184.73.80.41","ns-1239.awsdns-26.org, awsdns-hostmaster.amazon.com",NOERROR,,,,,,,,
[x],reference.staging-airtableblocks.com,"52.54.41.182, 34.192.12.35, 184.73.80.41, 54.173.163.126","ns-1239.awsdns-26.org, awsdns-hostmaster.amazon.com",NOERROR,,,,,,,,
[x],remote.staging-airtableblocks.com,"54.173.163.126, 184.73.80.41, 34.192.12.35, 52.54.41.182","ns-1239.awsdns-26.org, awsdns-hostmaster.amazon.com",NOERROR,,,,,,,,
[x],ro.staging-airtableblocks.com,"34.192.12.35, 54.173.163.126, 52.54.41.182, 184.73.80.41","ns-1239.awsdns-26.org, awsdns-hostmaster.amazon.com",NOERROR,,,,,,,,
[x],root.staging-airtableblocks.com,"184.73.80.41, 54.173.163.126, 34.192.12.35, 52.54.41.182","ns-1239.awsdns-26.org, awsdns-hostmaster.amazon.com",NOERROR,,,,,,,,
[x],rt-staging.airtable.com,"107.21.110.3, 52.21.104.240, 52.54.172.110","ns-1849.awsdns-39.co.uk, awsdns-hostmaster.amazon.com",NOERROR,"ns-936.awsdns-53.net, ns-1128.awsdns-13.org, ns-1849.awsdns-39.co.uk, ns-370.awsdns-46.com",,,,,,,
[x],rt.airtable.com,"52.44.204.145, 50.16.31.208, 23.21.25.212, 34.227.120.192, 34.198.210.94, 54.84.180.159, 3.216.130.248, 54.156.36.1","ns-1899.awsdns-45.co.uk, awsdns-hostmaster.amazon.com",NOERROR,"ns-1069.awsdns-05.org, ns-1899.awsdns-45.co.uk, ns-447.awsdns-55.com, ns-685.awsdns-21.net",,,,,,,
[x],rt2-staging.airtable.com,,"ns-178.awsdns-22.com, awsdns-hostmaster.amazon.com",NOERROR,"ns-939.awsdns-53.net, ns-1361.awsdns-42.org, ns-178.awsdns-22.com, ns-1925.awsdns-48.co.uk",,,,,,,
[x],rt3-staging.airtable.com,"52.21.104.240, 107.21.110.3, 52.54.172.110","ns-2046.awsdns-63.co.uk, awsdns-hostmaster.amazon.com",NOERROR,"ns-760.awsdns-31.net, ns-411.awsdns-51.com, ns-1460.awsdns-54.org, ns-2046.awsdns-63.co.uk",,,,,,,
[x],rt3.airtable.com,"34.192.27.44, 34.227.120.192, 3.231.114.121, 18.209.37.24, 18.210.5.12, 34.228.193.38, 3.216.130.248, 50.16.31.208","ns-1899.awsdns-45.co.uk, awsdns-hostmaster.amazon.com",NOERROR,,,,,,,,
[x],rt4-staging.airtable.com,"52.204.146.13, 34.205.202.3","ns-370.awsdns-46.com, awsdns-hostmaster.amazon.com",NOERROR,"ns-959.awsdns-55.net, ns-1451.awsdns-53.org, ns-1717.awsdns-22.co.uk, ns-370.awsdns-46.com",,,,,,,
[x],rt4.airtable.com,"52.71.212.98, 35.175.166.64, 52.205.46.251","ns-1899.awsdns-45.co.uk, awsdns-hostmaster.amazon.com",NOERROR,,,,,,,,
[x],rt5-staging.airtable.com,,"ns-1774.awsdns-29.co.uk, awsdns-hostmaster.amazon.com",NOERROR,"ns-1774.awsdns-29.co.uk, ns-745.awsdns-29.net, ns-363.awsdns-45.com, ns-1221.awsdns-24.org",,,,,,,
[x],rtb-staging.airtable.com,"44.205.35.128, 107.23.108.62","ns-1894.awsdns-44.co.uk, awsdns-hostmaster.amazon.com",NOERROR,"ns-128.awsdns-16.com, ns-1508.awsdns-60.org, ns-1894.awsdns-44.co.uk, ns-811.awsdns-37.net",,,,,,,
[x],rtb.airtable.com,"3.225.174.81, 3.210.164.207, 52.21.136.11","ns-1899.awsdns-45.co.uk, awsdns-hostmaster.amazon.com",NOERROR,,,,,,,,
[x],rtd-staging.airtable.com,,"ns-889.awsdns-47.net, awsdns-hostmaster.amazon.com",NOERROR,"ns-500.awsdns-62.com, ns-889.awsdns-47.net, ns-1327.awsdns-37.org, ns-1653.awsdns-14.co.uk",,,,,,,
[x],rtd.airtable.com,,"ns-1899.awsdns-45.co.uk, awsdns-hostmaster.amazon.com",NOERROR,,,,,,,,
[x],rx.staging-airtableblocks.com,,"ns-1239.awsdns-26.org, awsdns-hostmaster.amazon.com",NOERROR,,,,,,,,
[x],searchportal-dev.staging-airtableblocks.com,"184.73.80.41, 34.192.12.35, 52.54.41.182, 54.173.163.126","ns-1239.awsdns-26.org, awsdns-hostmaster.amazon.com",NOERROR,,,,,,,,
[x],searchportal-qa.staging-airtableblocks.com,"34.192.12.35, 54.173.163.126, 52.54.41.182, 184.73.80.41","ns-1239.awsdns-26.org, awsdns-hostmaster.amazon.com",NOERROR,,,,,,,,
[x],searchportal.staging-airtableblocks.com,"52.54.41.182, 184.73.80.41, 54.173.163.126, 34.192.12.35","ns-1239.awsdns-26.org, awsdns-hostmaster.amazon.com",NOERROR,,,,,,,,
[x],secure.staging-airtableblocks.com,"34.192.12.35, 52.54.41.182, 54.173.163.126, 184.73.80.41","ns-1239.awsdns-26.org, awsdns-hostmaster.amazon.com",NOERROR,,,,,,,,
[x],semanticwatchlist.staging-airtableblocks.com,"184.73.80.41, 52.54.41.182, 54.173.163.126, 34.192.12.35","ns-1239.awsdns-26.org, awsdns-hostmaster.amazon.com",NOERROR,,,,,,,,
[x],server1.staging-airtableblocks.com,"184.73.80.41, 54.173.163.126, 34.192.12.35, 52.54.41.182","ns-1239.awsdns-26.org, awsdns-hostmaster.amazon.com",NOERROR,,,,,,,,
[x],servers.staging-airtableblocks.com,"34.192.12.35, 52.54.41.182, 54.173.163.126, 184.73.80.41","ns-1239.awsdns-26.org, awsdns-hostmaster.amazon.com",NOERROR,,,,,,,,
[x],services.staging-airtableblocks.com,"184.73.80.41, 52.54.41.182, 34.192.12.35, 54.173.163.126","ns-1239.awsdns-26.org, awsdns-hostmaster.amazon.com",NOERROR,,,,,,,,
[x],share.support.airtable.com,18.232.53.146,"ns-1640.awsdns-13.co.uk, awsdns-hostmaster.amazon.com",NOERROR,,,,,custom.getcloudapp.com,,,
[x],shared.staging-airtableblocks.com,"184.73.80.41, 52.54.41.182, 54.173.163.126, 34.192.12.35","ns-1239.awsdns-26.org, awsdns-hostmaster.amazon.com",NOERROR,,,,,,,,
[x],shedlock-provider-zookeeper-curator.staging-airtableblocks.com,"52.54.41.182, 34.192.12.35, 184.73.80.41, 54.173.163.126","ns-1239.awsdns-26.org, awsdns-hostmaster.amazon.com",NOERROR,,,,,,,,
[x],shop.staging-airtableblocks.com,"34.192.12.35, 184.73.80.41, 54.173.163.126, 52.54.41.182","ns-1239.awsdns-26.org, awsdns-hostmaster.amazon.com",NOERROR,,,,,,,,
[x],signin.staging-airtableblocks.com,"52.54.41.182, 184.73.80.41, 54.173.163.126, 34.192.12.35","ns-1239.awsdns-26.org, awsdns-hostmaster.amazon.com",NOERROR,"ns-1239.awsdns-26.org, ns-1686.awsdns-18.co.uk, ns-465.awsdns-58.com, ns-569.awsdns-07.net",,,,,,,
[x],signup.staging-airtableblocks.com,"34.192.12.35, 54.173.163.126, 184.73.80.41, 52.54.41.182","ns-1239.awsdns-26.org, awsdns-hostmaster.amazon.com",NOERROR,,,,,,,,
[x],sip.staging-airtableblocks.com,"184.73.80.41, 34.192.12.35, 52.54.41.182, 54.173.163.126","ns-1239.awsdns-26.org, awsdns-hostmaster.amazon.com",NOERROR,,,,,,,,
[x],sipparse.staging-airtableblocks.com,"54.173.163.126, 52.54.41.182, 184.73.80.41, 34.192.12.35","ns-1239.awsdns-26.org, awsdns-hostmaster.amazon.com",NOERROR,,,,,,,,
[x],sitecore.staging-airtableblocks.com,"54.173.163.126, 34.192.12.35, 52.54.41.182, 184.73.80.41","ns-1239.awsdns-26.org, awsdns-hostmaster.amazon.com",NOERROR,,,,,,,,
[x],skintabletop.staging-airtableblocks.com,"52.54.41.182, 184.73.80.41, 34.192.12.35, 54.173.163.126","ns-1239.awsdns-26.org, awsdns-hostmaster.amazon.com",NOERROR,,,,,,,,
[x],smtp.staging-airtableblocks.com,"52.54.41.182, 34.192.12.35, 54.173.163.126, 184.73.80.41","ns-1239.awsdns-26.org, awsdns-hostmaster.amazon.com",NOERROR,,,,,,,,
[x],soporte.staging-airtableblocks.com,"52.54.41.182, 184.73.80.41, 34.192.12.35, 54.173.163.126","ns-1239.awsdns-26.org, awsdns-hostmaster.amazon.com",NOERROR,"ns-1239.awsdns-26.org, ns-1686.awsdns-18.co.uk, ns-465.awsdns-58.com, ns-569.awsdns-07.net",,,,,,,
[x],spf.staging-airtableblocks.com,"34.192.12.35, 52.54.41.182, 54.173.163.126, 184.73.80.41","ns-1239.awsdns-26.org, awsdns-hostmaster.amazon.com",NOERROR,,,,,,,,
[x],spool.staging-airtableblocks.com,"34.192.12.35, 184.73.80.41, 54.173.163.126, 52.54.41.182","ns-1239.awsdns-26.org, awsdns-hostmaster.amazon.com",NOERROR,"ns-1239.awsdns-26.org, ns-1686.awsdns-18.co.uk, ns-465.awsdns-58.com, ns-569.awsdns-07.net",,,,,,,
[x],sql.staging-airtableblocks.com,"52.54.41.182, 54.173.163.126, 34.192.12.35, 184.73.80.41","ns-1239.awsdns-26.org, awsdns-hostmaster.amazon.com",NOERROR,,,,,,,,
[x],srp.airtable.com,,,NOERROR,,,,,,,,
[x],ssl.staging-airtableblocks.com,"34.192.12.35, 184.73.80.41, 54.173.163.126, 52.54.41.182","ns-1239.awsdns-26.org, awsdns-hostmaster.amazon.com",NOERROR,,,,,,,,
[x],ssl1.staging-airtableblocks.com,"34.192.12.35, 184.73.80.41, 52.54.41.182, 54.173.163.126","ns-1239.awsdns-26.org, awsdns-hostmaster.amazon.com",NOERROR,,,,,,,,
[x],sslvpn.staging-airtableblocks.com,"52.54.41.182, 184.73.80.41, 54.173.163.126, 34.192.12.35","ns-1239.awsdns-26.org, awsdns-hostmaster.amazon.com",NOERROR,,,,,,,,
[x],sso.staging-airtableblocks.com,"184.73.80.41, 54.173.163.126, 34.192.12.35, 52.54.41.182","ns-1239.awsdns-26.org, awsdns-hostmaster.amazon.com",NOERROR,,,,,,,,
[x],staged.staging-airtableblocks.com,"54.173.163.126, 184.73.80.41, 52.54.41.182, 34.192.12.35","ns-1239.awsdns-26.org, awsdns-hostmaster.amazon.com",NOERROR,,,,,,,,
[x],staging-airtableblocks.com,"184.73.80.41, 52.54.41.182, 34.192.12.35, 54.173.163.126","ns-1239.awsdns-26.org, awsdns-hostmaster.amazon.com",NOERROR,"ns-1686.awsdns-18.co.uk, ns-465.awsdns-58.com, ns-569.awsdns-07.net, ns-1239.awsdns-26.org",,,,,,,
[x],staging.staging-airtableblocks.com,"34.192.12.35, 54.173.163.126, 184.73.80.41, 52.54.41.182","ns-1239.awsdns-26.org, awsdns-hostmaster.amazon.com",NOERROR,,,,,,,,
[x],static.airtable.com,"108.138.7.28, 108.138.7.101, 108.138.7.118, 108.138.7.7","ns-1502.awsdns-59.org, awsdns-hostmaster.amazon.com",NOERROR,"ns-1502.awsdns-59.org, ns-1629.awsdns-11.co.uk, ns-216.awsdns-27.com, ns-878.awsdns-45.net",,True,cloudfront,d2nigg2msgncwy.cloudfront.net,,,
[x],static.staging.airtable.com,"18.165.227.20, 18.165.227.52, 18.165.227.33, 18.165.227.89","ns-735.awsdns-27.net, awsdns-hostmaster.amazon.com",NOERROR,"ns-735.awsdns-27.net, ns-160.awsdns-20.com, ns-1145.awsdns-15.org, ns-1963.awsdns-53.co.uk",,True,cloudfront,d34wo4eg5vio7f.cloudfront.net,,,
[x],stats.staging-airtableblocks.com,"54.173.163.126, 184.73.80.41, 52.54.41.182, 34.192.12.35","ns-1239.awsdns-26.org, awsdns-hostmaster.amazon.com",NOERROR,,,,,,,,
[x],status.airtable.com,,"ns-1711.awsdns-21.co.uk, awsdns-hostmaster.amazon.com",NOERROR,,,,,5vv477bkm0kl.stspg-customer.com,,,"letsencrypt.org, globalsign.com;"
[x],store-036.blobstore.staging-airtableblocks.com,"54.173.163.126, 34.192.12.35, 184.73.80.41, 52.54.41.182","ns-1239.awsdns-26.org, awsdns-hostmaster.amazon.com",NOERROR,,,,,,,,
[x],store.staging-airtableblocks.com,"34.192.12.35, 52.54.41.182, 54.173.163.126, 184.73.80.41","ns-1239.awsdns-26.org, awsdns-hostmaster.amazon.com",NOERROR,,,,,,,,
[x],storybook.staging-airtableblocks.com,"34.192.12.35, 52.54.41.182, 54.173.163.126, 184.73.80.41","ns-1239.awsdns-26.org, awsdns-hostmaster.amazon.com",NOERROR,,,,,,,,
[x],sub-97-161-101.staging-airtableblocks.com,"54.173.163.126, 184.73.80.41, 52.54.41.182, 34.192.12.35","ns-1239.awsdns-26.org, awsdns-hostmaster.amazon.com",NOERROR,,,,,,,,
[x],support.airtable.com,"108.138.217.93, 108.138.217.64, 108.138.217.70, 108.138.217.30","ns-717.awsdns-25.net, awsdns-hostmaster.amazon.com",NOERROR,"ns-119.awsdns-14.com, ns-1892.awsdns-44.co.uk, ns-717.awsdns-25.net, ns-1101.awsdns-09.org",,True,cloudfront,d22h0lgekrlgfy.cloudfront.net,,,
[x],support.staging-airtableblocks.com,"34.192.12.35, 184.73.80.41, 54.173.163.126, 52.54.41.182","ns-1239.awsdns-26.org, awsdns-hostmaster.amazon.com",NOERROR,,,,,,,,
[x],support.staging.airtable.com,"13.226.153.42, 13.226.153.55, 13.226.153.48, 13.226.153.72","ns-1787.awsdns-31.co.uk, awsdns-hostmaster.amazon.com",NOERROR,"ns-425.awsdns-53.com, ns-524.awsdns-01.net, ns-1393.awsdns-46.org, ns-1787.awsdns-31.co.uk",,True,cloudfront,d28opjmm2nkyhu.cloudfront.net,,,
[x],surisquatecodome.staging-airtableblocks.com,"54.173.163.126, 34.192.12.35, 52.54.41.182, 184.73.80.41","ns-1239.awsdns-26.org, awsdns-hostmaster.amazon.com",NOERROR,,,,,,,,
[x],surveys.airtable.com,,"ns-1899.awsdns-45.co.uk, awsdns-hostmaster.amazon.com",NOERROR,,"v=spf1 include:_spf.google.com -all, google-site-verification=relxUhSvc7l8hTrD32jIN046CGP86qvHEp4BcHz_9DU",,,,"alt2.aspmx.l.google.com, aspmx.l.google.com, alt3.aspmx.l.google.com, alt4.aspmx.l.google.com, alt1.aspmx.l.google.com",,
[x],swcd.staging-airtableblocks.com,"52.54.41.182, 34.192.12.35, 184.73.80.41, 54.173.163.126","ns-1239.awsdns-26.org, awsdns-hostmaster.amazon.com",NOERROR,,,,,,,,
[x],technology.staging-airtableblocks.com,"34.192.12.35, 184.73.80.41, 52.54.41.182, 54.173.163.126","ns-1239.awsdns-26.org, awsdns-hostmaster.amazon.com",NOERROR,,,,,,,,
[x],test.staging-airtableblocks.com,"184.73.80.41, 34.192.12.35, 52.54.41.182, 54.173.163.126","ns-1239.awsdns-26.org, awsdns-hostmaster.amazon.com",NOERROR,,,,,,,,
[x],test2k.staging-airtableblocks.com,"52.54.41.182, 54.173.163.126, 184.73.80.41, 34.192.12.35","ns-1239.awsdns-26.org, awsdns-hostmaster.amazon.com",NOERROR,,,,,,,,
[x],theperfectoneact.staging-airtableblocks.com,"54.173.163.126, 184.73.80.41, 52.54.41.182, 34.192.12.35","ns-1239.awsdns-26.org, awsdns-hostmaster.amazon.com",NOERROR,,,,,,,,
[x],tls.staging-airtableblocks.com,"184.73.80.41, 52.54.41.182, 34.192.12.35, 54.173.163.126","ns-1239.awsdns-26.org, awsdns-hostmaster.amazon.com",NOERROR,,,,,,,,
[x],tool.staging-airtableblocks.com,"52.54.41.182, 184.73.80.41, 54.173.163.126, 34.192.12.35","ns-1239.awsdns-26.org, awsdns-hostmaster.amazon.com",NOERROR,"ns-1239.awsdns-26.org, ns-1686.awsdns-18.co.uk, ns-465.awsdns-58.com, ns-569.awsdns-07.net",,,,,,,
[x],try.airtable.com,"18.205.36.100, 54.157.58.70, 52.204.242.176, 54.162.128.250","dns1.p05.nsone.net, hostmaster.nsone.net",NOERROR,,,,,try.airtable.com.herokudns.com,,,
[x],tuqqna.staging-airtableblocks.com,"184.73.80.41, 54.173.163.126, 52.54.41.182, 34.192.12.35","ns-1239.awsdns-26.org, awsdns-hostmaster.amazon.com",NOERROR,,,,,,,,
[x],tutis.staging-airtableblocks.com,"54.173.163.126, 184.73.80.41, 34.192.12.35, 52.54.41.182","ns-1239.awsdns-26.org, awsdns-hostmaster.amazon.com",NOERROR,,,,,,,,
[x],twontest.staging-airtableblocks.com,"52.54.41.182, 34.192.12.35, 54.173.163.126, 184.73.80.41","ns-1239.awsdns-26.org, awsdns-hostmaster.amazon.com",NOERROR,,,,,,,,
[x],tx.staging-airtableblocks.com,"54.173.163.126, 184.73.80.41, 52.54.41.182, 34.192.12.35","ns-1239.awsdns-26.org, awsdns-hostmaster.amazon.com",NOERROR,,,,,,,,
[x],uddi.staging-airtableblocks.com,"54.173.163.126, 34.192.12.35, 52.54.41.182, 184.73.80.41","ns-1239.awsdns-26.org, awsdns-hostmaster.amazon.com",NOERROR,,,,,,,,
[x],uk.staging-airtableblocks.com,"52.54.41.182, 34.192.12.35, 54.173.163.126, 184.73.80.41","ns-1239.awsdns-26.org, awsdns-hostmaster.amazon.com",NOERROR,,,,,,,,
[x],unauthorized.staging-airtableblocks.com,"54.173.163.126, 184.73.80.41, 34.192.12.35, 52.54.41.182","ns-1239.awsdns-26.org, awsdns-hostmaster.amazon.com",NOERROR,,,,,,,,
[x],urluncoverpro.staging-airtableblocks.com,"54.173.163.126, 34.192.12.35, 52.54.41.182, 184.73.80.41","ns-1239.awsdns-26.org, awsdns-hostmaster.amazon.com",NOERROR,,,,,,,,
[x],us-east-1.staging-airtableblocks.com,,"ns-1239.awsdns-26.org, awsdns-hostmaster.amazon.com",NOERROR,,,,,,,,
[x],us-east.staging-airtableblocks.com,"184.73.80.41, 54.173.163.126, 34.192.12.35, 52.54.41.182","ns-1239.awsdns-26.org, awsdns-hostmaster.amazon.com",NOERROR,,,,,,,,
[x],useast.staging-airtableblocks.com,"184.73.80.41, 52.54.41.182, 34.192.12.35, 54.173.163.126","ns-1239.awsdns-26.org, awsdns-hostmaster.amazon.com",NOERROR,,,,,,,,
[x],uvpn.west.corp.tiaabankvoices-com.out.staging-airtableblocks.com,"52.54.41.182, 184.73.80.41, 34.192.12.35, 54.173.163.126","ns-1239.awsdns-26.org, awsdns-hostmaster.amazon.com",NOERROR,,,,,,,,
[x],vader.staging-airtableblocks.com,"52.54.41.182, 34.192.12.35, 184.73.80.41, 54.173.163.126","ns-1239.awsdns-26.org, awsdns-hostmaster.amazon.com",NOERROR,,,,,,,,
[x],vault.staging-airtableblocks.com,"54.173.163.126, 184.73.80.41, 34.192.12.35, 52.54.41.182","ns-1239.awsdns-26.org, awsdns-hostmaster.amazon.com",NOERROR,,,,,,,,
[x],vendor-api.staging-airtableblocks.com,"184.73.80.41, 34.192.12.35, 54.173.163.126, 52.54.41.182","ns-1239.awsdns-26.org, awsdns-hostmaster.amazon.com",NOERROR,,,,,,,,
[x],vendor.staging-airtableblocks.com,"34.192.12.35, 52.54.41.182, 184.73.80.41, 54.173.163.126","ns-1239.awsdns-26.org, awsdns-hostmaster.amazon.com",NOERROR,"ns-1239.awsdns-26.org, ns-1686.awsdns-18.co.uk, ns-465.awsdns-58.com, ns-569.awsdns-07.net",,,,,,,
[x],vendors.staging-airtableblocks.com,"52.54.41.182, 184.73.80.41, 54.173.163.126, 34.192.12.35","ns-1239.awsdns-26.org, awsdns-hostmaster.amazon.com",NOERROR,,,,,,,,
[x],video.staging-airtableblocks.com,"54.173.163.126, 184.73.80.41, 34.192.12.35, 52.54.41.182","ns-1239.awsdns-26.org, awsdns-hostmaster.amazon.com",NOERROR,,,,,,,,
[x],videos.airtable.com,"44.198.92.29, 3.223.166.122","ns-1199.awsdns-21.org, awsdns-hostmaster.amazon.com",NOERROR,,,,,tfhsejja.clienthubs.vidyard.com,,,
[x],view.staging-airtableblocks.com,"54.173.163.126, 52.54.41.182, 34.192.12.35, 184.73.80.41","ns-1239.awsdns-26.org, awsdns-hostmaster.amazon.com",NOERROR,,,,,,,,
[x],virusfacts.staging-airtableblocks.com,"54.173.163.126, 34.192.12.35, 52.54.41.182, 184.73.80.41","ns-1239.awsdns-26.org, awsdns-hostmaster.amazon.com",NOERROR,,,,,,,,
[x],virusxescape.staging-airtableblocks.com,"54.173.163.126, 184.73.80.41, 34.192.12.35, 52.54.41.182","ns-1239.awsdns-26.org, awsdns-hostmaster.amazon.com",NOERROR,,,,,,,,
[x],vpn.staging-airtableblocks.com,"34.192.12.35, 184.73.80.41, 54.173.163.126, 52.54.41.182","ns-1239.awsdns-26.org, awsdns-hostmaster.amazon.com",NOERROR,"ns-1239.awsdns-26.org, ns-1686.awsdns-18.co.uk, ns-465.awsdns-58.com, ns-569.awsdns-07.net",,,,,,,
[x],wap.staging-airtableblocks.com,"184.73.80.41, 52.54.41.182, 54.173.163.126, 34.192.12.35","ns-1239.awsdns-26.org, awsdns-hostmaster.amazon.com",NOERROR,,,,,,,,
[x],wavedromeditor.staging-airtableblocks.com,"54.173.163.126, 184.73.80.41, 52.54.41.182, 34.192.12.35","ns-1239.awsdns-26.org, awsdns-hostmaster.amazon.com",NOERROR,,,,,,,,
[x],web.staging-airtableblocks.com,"34.192.12.35, 54.173.163.126, 52.54.41.182, 184.73.80.41","ns-1239.awsdns-26.org, awsdns-hostmaster.amazon.com",NOERROR,,,,,,,,
[x],webhook.staging-airtableblocks.com,"54.173.163.126, 184.73.80.41, 34.192.12.35, 52.54.41.182","ns-1239.awsdns-26.org, awsdns-hostmaster.amazon.com",NOERROR,,,,,,,,
[x],webmail.staging-airtableblocks.com,"184.73.80.41, 54.173.163.126, 34.192.12.35, 52.54.41.182","ns-1239.awsdns-26.org, awsdns-hostmaster.amazon.com",NOERROR,,,,,,,,
[x],wfm-service.staging-airtableblocks.com,"54.173.163.126, 52.54.41.182, 34.192.12.35, 184.73.80.41","ns-1239.awsdns-26.org, awsdns-hostmaster.amazon.com",NOERROR,,,,,,,,
[x],whois.staging-airtableblocks.com,"184.73.80.41, 52.54.41.182, 54.173.163.126, 34.192.12.35","ns-1239.awsdns-26.org, awsdns-hostmaster.amazon.com",NOERROR,,,,,,,,
[x],wiki.staging-airtableblocks.com,"184.73.80.41, 34.192.12.35, 52.54.41.182, 54.173.163.126","ns-1239.awsdns-26.org, awsdns-hostmaster.amazon.com",NOERROR,,,,,,,,
[x],wordpress.staging-airtableblocks.com,"52.54.41.182, 34.192.12.35, 184.73.80.41, 54.173.163.126","ns-1239.awsdns-26.org, awsdns-hostmaster.amazon.com",NOERROR,,,,,,,,
[x],workhours.staging-airtableblocks.com,"54.173.163.126, 34.192.12.35, 52.54.41.182, 184.73.80.41","ns-1239.awsdns-26.org, awsdns-hostmaster.amazon.com",NOERROR,,,,,,,,
[x],wp.staging-airtableblocks.com,"184.73.80.41, 34.192.12.35, 52.54.41.182, 54.173.163.126","ns-1239.awsdns-26.org, awsdns-hostmaster.amazon.com",NOERROR,,,,,,,,
[x],write.staging-airtableblocks.com,"184.73.80.41, 52.54.41.182, 54.173.163.126, 34.192.12.35","ns-1239.awsdns-26.org, awsdns-hostmaster.amazon.com",NOERROR,,,,,,,,
[x],ww1.staging-airtableblocks.com,"184.73.80.41, 34.192.12.35, 52.54.41.182, 54.173.163.126","ns-1239.awsdns-26.org, awsdns-hostmaster.amazon.com",NOERROR,,,,,,,,
[x],www.airtable.com,"23.22.5.68, 54.237.159.171, 3.226.182.14, 52.21.227.162","dns1.p05.nsone.net, hostmaster.nsone.net",NOERROR,,,,,comparative-stream-ea2qit0lt0dppcamqke4uw0q.herokudns.com,,,
[x],www.kinderbuikencovrienden.staging-airtableblocks.com,,"ns-1239.awsdns-26.org, awsdns-hostmaster.amazon.com",NOERROR,,,,,,,,
[x],www.solutions-pour-une-vie-meilleure.staging-airtableblocks.com,"184.73.80.41, 34.192.12.35, 52.54.41.182, 54.173.163.126","ns-1239.awsdns-26.org, awsdns-hostmaster.amazon.com",NOERROR,,,,,,,,
[x],www.staging-airtableblocks.com,"54.173.163.126, 184.73.80.41, 34.192.12.35, 52.54.41.182","ns-1239.awsdns-26.org, awsdns-hostmaster.amazon.com",NOERROR,,,,,,,,
[x],www.staging.airtable.com,"3.226.182.14, 52.21.227.162, 23.22.5.68, 54.237.159.171","dns1.p05.nsone.net, hostmaster.nsone.net",NOERROR,,,,,calm-grasshopper-wdp8dodaoxirzacttd8k7k2k.herokudns.com,,,
[x],www1.staging-airtableblocks.com,"34.192.12.35, 52.54.41.182, 54.173.163.126, 184.73.80.41","ns-1239.awsdns-26.org, awsdns-hostmaster.amazon.com",NOERROR,"ns-1239.awsdns-26.org, ns-1686.awsdns-18.co.uk, ns-465.awsdns-58.com, ns-569.awsdns-07.net",,,,,,,
[x],www2.staging-airtableblocks.com,"184.73.80.41, 34.192.12.35, 52.54.41.182, 54.173.163.126","ns-1239.awsdns-26.org, awsdns-hostmaster.amazon.com",NOERROR,,,,,,,,
[x],ywprgoresstests.staging-airtableblocks.com,"34.192.12.35, 54.173.163.126, 184.73.80.41, 52.54.41.182","ns-1239.awsdns-26.org, awsdns-hostmaster.amazon.com",NOERROR,,,,,,,,
