input,title,status_code,content_length,tls_host,tls_port,tls_tls_version,tls_cipher,tls_not_before,tls_subject_dn,tls_subject_cn,tls_issuer_dn,tls_issuer_cn,tls_issuer_org_,tls_tls_connection,tls_sni,port,url,scheme,webserver,content_type,method,host,tech_,lines,tls_subject_org_,cdn
*.algolia.net,,,164,algolia.net,443,tls13,TLS_AES_256_GCM_SHA384,2022-12-20T00:00:00Z,"CN=algolia.net, O=Algolia, ST=California, C=US",algolia.net,"CN=Sectigo RSA Organization Validation Secure Server CA, O=Sectigo Limited, L=Salford, ST=Greater Manchester, C=GB",Sectigo RSA Organization Validation Secure Server CA,Sectigo Limited,ctls,algolia.net,443,https://algolia.net:443,https,nginx,application/json,GET,149.202.84.123,Nginx,1,Algolia,
*.algolianet.com,Algolianet.com,,132,algolianet.com,443,tls12,TLS_ECDHE_ECDSA_WITH_AES_128_GCM_SHA256,2022-06-10T00:00:00Z,"CN=sni.cloudflaressl.com, O=Cloudflare\, Inc., L=San Francisco, ST=California, C=US",sni.cloudflaressl.com,"CN=Cloudflare Inc ECC CA-3, O=Cloudflare\, Inc., C=US",Cloudflare Inc ECC CA-3,"Cloudflare, Inc.",ctls,algolianet.com,443,https://algolianet.com:443,https,cloudflare,text/html,GET,104.18.120.11,Cloudflare,7,"Cloudflare, Inc.",True
api.hackerone.com,HackerOne API,,8486,api.hackerone.com,443,tls13,TLS_AES_128_GCM_SHA256,2023-02-14T00:00:00Z,"CN=hackerone.com, O=HackerOne Inc., L=San Francisco, ST=California, C=US, serialNumber=5308693, businessCategory=Private Organization, jurisdictionStateOrProvince=Delaware, jurisdictionCountry=US, businessCategory=Private Organization, jurisdictionStateOrProvince=Delaware, jurisdictionCountry=US",hackerone.com,"CN=DigiCert SHA2 Extended Validation Server CA, OU=www.digicert.com, O=DigiCert Inc, C=US",DigiCert SHA2 Extended Validation Server CA,DigiCert Inc,ctls,api.hackerone.com,443,https://api.hackerone.com:443,https,cloudflare,text/html,GET,104.16.100.52,HSTS,360,HackerOne Inc.,True
asm-attachments.us-east-2.hackerone-user-content.com,,,281,asm-attachments.us-east-2.hackerone-user-content.com,443,tls13,TLS_AES_128_GCM_SHA256,2023-03-29T00:00:00Z,CN=asm-attachments.us-east-2.hackerone-user-content.com,asm-attachments.us-east-2.hackerone-user-content.com,"CN=Amazon RSA 2048 M02, O=Amazon, C=US",Amazon RSA 2048 M02,Amazon,ctls,asm-attachments.us-east-2.hackerone-user-content.com,443,https://asm-attachments.us-east-2.hackerone-user-content.com:443,https,AmazonS3,application/xml,GET,18.66.122.104,Amazon Web Services,2,,True
b5s.hackerone-ext-content.com,,,724,b5s.hackerone-ext-content.com,443,tls13,TLS_AES_128_GCM_SHA256,2023-02-28T00:00:00Z,CN=b5s.hackerone-ext-content.com,b5s.hackerone-ext-content.com,"CN=Amazon RSA 2048 M02, O=Amazon, C=US",Amazon RSA 2048 M02,Amazon,ctls,b5s.hackerone-ext-content.com,443,https://b5s.hackerone-ext-content.com:443,https,AmazonS3,text/html,GET,13.32.121.59,Amazon Web Services,13,,True
cdn.ctf.hacker101.com,,,22,cdn.ctf.hacker101.com,443,tls12,TLS_ECDHE_RSA_WITH_AES_128_GCM_SHA256,2023-02-07T00:00:00Z,CN=*.ctf.hacker101.com,*.ctf.hacker101.com,"CN=Amazon RSA 2048 M02, O=Amazon, C=US",Amazon RSA 2048 M02,Amazon,ctls,cdn.ctf.hacker101.com,443,https://cdn.ctf.hacker101.com:443,https,openresty/1.21.4.1,text/html,GET,52.43.144.50,OpenResty:1.21.4.1,2,,
cdn.jsdelivr.net,"jsDelivr - A free, fast, and reliable CDN for JS and open source",,44736,www.jsdelivr.com,443,tls13,TLS_AES_256_GCM_SHA384,2023-02-18T00:00:00Z,CN=jsdelivr.com,jsdelivr.com,"CN=Sectigo RSA Domain Validation Secure Server CA, O=Sectigo Limited, L=Salford, ST=Greater Manchester, C=GB",Sectigo RSA Domain Validation Secure Server CA,Sectigo Limited,ctls,www.jsdelivr.com,443,https://cdn.jsdelivr.net:443,https,nginx,text/html,GET,151.101.1.229,Nginx,55,,True
cover-photos.us-east-2.hackerone-user-content.com,,,243,cover-photos.us-east-2.hackerone-user-content.com,443,tls13,TLS_AES_128_GCM_SHA256,2023-02-10T00:00:00Z,CN=cover-photos.us-east-2.hackerone-user-content.com,cover-photos.us-east-2.hackerone-user-content.com,"CN=Amazon RSA 2048 M01, O=Amazon, C=US",Amazon RSA 2048 M01,Amazon,ctls,cover-photos.us-east-2.hackerone-user-content.com,443,https://cover-photos.us-east-2.hackerone-user-content.com:443,https,AmazonS3,application/xml,GET,13.32.27.21,Amazon Web Services,2,,True
ctf.hacker101.com,Hacker101 CTF,,3769,ctf.hacker101.com,443,tls12,TLS_ECDHE_RSA_WITH_AES_128_GCM_SHA256,2023-02-06T00:00:00Z,CN=ctf.hacker101.com,ctf.hacker101.com,"CN=Amazon RSA 2048 M01, O=Amazon, C=US",Amazon RSA 2048 M01,Amazon,ctls,ctf.hacker101.com,443,https://ctf.hacker101.com:443,https,,text/html,GET,35.85.250.162,Ruby on Rails,73,,
docs.hackerone.com,HackerOne Platform Documentation,,60390,docs.hackerone.com,443,tls13,TLS_AES_256_GCM_SHA384,2023-04-18T16:14:27Z,CN=docs.hackerone.com,docs.hackerone.com,"CN=R3, O=Let's Encrypt, C=US",R3,Let's Encrypt,ctls,docs.hackerone.com,443,https://docs.hackerone.com:443,https,GitHub.com,text/html,GET,185.199.110.153,webpack,69,,
hackathon-photos.us-east-2.hackerone-user-content.com,,,243,hackathon-photos.us-east-2.hackerone-user-content.com,443,tls13,TLS_AES_128_GCM_SHA256,2023-02-10T00:00:00Z,CN=hackathon-photos.us-east-2.hackerone-user-content.com,hackathon-photos.us-east-2.hackerone-user-content.com,"CN=Amazon RSA 2048 M01, O=Amazon, C=US",Amazon RSA 2048 M01,Amazon,ctls,hackathon-photos.us-east-2.hackerone-user-content.com,443,https://hackathon-photos.us-east-2.hackerone-user-content.com:443,https,AmazonS3,application/xml,GET,143.204.89.74,Amazon Web Services,2,,True
hacker101.com,Home | Hacker101,,7917,www.hacker101.com,443,tls13,TLS_AES_256_GCM_SHA384,2023-04-06T19:54:58Z,CN=www.hacker101.com,www.hacker101.com,"CN=R3, O=Let's Encrypt, C=US",R3,Let's Encrypt,ctls,www.hacker101.com,443,https://hacker101.com:443,https,GitHub.com,text/html,GET,104.18.192.12,Varnish,171,,True
hackerone-ext-content.com,HackerOne | #1 Trusted Security Platform and Hacker Program,,138683,www.hackerone.com,443,tls13,TLS_AES_128_GCM_SHA256,2023-02-14T00:00:00Z,"CN=hackerone.com, O=HackerOne Inc., L=San Francisco, ST=California, C=US, serialNumber=5308693, businessCategory=Private Organization, jurisdictionStateOrProvince=Delaware, jurisdictionCountry=US, businessCategory=Private Organization, jurisdictionStateOrProvince=Delaware, jurisdictionCountry=US",hackerone.com,"CN=DigiCert SHA2 Extended Validation Server CA, OU=www.digicert.com, O=DigiCert Inc, C=US",DigiCert SHA2 Extended Validation Server CA,DigiCert Inc,ctls,www.hackerone.com,443,https://hackerone-ext-content.com:443,https,cloudflare,text/html,GET,104.18.110.82,Varnish,6,HackerOne Inc.,True
hackerone-user-content.com,HackerOne | #1 Trusted Security Platform and Hacker Program,,138683,www.hackerone.com,443,tls13,TLS_AES_128_GCM_SHA256,2023-02-14T00:00:00Z,"CN=hackerone.com, O=HackerOne Inc., L=San Francisco, ST=California, C=US, serialNumber=5308693, businessCategory=Private Organization, jurisdictionStateOrProvince=Delaware, jurisdictionCountry=US, businessCategory=Private Organization, jurisdictionStateOrProvince=Delaware, jurisdictionCountry=US",hackerone.com,"CN=DigiCert SHA2 Extended Validation Server CA, OU=www.digicert.com, O=DigiCert Inc, C=US",DigiCert SHA2 Extended Validation Server CA,DigiCert Inc,ctls,www.hackerone.com,443,https://hackerone-user-content.com:443,https,cloudflare,text/html,GET,104.18.107.24,Varnish,6,HackerOne Inc.,True
hackerone.com,HackerOne | #1 Trusted Security Platform and Hacker Program,,138683,www.hackerone.com,443,tls13,TLS_AES_128_GCM_SHA256,2023-02-14T00:00:00Z,"CN=hackerone.com, O=HackerOne Inc., L=San Francisco, ST=California, C=US, serialNumber=5308693, businessCategory=Private Organization, jurisdictionStateOrProvince=Delaware, jurisdictionCountry=US, businessCategory=Private Organization, jurisdictionStateOrProvince=Delaware, jurisdictionCountry=US",hackerone.com,"CN=DigiCert SHA2 Extended Validation Server CA, OU=www.digicert.com, O=DigiCert Inc, C=US",DigiCert SHA2 Extended Validation Server CA,DigiCert Inc,ctls,www.hackerone.com,443,https://hackerone.com:443,https,cloudflare,text/html,GET,104.16.100.52,Varnish,6,HackerOne Inc.,True
hackerone.net,HackerOne | #1 Trusted Security Platform and Hacker Program,,138683,www.hackerone.com,443,tls13,TLS_AES_128_GCM_SHA256,2023-02-14T00:00:00Z,"CN=hackerone.com, O=HackerOne Inc., L=San Francisco, ST=California, C=US, serialNumber=5308693, businessCategory=Private Organization, jurisdictionStateOrProvince=Delaware, jurisdictionCountry=US, businessCategory=Private Organization, jurisdictionStateOrProvince=Delaware, jurisdictionCountry=US",hackerone.com,"CN=DigiCert SHA2 Extended Validation Server CA, OU=www.digicert.com, O=DigiCert Inc, C=US",DigiCert SHA2 Extended Validation Server CA,DigiCert Inc,ctls,www.hackerone.com,443,https://hackerone.net:443,https,cloudflare,text/html,GET,104.17.234.53,Varnish,6,HackerOne Inc.,True
marketing-assets.us-east-2.hackerone-user-content.com,,,243,marketing-assets.us-east-2.hackerone-user-content.com,443,tls13,TLS_AES_128_GCM_SHA256,2023-02-10T00:00:00Z,CN=marketing-assets.us-east-2.hackerone-user-content.com,marketing-assets.us-east-2.hackerone-user-content.com,"CN=Amazon RSA 2048 M01, O=Amazon, C=US",Amazon RSA 2048 M01,Amazon,ctls,marketing-assets.us-east-2.hackerone-user-content.com,443,https://marketing-assets.us-east-2.hackerone-user-content.com:443,https,AmazonS3,application/xml,GET,18.66.147.20,Amazon Web Services,2,,True
mta-sts.hackerone.com,Page not found Â· GitHub Pages,,9339,mta-sts.hackerone.com,443,tls13,TLS_AES_256_GCM_SHA384,2023-03-21T13:20:54Z,CN=mta-sts.hackerone.com,mta-sts.hackerone.com,"CN=R3, O=Let's Encrypt, C=US",R3,Let's Encrypt,ctls,mta-sts.hackerone.com,443,https://mta-sts.hackerone.com:443,https,GitHub.com,text/html,GET,185.199.110.153,Varnish,89,,
support.hackerone.com,Support : HackerOne Support Portal,,12430,support.hackerone.com,443,tls12,TLS_ECDHE_RSA_WITH_AES_128_GCM_SHA256,2023-04-28T23:02:36Z,CN=support.hackerone.com,support.hackerone.com,"CN=R3, O=Let's Encrypt, C=US",R3,Let's Encrypt,ctls,support.hackerone.com,443,https://support.hackerone.com:443,https,fwe,text/html,GET,35.170.97.33,Ruby on Rails,305,,
"www.google-analytics.com
",Analytics Tools & Solutions for Your Business - Google Analytics,,118519,marketingplatform.google.com,443,tls13,TLS_AES_128_GCM_SHA256,2023-04-17T08:16:32Z,CN=*.google.com,*.google.com,"CN=GTS CA 1C3, O=Google Trust Services LLC, C=US",GTS CA 1C3,Google Trust Services LLC,ctls,marketingplatform.google.com,443,https://www.google-analytics.com:443,https,sffe,text/html,GET,142.250.184.238,HTTP/3,1831,,
www.hacker101.com,Home | Hacker101,,7917,www.hacker101.com,443,tls13,TLS_AES_256_GCM_SHA384,2023-04-06T19:54:58Z,CN=www.hacker101.com,www.hacker101.com,"CN=R3, O=Let's Encrypt, C=US",R3,Let's Encrypt,ctls,www.hacker101.com,443,https://www.hacker101.com:443,https,GitHub.com,text/html,GET,185.199.109.153,Varnish,171,,
www.hackerone.com,HackerOne | #1 Trusted Security Platform and Hacker Program,,138683,www.hackerone.com,443,tls13,TLS_AES_128_GCM_SHA256,2023-02-14T00:00:00Z,"CN=hackerone.com, O=HackerOne Inc., L=San Francisco, ST=California, C=US, serialNumber=5308693, businessCategory=Private Organization, jurisdictionStateOrProvince=Delaware, jurisdictionCountry=US, businessCategory=Private Organization, jurisdictionStateOrProvince=Delaware, jurisdictionCountry=US",hackerone.com,"CN=DigiCert SHA2 Extended Validation Server CA, OU=www.digicert.com, O=DigiCert Inc, C=US",DigiCert SHA2 Extended Validation Server CA,DigiCert Inc,ctls,www.hackerone.com,443,https://www.hackerone.com:443,https,cloudflare,text/html,GET,104.16.99.52,Varnish,6,HackerOne Inc.,True
www.hackerone.net,HackerOne | #1 Trusted Security Platform and Hacker Program,,138683,www.hackerone.com,443,tls13,TLS_AES_128_GCM_SHA256,2023-02-14T00:00:00Z,"CN=hackerone.com, O=HackerOne Inc., L=San Francisco, ST=California, C=US, serialNumber=5308693, businessCategory=Private Organization, jurisdictionStateOrProvince=Delaware, jurisdictionCountry=US, businessCategory=Private Organization, jurisdictionStateOrProvince=Delaware, jurisdictionCountry=US",hackerone.com,"CN=DigiCert SHA2 Extended Validation Server CA, OU=www.digicert.com, O=DigiCert Inc, C=US",DigiCert SHA2 Extended Validation Server CA,DigiCert Inc,ctls,www.hackerone.com,443,https://www.hackerone.net:443,https,cloudflare,text/html,GET,104.17.234.53,Varnish,6,HackerOne Inc.,True
