new,host,a,aaaa,cname,soa,status_code,txt,cdn,cdn-name,ns,mx,caa
[x],10weken.valtaf.ad.nl,54.144.128.85,,www.valtaf.nl,,NOERROR,,,,,,
[x],abonnement.ad.nl,"95.101.111.144, 95.101.111.181","2a02:26f0:480:23::1726:62b6, 2a02:26f0:480:23::1726:62a7","shops.tapp.dpgmedia.cloud.edgekey.net, e115161.dscb.akamaiedge.net","n0dscb.akamaiedge.net, hostmaster.akamai.com",NOERROR,,,,,,
[x],abonnementen.ad.nl,"92.123.189.88, 92.123.189.105","2a02:26f0:d8::1740:c32, 2a02:26f0:d8::1740:c43","ad.shops.tapp.dpgmedia.cloud, shops.tapp.dpgmedia.cloud.edgekey.net, e115161.dscb.akamaiedge.net","n0dscb.akamaiedge.net, hostmaster.akamai.com",NOERROR,,,,,,
[x],acc-webshop.ad.nl,83.138.137.59,,,"ns1-25.akam.net, hostmaster.persgroep.be",NOERROR,,,,,,
[x],acc.ad.nl,"95.101.74.141, 95.101.74.152","2a02:26f0:c900:9::5f65:4a98, 2a02:26f0:c900:9::5f65:4a8d","ad.dpp.edgekey.net, e15437.dscb.akamaiedge.net","n0dscb.akamaiedge.net, hostmaster.akamai.com",NOERROR,,,,,,
[x],acc.kcc.ad.nl,83.138.137.59,,,"ns1-25.akam.net, hostmaster.persgroep.be",NOERROR,,,,,,
[x],acc.voordeel.ad.nl,"23.3.88.35, 23.3.88.48","2a02:26f0:ab00::214:8e72, 2a02:26f0:ab00::5c7a:d72b","common2.dpp.edgekey.net, e12230.dscb.akamaiedge.net","n0dscb.akamaiedge.net, hostmaster.akamai.com",NOERROR,,,,,,
[x],acc.webwinkel.ad.nl,83.138.137.59,,,"ns1-25.akam.net, hostmaster.persgroep.be",NOERROR,,,,,,
[x],acceptance-abonnement.ad.nl,"95.101.74.147, 95.101.74.160","2a02:26f0:c900:9::5f65:4aa0, 2a02:26f0:c900:9::5f65:4a93","shops.tapp.dpgmedia.cloud.edgekey.net, e115161.dscb.akamaiedge.net","n0dscb.akamaiedge.net, hostmaster.akamai.com",NOERROR,,,,,,
[x],acceptance-opzeggen.ad.nl,"104.110.240.8, 2.19.195.202","2a02:26f0:b200::58dd:1963, 2a02:26f0:b200::58dd:1968","ret.tapp.dpgmedia.cloud.edgekey.net, e123828.dscb.akamaiedge.net","n0dscb.akamaiedge.net, hostmaster.akamai.com",NOERROR,,,,,,
[x],account.ad.nl,"2.16.100.35, 2.16.101.65","2a02:26f0:ee00::216:f0c1, 2a02:26f0:ee00::216:f0e1","dpgm-account.edgekey.net, e123360.dscb.akamaiedge.net, e123360.dscb.akamaiedge.net.0.1.cn.akamaiedge.net","n0cn.akamaiedge.net, hostmaster.akamai.com",NOERROR,,,,,,
[x],accounts.ad.nl,,,"accounts-ad-nl.sslproxy.gigya.com, sslproxy.eu1.gigya.com, lb.eu1.gigya.com","dns1.p01.nsone.net, hostmaster.nsone.net",NOERROR,,,,,,
[x],accounts.nieuw-demo.ad.nl,,,"accounts-ad-nl.sslproxy.gigya.com, sslproxy.eu1.gigya.com, lb.eu1.gigya.com","ns-1877.awsdns-42.co.uk, awsdns-hostmaster.amazon.com, dns1.p01.nsone.net, hostmaster.nsone.net",NOERROR,,,,,,
[x],ad.nl,"80.239.254.40, 95.101.133.11","2001:2030:0:4e::50ef:964b, 2001:2030:0:4e::50ef:9632",,"ns1-25.akam.net, hostmaster.persgroep.be",NOERROR,"detectify-verification=b23ec206c9c447b3c3d2fbc1806a1655, facebook-domain-verification=l0cpwfgmh39jmcppqnpzsavn6vfbym, persgroep-ecommerce-prod.azurewebsites.net, google-site-verification=Q6YQ64ke6TlWdZj11sHAZuRwW3ZQP_5kJe0fa-4Ibz8, MS=ms98101832, v=spf1 ip4:146.185.48.0/21 ip4:87.249.123.155 ip4:194.88.230.32/27 ip4:194.88.231.0/24 ip4:80.69.72.128/28 ip4:87.253.151.0/24 ip4:79.143.217.1/24,  ip4:87.233.195.0/24 ip4:87.233.192.0/24 ip4:217.68.27.250 ip4:217.68.27.206 include:et._spf.pardot.com include:_spf.google.com include:amazonses.com include:spf.flowmailer.net include:spf.mailjet.com ~all, aq/y8YjzqXz57FXpz4++n9aqbPvGidHtNEm1UHWbOOqBmYgkP9KzQWtk+jD9Cgembsc0OP4g3SeH4FU9TpiqyA==, amazonses:rhn3PfHSIU1aL9rljhmWkLHtTVBrjDRXlwiL6tJu/b0=, google-site-verification=ImiCz3F0ml9AuIUzmyIlpCYS18yjXhIIB9vBasN2Yew, facebook-domain-verification=qpjos3w5ewnijbdbv6v9ntfyxqccje",,,"use2.akam.net, usc2.akam.net, eur2.akam.net, eur6.akam.net, use5.akam.net, ns1-25.akam.net, ns1-125.akam.net, eur5.akam.net","alt2.aspmx.l.google.com, aspmx.l.google.com, alt1.aspmx.l.google.com, aspmx3.googlemail.com, aspmx2.googlemail.com",
[x],adextra.ad.nl,146.185.53.23,,dpp-public-cl21.persgroep-ops.net,"ns1-25.akam.net, hostmaster.persgroep.be",NOERROR,,,,,,
[x],advertorial.ad.nl,"95.101.111.151, 95.101.111.170","2a02:26f0:3500:14::1724:a24e, 2a02:26f0:3500:14::1724:a254","ad.dpp.edgekey.net, e15437.dscb.akamaiedge.net","n0dscb.akamaiedge.net, hostmaster.akamai.com",NOERROR,,,,,,
[x],advertorials.ad.nl,,,,"ns1-25.akam.net, hostmaster.persgroep.be",NOERROR,,,,,,
[x],autotrack.ad.nl,146.185.53.23,,dpp-public-cl21.persgroep-ops.net,"ns1-25.akam.net, hostmaster.persgroep.be",NOERROR,,,,,,
[x],beta.verkiezingen.ad.nl,146.185.53.23,,dpp-public-cl21.persgroep-ops.net,"ns1-25.akam.net, hostmaster.persgroep.be",NOERROR,,,,,,
[x],betaald.ad.nl,145.222.140.39,,,"ns1-25.akam.net, hostmaster.persgroep.be",NOERROR,,,,,,
[x],br3gje.valtaf.ad.nl,,,www.valtaf.nl,,NOERROR,,,,,,
[x],branded-content.ad.nl,178.128.243.231,,"dpg-brandedcontent.h5mag.com, ams-6.h5mag.net","ns-332.awsdns-41.com, awsdns-hostmaster.amazon.com",NOERROR,v=spf1 ip4:85.222.229.53 ip6:2a02:348:b2:e535::1 ip6:2a02:348:7f:c819::1 include:_spf.google.com -all,,,,,letsencrypt.org
[x],brandedcontent.ad.nl,"23.3.88.9, 23.3.88.24, 23.3.88.66","2a02:26f0:ab00::5c7a:d730, 2a02:26f0:ab00::214:8e70","ad.dpp.edgekey.net, e15437.dscb.akamaiedge.net","n0dscb.akamaiedge.net, hostmaster.akamai.com",NOERROR,,,,,,
[x],caps.ad.nl,,,,"ns1-25.akam.net, hostmaster.persgroep.be",NOERROR,,,,,,
[x],chronisch.ad.nl,34.91.151.1,,s1.instantmagazine.com,"ns-cloud-c1.googledomains.com, cloud-dns-hostmaster.google.com",NOERROR,,True,google,,,
[x],circulation.ad.nl,164.92.144.12,,dpg.pexi.nl,"ns1.digitalocean.com, hostmaster.pexi.nl",NOERROR,,,,,,
[x],club.ad.nl,"95.101.74.139, 95.101.74.150","2a02:26f0:c900:9::5f65:4a8b, 2a02:26f0:c900:9::5f65:4a96","dpp-ad-wc.edgekey.net, e15537.dscb.akamaiedge.net","n0dscb.akamaiedge.net, hostmaster.akamai.com",NOERROR,,,,,,
[x],cmp.ad.nl,"52.222.139.43, 52.222.139.27, 52.222.139.5, 52.222.139.19",,cdn-1294.privacy-mgmt.com,"ns-840.awsdns-41.net, awsdns-hostmaster.amazon.com",NOERROR,,True,cloudfront,,,
[x],cms1.valtaf.ad.nl,54.144.128.85,,www.valtaf.nl,,NOERROR,,,,,,
[x],dagkrant.ad.nl,146.185.54.239,,www5524.persgroep.be,"ns1-25.akam.net, hostmaster.persgroep.be",NOERROR,,,,,,
[x],data.ad.nl,146.185.53.23,,,"ns1-25.akam.net, hostmaster.persgroep.be",NOERROR,,,,,,
[x],dev-krant.ad.nl,,,e-pages.pub,"ns1.dlx.dk, ks.dlx.dk",NOERROR,,,,"ns1.dlx.dk, ns2.dlx.dk",mail.dlx.dk,
[x],dev-service.ad.nl,"2.16.100.43, 2.16.100.48","2a02:26f0:ee00::216:f09b, 2a02:26f0:ee00::216:f0c1","dpp-ad-wc.edgekey.net, e15537.dscb.akamaiedge.net, e15537.dscb.akamaiedge.net.0.1.cn.akamaiedge.net","n0cn.akamaiedge.net, hostmaster.akamai.com",NOERROR,,,,,,
[x],developers.valtaf.ad.nl,,,www.valtaf.nl,,NOERROR,,,,,,
[x],digitalekrant.ad.nl,,,www.e-pages.dk,"ns1.dlx.dk, ks.dlx.dk",NOERROR,,,,,,
[x],e.email.ad.nl,"185.136.65.7, 185.136.64.6, 185.136.65.6, 185.136.64.7",,web.flowmailer.net,"ns1.flowmailer.net, contact.flowmailer.net",NOERROR,v=spf1 include:spf.flowmailer.net ~all,,,,return.flowmailer.net,"digicert.com, mailto:abuse@flowmailer.com, quovadisglobal.com, letsencrypt.org, entrust.net, sectigo.com"
[x],ekpoule.ad.nl,91.224.164.221,,,"ns1-25.akam.net, hostmaster.persgroep.be",NOERROR,,,,,,
[x],embed.ad.nl,,,,"ns1-25.akam.net, hostmaster.persgroep.be",NOERROR,,,,,,
[x],esales-test.ad.nl,"95.101.111.161, 95.101.111.168","2a02:26f0:480:23::1726:62ab, 2a02:26f0:480:23::1726:6296","esales-test.ad.nl.edgekey.net, e15537.dscb.akamaiedge.net","n0dscb.akamaiedge.net, hostmaster.akamai.com",NOERROR,,,,,,
[x],esales.ad.nl,"92.123.189.41, 92.123.189.33","2a02:26f0:d8::1740:c33, 2a02:26f0:d8::1740:c30","dpp-ad-wc.edgekey.net, e15537.dscb.akamaiedge.net","n0dscb.akamaiedge.net, hostmaster.akamai.com",NOERROR,,,,,,
[x],europa.verkiezingen.ad.nl,146.185.53.23,,dpp-public-cl21.persgroep-ops.net,"ns1-25.akam.net, hostmaster.persgroep.be",NOERROR,,,,,,
[x],familieberichten.ad.nl,,,dpp-public-cl21.persgroep-ops.net,"ns1-25.akam.net, hostmaster.persgroep.be",NOERROR,,,,,,
[x],fbweb.ad.nl,146.185.53.23,,dpp-public-cl21.persgroep-ops.net,"ns1-25.akam.net, hostmaster.persgroep.be",NOERROR,,,,,,
[x],files.ad.nl,213.239.201.80,,,"ns1-25.akam.net, hostmaster.persgroep.be",NOERROR,,,,,,
[x],ftp-in.ad.nl,146.185.54.156,,ftp14101.persgroep.be,"ns1-25.akam.net, hostmaster.persgroep.be",NOERROR,,,,,,
[x],geheimvanrotterdam.ad.nl,146.185.53.23,,dpp-public-cl21.persgroep-ops.net,"ns1-25.akam.net, hostmaster.persgroep.be",NOERROR,,,,,,
[x],geldmeter.ad.nl,"108.157.229.35, 108.157.229.8, 108.157.229.48, 108.157.229.11",,,"ns-1693.awsdns-19.co.uk, awsdns-hostmaster.amazon.com",NOERROR,,True,cloudfront,"ns-808.awsdns-37.net, ns-1189.awsdns-20.org, ns-1693.awsdns-19.co.uk, ns-251.awsdns-31.com",,
[x],h-135-207-127-17.nieuw-demo.ad.nl,,,,,NOERROR,,,,,,
[x],horoscoop.ad.nl,185.71.61.104,2a03:38a0:61:104::1,www.tophoroscoop.nl,"ns1.cobytes.io, hostmaster.tophoroscoop.nl",NOERROR,,,,,,
[x],horoscoop.www.ad.nl,185.71.61.104,,www.tophoroscoop.nl,"ns1.cobytes.io, hostmaster.tophoroscoop.nl",NOERROR,,,,,,
[x],identificatie.ad.nl,,,,"ns1-25.akam.net, hostmaster.persgroep.be",NOERROR,,,,,,
[x],ikstaindekrant.ad.nl,146.185.53.23,,dpp-public-cl21.persgroep-ops.net,"ns1-25.akam.net, hostmaster.persgroep.be",NOERROR,,,,,,
[x],ims.ad.nl,"92.123.189.41, 92.123.189.33",,"dpp-ad-wc.edgekey.net, e15537.dscb.akamaiedge.net","n0dscb.akamaiedge.net, hostmaster.akamai.com",NOERROR,,,,,,
[x],inapp-krant.ad.nl,"46.30.126.147, 46.30.126.156, 46.30.121.210, 185.208.212.124","2a00:1b18:1337:1337::53, 2a00:1b19:1337:1337::53",e-pages.pub,"ns1.dlx.dk, ks.dlx.dk",NOERROR,v=spf1 include:_spf.mail.dlx.dk ?all,,,"ns1.dlx.dk, ns2.dlx.dk",mail.dlx.dk,
[x],infostrada.ad.nl,146.185.53.23,,dpp-public-cl21.persgroep-ops.net,"ns1-25.akam.net, hostmaster.persgroep.be",NOERROR,,,,,,
[x],ip162-118-59-62.ad.nl,54.144.128.85,,,,NOERROR,,,,,,
[x],kcc.ad.nl,92.52.83.86,,,"ns1-25.akam.net, hostmaster.persgroep.be",NOERROR,,,,,,
[x],kortingscodes.ad.nl,"13.32.208.51, 13.32.208.81, 13.32.208.85, 13.32.208.95",,ad.gsgwls.com,"ns-2035.awsdns-62.co.uk, awsdns-hostmaster.amazon.com",NOERROR,,True,cloudfront,,,
[x],krant.ad.nl,"46.30.126.156, 46.30.126.147, 46.30.121.210, 185.208.212.124","2a00:1b18:1337:1337::53, 2a00:1b19:1337:1337::53",e-pages.pub,"ns1.dlx.dk, ks.dlx.dk",NOERROR,v=spf1 include:_spf.mail.dlx.dk ?all,,,"ns1.dlx.dk, ns2.dlx.dk",mail.dlx.dk,
[x],landingpage.ad.nl,"104.110.240.17, 2.19.195.235, 104.110.240.48, 2.19.195.216, 104.110.240.11, 104.110.240.9, 2.19.195.193, 2.19.195.240, 2.19.195.178","2a02:26f0:b200::58dd:1948, 2a02:26f0:b200::58dd:1951","dpp-ad-wc.edgekey.net, e15537.dscb.akamaiedge.net","n0dscb.akamaiedge.net, hostmaster.akamai.com",NOERROR,,,,,,
[x],lezersservice.ad.nl,213.171.132.133,,,"ns1-25.akam.net, hostmaster.persgroep.be",NOERROR,,,,,,
[x],live.ad.nl,"95.101.111.151, 95.101.111.170","2a02:26f0:3500:14::1724:a254, 2a02:26f0:3500:14::1724:a24e","ad.dpp.edgekey.net, e15437.dscb.akamaiedge.net","n0dscb.akamaiedge.net, hostmaster.akamai.com",NOERROR,,,,,,
[x],local.kcc.ad.nl,146.185.53.23,,dpp-public-cl21.persgroep-ops.net,"ns1-25.akam.net, hostmaster.persgroep.be",NOERROR,,,,,,
[x],local.webwinkel.ad.nl,146.185.53.23,,dpp-public-cl21.persgroep-ops.net,"ns1-25.akam.net, hostmaster.persgroep.be",NOERROR,,,,,,
[x],login.ad.nl,"23.3.88.99, 23.3.88.51","2a02:26f0:ab00::214:8e60, 2a02:26f0:ab00::214:8e68","dpp-ad-wc.edgekey.net, e15537.dscb.akamaiedge.net","n0dscb.akamaiedge.net, hostmaster.akamai.com",NOERROR,,,,,,
[x],login2.ad.nl,"95.101.74.150, 95.101.74.139","2a02:26f0:c900:9::5f65:4a8b, 2a02:26f0:c900:9::5f65:4a96","dpp-ad-wc.edgekey.net, e15537.dscb.akamaiedge.net","n0dscb.akamaiedge.net, hostmaster.akamai.com",NOERROR,,,,,,
[x],m.ad.nl,146.185.53.23,,dpp-public-cl21.persgroep-ops.net,"ns1-25.akam.net, hostmaster.persgroep.be",NOERROR,,,,,,
[x],magiclink.ad.nl,,,d3j4h7m751u6hv.cloudfront.net,"ns-418.awsdns-52.com, hostmaster.cloudfront.net",NOERROR,,,,,,
[x],mailagent.ad.nl,146.185.53.23,,dpp-public-cl21.persgroep-ops.net,"ns1-25.akam.net, hostmaster.persgroep.be",NOERROR,,,,,,
[x],marketingactie.ad.nl,"2.16.241.139, 2.16.241.160","2a02:26f0:480:c::210:f18b, 2a02:26f0:480:c::210:f1a0","dpp-ad-wc.edgekey.net, e15537.dscb.akamaiedge.net","n0dscb.akamaiedge.net, hostmaster.akamai.com",NOERROR,,,,,,
[x],mijn.ad.nl,"95.101.74.150, 95.101.74.139","2a02:26f0:c900:9::5f65:4a96, 2a02:26f0:c900:9::5f65:4a8b","dpp-ad-wc.edgekey.net, e15537.dscb.akamaiedge.net","n0dscb.akamaiedge.net, hostmaster.akamai.com",NOERROR,,,,,,
[x],mijnomgeving-acc.ad.nl,"23.47.144.147, 23.47.144.141","2600:1408:7400::17de:4fb1, 2600:1408:7400::17de:4fb2","dpp-ad-wc.edgekey.net, e15537.dscb.akamaiedge.net","n0dscb.akamaiedge.net, hostmaster.akamai.com",NOERROR,,,,,,
[x],mijnomgeving.ad.nl,"23.3.88.51, 23.3.88.99","2a02:26f0:ab00::214:8e68, 2a02:26f0:ab00::214:8e60","dpp-ad-wc.edgekey.net, e15537.dscb.akamaiedge.net","n0dscb.akamaiedge.net, hostmaster.akamai.com",NOERROR,,,,,,
[x],mobileapi.ad.nl,"95.101.133.51, 80.239.254.34","2001:2030:0:4e::50ef:9609, 2001:2030:0:4e::50ef:9643, 2001:2030:0:4e::50ef:964b, 2001:2030:0:4e::50ef:9628","ad.dpp.edgekey.net, e15437.dscb.akamaiedge.net","n0dscb.akamaiedge.net, hostmaster.akamai.com",NOERROR,,,,,,
[x],mooisteshirt.ad.nl,93.119.11.64,,vps05.tdebv.nl,"ns-2003.awsdns-58.co.uk, awsdns-hostmaster.amazon.com",NOERROR,,,,"ns-1091.awsdns-08.org, ns-164.awsdns-20.com, ns-2003.awsdns-58.co.uk, ns-793.awsdns-35.net",,
[x],new.ad.nl,146.185.53.23,,dpp-public-cl21.persgroep-ops.net,"ns1-25.akam.net, hostmaster.persgroep.be",NOERROR,,,,,,
[x],nieuw-demo.ad.nl,,,,"ns1-25.akam.net, hostmaster.persgroep.be",NOERROR,,,,,,
[x],nieuw.ad.nl,146.185.53.23,,dpp-public-cl21.persgroep-ops.net,"ns1-25.akam.net, hostmaster.persgroep.be",NOERROR,,,,,,
[x],opzeggen.ad.nl,"2.19.195.202, 104.110.240.8","2a02:26f0:b200::58dd:1968, 2a02:26f0:b200::58dd:1963","ret.tapp.dpgmedia.cloud.edgekey.net, e123828.dscb.akamaiedge.net","n0dscb.akamaiedge.net, hostmaster.akamai.com",NOERROR,,,,,,
[x],partnercontent.ad.nl,83.96.170.79,,,"ns1-25.akam.net, hostmaster.persgroep.be",NOERROR,,,,,,
[x],pelikaantje.valtaf.ad.nl,54.144.128.85,2602:fcbc:0:3::11,www.valtaf.nl,,NOERROR,,,,,,
[x],pmail.ad.nl,212.6.132.213,,,"ns0.isprit2.de, hostmaster.xq11.com",NOERROR,v=spf1 include:_spf.xqueue.com ~all,,,"ns1.isprit2.de, ns0.isprit2.de",mta.pf.xqueue.de,
[x],profcoach.ad.nl,"5.22.145.16, 5.22.145.121","2a00:18e0:5:3:dfe2:c743:85aa:61bc, 2a00:18e0:5:2:7577:4e4d:413b:f507",ad.profcoach.nl,"ns1.brandshelter.com, tech.brandshelter.com",NOERROR,,,,,,
[x],rondemaster.ad.nl,146.185.54.230,,www5515.persgroep.be,"ns1-25.akam.net, hostmaster.persgroep.be",NOERROR,,,,,,
[x],s-acc.ad.nl,,,,"ns1-25.akam.net, hostmaster.persgroep.be",NOERROR,,,,,,
[x],s-nieuw-demo.ad.nl,,,,"ns1-25.akam.net, hostmaster.persgroep.be",NOERROR,,,,,,
[x],s0-acc.ad.nl,,,,"ns1-25.akam.net, hostmaster.persgroep.be",NOERROR,,,,,,
[x],s0-demo.ad.nl,,,,"ns1-25.akam.net, hostmaster.persgroep.be",NOERROR,,,,,,
[x],s0.ad.nl,,,,"ns1-25.akam.net, hostmaster.persgroep.be",NOERROR,,,,,,
[x],s1-acc.ad.nl,,,,"ns1-25.akam.net, hostmaster.persgroep.be",NOERROR,,,,,,
[x],s1-demo.ad.nl,,,,"ns1-25.akam.net, hostmaster.persgroep.be",NOERROR,,,,,,
[x],s1.ad.nl,,,,"ns1-25.akam.net, hostmaster.persgroep.be",NOERROR,,,,,,
[x],s2-acc.ad.nl,,,,"ns1-25.akam.net, hostmaster.persgroep.be",NOERROR,,,,,,
[x],s2-demo.ad.nl,,,,"ns1-25.akam.net, hostmaster.persgroep.be",NOERROR,,,,,,
[x],s2.ad.nl,,,,"ns1-25.akam.net, hostmaster.persgroep.be",NOERROR,,,,,,
[x],s3-acc.ad.nl,,,,"ns1-25.akam.net, hostmaster.persgroep.be",NOERROR,,,,,,
[x],s3-demo.ad.nl,,,,"ns1-25.akam.net, hostmaster.persgroep.be",NOERROR,,,,,,
[x],s3.ad.nl,,,,"ns1-25.akam.net, hostmaster.persgroep.be",NOERROR,,,,,,
[x],s4-demo.ad.nl,,,,"ns1-25.akam.net, hostmaster.persgroep.be",NOERROR,,,,,,
[x],s5592165a.ad.nl,54.144.128.85,2602:fcbc:0:3::11,,,NOERROR,,,,,,
[x],s5593a0af.ad.nl,54.144.128.85,,,,NOERROR,,,,,,
[x],scripts.ad.nl,145.222.41.95,,services.ad.nl,"ns1-25.akam.net, hostmaster.persgroep.be",NOERROR,,,,,,
[x],service.ad.nl,146.185.53.23,,dpp-public-cl21.persgroep-ops.net,"ns1-25.akam.net, hostmaster.persgroep.be",NOERROR,,,,,,
[x],services.ad.nl,145.222.41.95,,,"ns1-25.akam.net, hostmaster.persgroep.be",NOERROR,,,,,,
[x],shop.ad.nl,,,dpp-public-cl21.persgroep-ops.net,"ns1-25.akam.net, hostmaster.persgroep.be",NOERROR,,,,,,
[x],social.ad.nl,,,"accounts-ad-nl.sslproxy.gigya.com, sslproxy.eu1.gigya.com, lb.eu1.gigya.com","ns-1877.awsdns-42.co.uk, awsdns-hostmaster.amazon.com",NOERROR,,,,,,
[x],socialize.ad.nl,,,ad.nl.sslproxy.gigya.com,,NOERROR,,,,,,
[x],sportquiz.ad.nl,37.97.194.107,,,"ns1-25.akam.net, hostmaster.persgroep.be",NOERROR,,,,,,
[x],statics-acc.ad.nl,"95.101.74.150, 95.101.74.139","2a02:26f0:c900:9::5f65:4a8b, 2a02:26f0:c900:9::5f65:4a96","dpp-ad-wc.edgekey.net, e15537.dscb.akamaiedge.net","n0dscb.akamaiedge.net, hostmaster.akamai.com",NOERROR,,,,,,
[x],statics.ad.nl,"2.19.195.216, 104.110.240.9, 104.110.240.11, 2.19.195.193, 2.19.195.235","2a02:26f0:b200::58dd:1948, 2a02:26f0:b200::58dd:1951","dpp-ad-wc.edgekey.net, e15537.dscb.akamaiedge.net","n0dscb.akamaiedge.net, hostmaster.akamai.com",NOERROR,,,,,,
[x],stats.ad.nl,145.222.41.92,,,"ns1-25.akam.net, hostmaster.persgroep.be",NOERROR,,,,,,
[x],t.ad.nl,"23.213.161.12, 23.213.161.28","2a02:26f0:3500:11::215:14db, 2a02:26f0:3500:11::215:14c8","dpgm-sst.edgesuite.net, a1475.dscd.akamai.net","n0dscd.akamai.net, hostmaster.akamai.com",NOERROR,,,,,,
[x],test-kcc.ad.nl,212.121.96.52,,,"ns1-25.akam.net, hostmaster.persgroep.be",NOERROR,,,,,,
[x],test-webshop.ad.nl,212.121.96.52,,,"ns1-25.akam.net, hostmaster.persgroep.be",NOERROR,,,,,,
[x],test-webwinkel.ad.nl,212.121.96.52,,,"ns1-25.akam.net, hostmaster.persgroep.be",NOERROR,,,,,,
[x],toonvandriel.ad.nl,146.185.53.23,,dpp-public-cl21.persgroep-ops.net,"ns1-25.akam.net, hostmaster.persgroep.be",NOERROR,,,,,,
[x],track-acc.ad.nl,,,,"ns1-25.akam.net, hostmaster.persgroep.be",NOERROR,,,,,,
[x],track-nieuw-demo.ad.nl,,,,"ns1-25.akam.net, hostmaster.persgroep.be",NOERROR,,,,,,
[x],track-nieuw.ad.nl,,,,"ns1-25.akam.net, hostmaster.persgroep.be",NOERROR,,,,,,
[x],track-nieuwdemo.ad.nl,104.122.38.230,"2a02:26f0:480:288::2275, 2a02:26f0:480:29b::2275","ssl-nl.persgroep.edgekey.net, e8821.dscb.akamaiedge.net","n0dscb.akamaiedge.net, hostmaster.akamai.com",NOERROR,,,,,,
[x],track-test.ad.nl,,,,"ns1-25.akam.net, hostmaster.persgroep.be",NOERROR,,,,,,
[x],track.ad.nl,,,,"ns1-25.akam.net, hostmaster.persgroep.be",NOERROR,,,,,,
[x],tv.ad.nl,146.185.53.23,,dpp-public-cl21.persgroep-ops.net,"ns1-25.akam.net, hostmaster.persgroep.be",NOERROR,,,,,,
[x],unsubscribe.ad.nl,"2.19.195.185, 104.110.240.57","2a02:26f0:b200::58dd:194a, 2a02:26f0:b200::58dd:192b","prod.unsubscribe.tapp.dpgmedia.cloud, unsubscribe.tapp.dpgmedia.cloud.edgekey.net, e72151.dscb.akamaiedge.net","n0dscb.akamaiedge.net, hostmaster.akamai.com",NOERROR,,,,,,
[x],valley.ad.nl,"2.16.186.234, 2.16.186.211","2a02:26f0:6c00::210:bb5b, 2a02:26f0:6c00::210:bb19","dpgm-broadcasting-etls.edgekey.net, e27717.dscd.akamaiedge.net","n0dscd.akamaiedge.net, hostmaster.akamai.com",NOERROR,,,,,,
[x],valtaf.ad.nl,146.185.53.23,,dpp-public-cl21.persgroep-ops.net,"ns1-25.akam.net, hostmaster.persgroep.be",NOERROR,,,,,,
[x],verzekeringen.ad.nl,31.7.6.47,,,"ns1-25.akam.net, hostmaster.persgroep.be",NOERROR,,,,,,
[x],verzekeringssite.ad.nl,20.50.2.47,,"www.verzekeringssite.nl, app-we-pw-pwnl-redirect.azurewebsites.net, waws-prod-am2-419.sip.azurewebsites.windows.net, waws-prod-am2-419-897a.westeurope.cloudapp.azure.com","ns1-201.azure-dns.com, msnhst.microsoft.com",NOERROR,,True,azure,,,
[x],video.ad.nl,"23.61.11.183, 23.61.11.132","2600:1408:9000::17d9:7493, 2600:1408:9000::17d9:749a","video.dpp.edgekey.net, e12268.dscksd.akamaiedge.net","n0dscksd.akamaiedge.net, hostmaster.akamai.com",NOERROR,,,,,,
[x],vodafoon.ad.nl,145.222.140.38,,,"ns1-25.akam.net, hostmaster.persgroep.be",NOERROR,,,,,,
[x],voordeel.ad.nl,"95.101.74.150, 95.101.74.139","2a02:26f0:c900:9::5f65:4a8b, 2a02:26f0:c900:9::5f65:4a96","dpp-ad-wc.edgekey.net, e15537.dscb.akamaiedge.net","n0dscb.akamaiedge.net, hostmaster.akamai.com",NOERROR,,,,,,
[x],web.ad.nl,,,web.flowmailer.net,"ns1.flowmailer.net, contact.flowmailer.net",NOERROR,v=spf1 include:spf.flowmailer.net ~all,,,,,
[x],webservices.ad.nl,,,,"ns1-25.akam.net, hostmaster.persgroep.be",NOERROR,,,,,,
[x],webshop.ad.nl,"80.239.254.23, 95.101.133.32","2001:2030:0:4e::50ef:9643, 2001:2030:0:4e::50ef:964b",webshopredirect.ad.nl,"ns1-25.akam.net, hostmaster.persgroep.be",NOERROR,,,,,,
[x],webwinkel.ad.nl,"23.53.43.27, 23.53.43.16","2a02:26f0:7100::210:111, 2a02:26f0:7100::210:149","dpp-ad-wc.edgekey.net, e15537.dscb.akamaiedge.net","n0dscb.akamaiedge.net, hostmaster.akamai.com",NOERROR,,,,,,
[x],weer.ad.nl,"104.18.22.132, 104.18.23.132","2606:4700::6812:1684, 2606:4700::6812:1784",www.weeronline.nl,"dom.ns.cloudflare.com, dns.cloudflare.com",NOERROR,ydeLGFbGB4EgZCTtBQSbG6,True,cloudflare,,,
[x],weer.www.ad.nl,"104.18.22.132, 104.18.23.132","2606:4700::6812:1784, 2606:4700::6812:1684",www.weeronline.nl,"dom.ns.cloudflare.com, dns.cloudflare.com",NOERROR,ydeLGFbGB4EgZCTtBQSbG6,True,cloudflare,,,
[x],welkom.ad.nl,"92.123.189.41, 92.123.189.33","2a02:26f0:d8::1740:c33, 2a02:26f0:d8::1740:c30","dpp-ad-wc.edgekey.net, e15537.dscb.akamaiedge.net","n0dscb.akamaiedge.net, hostmaster.akamai.com",NOERROR,,,,,,
[x],wijzigen.ad.nl,"95.101.74.147, 95.101.74.144","2a02:26f0:c900:9::5f65:4a90, 2a02:26f0:c900:9::5f65:4a93","ret.tapp.dpgmedia.cloud.edgekey.net, e123828.dscb.akamaiedge.net","n0dscb.akamaiedge.net, hostmaster.akamai.com",NOERROR,,,,,,
[x],winkel.ad.nl,"23.3.88.11, 23.3.88.56","2a02:26f0:ab00::214:8e51, 2a02:26f0:ab00::5c7a:d719","adr.dpp.edgekey.net, e15439.dscb.akamaiedge.net","n0dscb.akamaiedge.net, hostmaster.akamai.com",NOERROR,,,,,,
[x],www-demo.ad.nl,54.144.128.85,,,,NOERROR,,,,,,
[x],www.ad.nl,"23.53.43.27, 23.53.43.16","2a02:26f0:7100::210:111, 2a02:26f0:7100::210:149","dpp-ad-wc.edgekey.net, e15537.dscb.akamaiedge.net","n0dscb.akamaiedge.net, hostmaster.akamai.com",NOERROR,,,,,,
,chat-gateway196-prod-gws-rds-external-readonly-uat.snappublisher.snapchat.com,172.217.16.19,2a00:1450:401b:804::2013,ghs.googlehosted.com,"ns1.google.com, dns-admin.google.com",NOERROR,,,,,,
,click-gac-rds-external-readonly.snappublisher.snapchat.com,172.217.18.19,2a00:1450:4001:82a::2013,ghs.googlehosted.com,"ns1.google.com, dns-admin.google.com",NOERROR,,,,,,
,datamart-nk11-readonly.apple.com,,,,"usmsc2-extxfr-001.dns.apple.com, hostmaster.apple.com",NOERROR,v=spf1 redirect=_spf.apple.com,,,,"mx-in-mdn.apple.com, mx-in.g.apple.com, mx-in-vib.apple.com, mx-in-hfd.apple.com, mx-in-rno.apple.com",
,download.nlm.nih.gov,130.14.16.113,2607:f220:41e:1016::113,download.wip.nlm.nih.gov,"gslb03.nlm.nih.gov, hostmaster.gslb03.nlm.nih.gov",NOERROR,,,,,,
,eagle-prodgac-rds-external-readonly-preprod.snappublisher.snapchat.com,142.251.16.121,2607:f8b0:4004:c17::79,ghs.googlehosted.com,"ns1.google.com, dns-admin.google.com",NOERROR,,,,,,
,gac-rds-external-readonly-preprod.api.binance.com,"52.69.115.184, 18.179.180.215, 18.180.80.251",,,"ns-735.awsdns-27.net, awsdns-hostmaster.amazon.com",NOERROR,dobbmei4jnjlh.cloudfront.net,,,,,
,gac-rds-external-readonly-preprod.app.acorns.com,"18.66.122.111, 18.66.122.104, 18.66.122.27, 18.66.122.128",,,"ns-119.awsdns-14.com, awsdns-hostmaster.amazon.com",NOERROR,,True,cloudfront,,,
,gac-rds-external-readonly-preprod.directly.com,"52.7.171.31, 54.146.201.247, 3.223.245.124, 34.239.229.38",,,"ns-1903.awsdns-45.co.uk, awsdns-hostmaster.amazon.com",NOERROR,,,,,,
,gac-rds-external-readonly-preprod.donations.livestream.com,"151.101.2.29, 151.101.66.29, 151.101.130.29, 151.101.194.29",,livestream.map.fastly.net,"ns1.fastly.net, hostmaster.fastly.com",NOERROR,,True,fastly,,,
,gac-rds-external-readonly-preprod.events.dewarmsteweek.be,86.39.65.98,2a00:6ec0:101:1:0:98:0:1,"web0.tickoweb.net, peak.proxy.tickoweb.net","ns1.ethera.be, dns.tigron.net",NOERROR,,,,,,
,gac-rds-external-readonly-preprod.innocraft.cloud,"18.195.235.189, 18.157.122.248, 3.126.133.169",,,"ns-1312.awsdns-36.org, awsdns-hostmaster.amazon.com",NOERROR,,,,,,
,gac-rds-external-readonly-preprod.pingone.com,"3.130.152.31, 52.11.201.206, 3.17.229.99, 44.241.84.41, 3.129.185.94, 44.240.2.215",,,"ns0.dnsmadeeasy.com, hostmaster.pingidentity.com",NOERROR,,,,,,
,gac-rds-external-readonly-preprod.sandbox.directly.com,"54.208.171.77, 34.200.99.14, 34.235.174.84, 52.0.241.167",,,"ns-1903.awsdns-45.co.uk, awsdns-hostmaster.amazon.com",NOERROR,,,,,,
,gac-rds-external-readonly-preprod.sg-dev.seek.com,"104.18.1.110, 104.18.0.110","2606:4700::6812:6e, 2606:4700::6812:16e",wildcard.sg-dev.seek.com.cdn.cloudflare.net,"ns1.cloudflare.net, dns.cloudflare.com",NOERROR,,True,cloudflare,,,
,gac-rds-external-readonly-preprod.smtpmail.didichuxing.com,"123.207.209.134, 123.207.209.17, 123.207.209.133, 123.207.209.16",,gz01.router.public.diditaxi.com.cn,"ns1.didiwuxian.com, sys.didiwuxian.com",NOERROR,,,,,,
,gac-rds-external-readonly-preprod.snappublisher.snapchat.com,172.217.18.19,2a00:1450:4001:80b::2013,ghs.googlehosted.com,"ns1.google.com, dns-admin.google.com",NOERROR,,,,,,
,gac-rds-external-readonly-preprod.tianma-prd-in.vivo.com,129.227.254.190,,,"ns3.dnsv5.com, enterprise3dnsadmin.dnspod.com",NOERROR,,,,,,
,gac-rds-external-readonly-preprod.vellum-stg.sc-corp.net,35.190.22.64,,,"ns-1038.awsdns-01.org, awsdns-hostmaster.amazon.com",NOERROR,,True,google,,,
,gac-rds-external-readonly.api.binance.com,"18.179.180.215, 52.69.115.184, 18.180.80.251",,,"ns-735.awsdns-27.net, awsdns-hostmaster.amazon.com",NOERROR,dobbmei4jnjlh.cloudfront.net,,,"ns-1319.awsdns-36.org, ns-1701.awsdns-20.co.uk, ns-234.awsdns-29.com, ns-735.awsdns-27.net",,
,gac-rds-external-readonly.app.sandbox.directly.com,"52.0.241.167, 34.235.174.84, 54.208.171.77, 34.200.99.14",,,"ns-1903.awsdns-45.co.uk, awsdns-hostmaster.amazon.com",NOERROR,,,,,,
,gac-rds-external-readonly.binance.com,"52.69.115.184, 18.180.80.251, 18.179.180.215",,,"ns-735.awsdns-27.net, awsdns-hostmaster.amazon.com",NOERROR,dobbmei4jnjlh.cloudfront.net,,,,,
,gac-rds-external-readonly.donations.livestream.com,"151.101.2.29, 151.101.66.29, 151.101.130.29, 151.101.194.29",,livestream.map.fastly.net,"ns1.fastly.net, hostmaster.fastly.com",NOERROR,,True,fastly,,,
,gac-rds-external-readonly.events.dewarmsteweek.be,86.39.65.98,2a00:6ec0:101:1:0:98:0:1,"web0.tickoweb.net, peak.proxy.tickoweb.net","ns1.ethera.be, dns.tigron.net",NOERROR,,,,,,
,gac-rds-external-readonly.proxy.brave.com,"18.66.112.126, 18.66.112.82, 18.66.112.48, 18.66.112.15",,d1v01e3aef8dm5.cloudfront.net,"ns-782.awsdns-33.net, awsdns-hostmaster.amazon.com",NOERROR,,True,cloudfront,,,
,gac-rds-external-readonly.sg-dev.seek.com,"104.18.0.110, 104.18.1.110","2606:4700::6812:6e, 2606:4700::6812:16e",wildcard.sg-dev.seek.com.cdn.cloudflare.net,"ns1.cloudflare.net, dns.cloudflare.com",NOERROR,,True,cloudflare,,,
,gac-rds-external-readonly.snappublisher.snapchat.com,172.253.122.121,2607:f8b0:4004:c09::79,ghs.googlehosted.com,"ns1.google.com, dns-admin.google.com",NOERROR,,,,,,
,gac-rds-external-readonly.stage.twilio.com,"13.32.99.92, 13.32.99.99, 13.32.99.111, 13.32.99.43",,dvksptar9cd7z.cloudfront.net,"ns-1903.awsdns-45.co.uk, awsdns-hostmaster.amazon.com",NOERROR,,True,cloudfront,"ns-111.awsdns-13.com, ns-616.awsdns-13.net, ns-1221.awsdns-24.org, ns-1903.awsdns-45.co.uk",,
,gac-rds-external-readonly.staging-airtableblocks.com,"54.173.163.126, 34.192.12.35, 52.54.41.182, 184.73.80.41",,,"ns-1239.awsdns-26.org, awsdns-hostmaster.amazon.com",NOERROR,,,,,,
,gac-rds-external-readonly.tianma-prd-in.vivo.com,,,,"ns3.dnsv5.com, enterprise3dnsadmin.dnspod.com",NOERROR,,,,,,
,gac-rds-external-readonly.websitebuilder.easyname.com,,,,"nsi1.easyname.com, hostmaster.easyname.com",NOERROR,,,,,,
,gws-rds-external-readonly-uat-coinbaselax1sandbox-worker0.directly.com,"54.146.201.247, 52.7.171.31, 3.223.245.124, 34.239.229.38",,,"ns-1903.awsdns-45.co.uk, awsdns-hostmaster.amazon.com",NOERROR,,,,,,
,gws-rds-external-readonly-uat.api.binance.com,,,,"ns-735.awsdns-27.net, awsdns-hostmaster.amazon.com",NOERROR,dobbmei4jnjlh.cloudfront.net,,,"ns-1319.awsdns-36.org, ns-1701.awsdns-20.co.uk, ns-234.awsdns-29.com, ns-735.awsdns-27.net",,
,gws-rds-external-readonly-uat.app.sandbox.directly.com,,,,"ns-1903.awsdns-45.co.uk, awsdns-hostmaster.amazon.com",NOERROR,,,,,,
,gws-rds-external-readonly-uat.directly.com,"52.7.171.31, 34.239.229.38, 3.223.245.124, 54.146.201.247",,,"ns-1903.awsdns-45.co.uk, awsdns-hostmaster.amazon.com",NOERROR,,,,,,
,gws-rds-external-readonly-uat.donations.livestream.com,"151.101.2.29, 151.101.66.29, 151.101.130.29, 151.101.194.29",,livestream.map.fastly.net,"ns1.fastly.net, hostmaster.fastly.com",NOERROR,,True,fastly,,,
,gws-rds-external-readonly-uat.ppmail4.paddypower.com,,,,"a.ns.emailvision.net, domains.emailvision.com",NOERROR,"v=spf1 include:spf-a.emailvision.net include:spf-b.emailvision.net include:spf-c.emailvision.net -all, spf2.0/pra include:senderid-a.emailvision.net include:senderid-b.emailvision.net include:senderid-c.emailvision.net -all",,,,"smtp1.emv2.com, smtp2.emv2.com",
,gws-rds-external-readonly-uat.runbot108.odoo.com,141.95.203.16,,runbot108.odoo.com,"ns0.odoo.com, admin.odoo.com",NOERROR,,,,,,
,gws-rds-external-readonly-uat.sandbox.directly.com,"54.208.171.77, 34.200.99.14, 52.0.241.167, 34.235.174.84",,,"ns-1903.awsdns-45.co.uk, awsdns-hostmaster.amazon.com",NOERROR,,,,,,
,gws-rds-external-readonly-uat.sg-dev.seek.com,"104.18.1.110, 104.18.0.110","2606:4700::6812:6e, 2606:4700::6812:16e",wildcard.sg-dev.seek.com.cdn.cloudflare.net,"ns1.cloudflare.net, dns.cloudflare.com",NOERROR,,True,cloudflare,,,
,gws-rds-external-readonly-uat.snappublisher.snapchat.com,142.250.185.147,2a00:1450:4001:800::2013,ghs.googlehosted.com,"ns1.google.com, dns-admin.google.com",NOERROR,,,,,,
,gws-rds-external-readonly-uat.stage.twilio.com,"13.227.219.24, 13.227.219.81, 13.227.219.13, 13.227.219.113",,dvksptar9cd7z.cloudfront.net,"ns-1903.awsdns-45.co.uk, awsdns-hostmaster.amazon.com",NOERROR,,True,cloudfront,"ns-111.awsdns-13.com, ns-1221.awsdns-24.org, ns-1903.awsdns-45.co.uk, ns-616.awsdns-13.net",,
,gws-rds-external-readonly-uat.staging-airtableblocks.com,"52.54.41.182, 54.173.163.126, 34.192.12.35, 184.73.80.41",,,"ns-1239.awsdns-26.org, awsdns-hostmaster.amazon.com",NOERROR,,,,,,
,gws-rds-external-readonly-uat.unified.seek.com,,,wildcard.unified.seek.com.cdn.cloudflare.net,"ns1.cloudflare.net, dns.cloudflare.com",NOERROR,,True,cloudflare,,,
,jira.perf-readonly.intuit.com,"35.163.81.96, 35.166.177.141, 50.112.162.163",,jiraperf.jira-preprod.a.intuit.com,"ns-590.awsdns-09.net, awsdns-hostmaster.amazon.com",NOERROR,,,,,,
,jira.qa-readonly.intuit.com,"52.89.17.127, 52.43.162.217, 34.216.217.9",,jiraqa.tools-preprod.a.intuit.com,"ns-231.awsdns-28.com, awsdns-hostmaster.amazon.com",NOERROR,,,,"ns-1037.awsdns-01.org, ns-1738.awsdns-25.co.uk, ns-231.awsdns-28.com, ns-517.awsdns-00.net",,
,st13-dm-trailer-readonly-vip.apple.com,"17.173.176.15, 17.253.207.1, 17.253.200.1, 204.19.119.1, 204.26.57.1","2620:149:ae7::53, 2620:149:ae0::53, 2620:171:800:714::1, 2620:171:801:714::1",,"usmsc2-extxfr-001.dns.apple.com, hostmaster.apple.com",NOERROR,,,,"b.ns.apple.com, a.ns.apple.com, c.ns.apple.com, d.ns.apple.com",,
,upload-nl.ppmail4.paddypower.com,81.92.115.142,,,"a.ns.emailvision.net, domains.emailvision.com",NOERROR,"spf2.0/pra include:senderid-a.emailvision.net include:senderid-b.emailvision.net include:senderid-c.emailvision.net -all, v=spf1 include:spf-a.emailvision.net include:spf-b.emailvision.net include:spf-c.emailvision.net -all",,,,"smtp1.emv2.com, smtp2.emv2.com",
,upload-nl.sg-dev.seek.com,"104.18.1.110, 104.18.0.110","2606:4700::6812:6e, 2606:4700::6812:16e",wildcard.sg-dev.seek.com.cdn.cloudflare.net,"ns1.cloudflare.net, dns.cloudflare.com",NOERROR,,True,cloudflare,,,
,upload-nl.websitebuilder.easyname.com,185.51.8.148,,,"nsi1.easyname.com, hostmaster.easyname.com",NOERROR,,,,,,
