new,host,soa,status_code,a,cname,cdn,cdn-name,ns,caa,mx,txt,aaaa
[x],157.booking.ouigo-prod.cloud.sqills.com,"ns-1352.awsdns-41.org, awsdns-hostmaster.amazon.com",NOERROR,"52.58.203.27, 18.196.138.115",,,,,,,,
[x],_spf.sqills.com,"ns-1304.awsdns-35.org, awsdns-hostmaster.amazon.com",NOERROR,,,,,,,,v=spf1 include:_spf.google.com include:_msa.sqills.com include:spf.afas.online include:amazonses.com ~all,
[x],accept.prod.sqills.com,"ns-1304.awsdns-35.org, awsdns-hostmaster.amazon.com",NOERROR,84.241.158.135,ext-135.vdc.sqills.com,,,,,,,
[x],accept.sqills.com,"ns-1304.awsdns-35.org, awsdns-hostmaster.amazon.com",NOERROR,,,,,,,,,
[x],accountview.sqills.com,"ns-1304.awsdns-35.org, awsdns-hostmaster.amazon.com",NOERROR,,,,,,,,,
[x],admin.irishrail-b-test.sqills.com,"ns-1304.awsdns-35.org, awsdns-hostmaster.amazon.com",NOERROR,,,,,,,,,
[x],admin.ocebo-test.sqills.com,"ns-1304.awsdns-35.org, awsdns-hostmaster.amazon.com",NOERROR,,,,,,,,,
[x],admin.ouibus-acc.sqills.com,"ns-1304.awsdns-35.org, awsdns-hostmaster.amazon.com",NOERROR,,,,,,,,,
[x],admin.ouigo-acc.sqills.com,"ns-1352.awsdns-41.org, awsdns-hostmaster.amazon.com",NOERROR,"18.158.147.225, 3.69.57.190",api.ouigo-acc.cloud.sqills.com,,,,,,,
[x],admin.ouigo-preprod.sqills.com,"ns-1304.awsdns-35.org, awsdns-hostmaster.amazon.com",NOERROR,,,,,,,,,
[x],admin.ouigo-training-test.sqills.com,"ns-1304.awsdns-35.org, awsdns-hostmaster.amazon.com",NOERROR,,,,,,,,,
[x],admin.sqills-dev-x-patch-2-test.sqills.com,"ns-1304.awsdns-35.org, awsdns-hostmaster.amazon.com",NOERROR,,,,,,,,,
[x],admin.sqills-dev-x-patch-test.sqills.com,"ns-1304.awsdns-35.org, awsdns-hostmaster.amazon.com",NOERROR,,,,,,,,,
[x],admin.sqills-integration-dev-test.cloud.sqills.com,"ns-1352.awsdns-41.org, awsdns-hostmaster.amazon.com",NOERROR,"3.64.141.11, 18.193.207.143",,,,,,,,
[x],alpinrentals.s3.sqills.com,"ns-1304.awsdns-35.org, awsdns-hostmaster.amazon.com",NOERROR,,,,,,,,,
[x],alpinrentals.s3demo.sqills.com,"ns-1304.awsdns-35.org, awsdns-hostmaster.amazon.com",NOERROR,,,,,,,,,
[x],alt-booking.eurostar-acc.sqills.com,"ns-1304.awsdns-35.org, awsdns-hostmaster.amazon.com",NOERROR,,,,,,,,,
[x],alt-booking.eurostar-demo-test.sqills.com,"ns-1304.awsdns-35.org, awsdns-hostmaster.amazon.com",NOERROR,,,,,,,,,
[x],alt-booking.eurostar-dev-test.sqills.com,"ns-1304.awsdns-35.org, awsdns-hostmaster.amazon.com",NOERROR,,,,,,,,,
[x],alt-booking.irishrail-b-test.sqills.com,"ns-1304.awsdns-35.org, awsdns-hostmaster.amazon.com",NOERROR,,,,,,,,,
[x],alt-booking.ouibus-acc.sqills.com,"ns-1304.awsdns-35.org, awsdns-hostmaster.amazon.com",NOERROR,,,,,,,,,
[x],alt-booking.ouibus-preprod.sqills.com,"ns-1304.awsdns-35.org, awsdns-hostmaster.amazon.com",NOERROR,,,,,,,,,
[x],alt-booking.ouigo-acc.sqills.com,"ns-1352.awsdns-41.org, awsdns-hostmaster.amazon.com",NOERROR,,api.ouigo-acc.cloud.sqills.com,,,,,,,
[x],alt-booking.ouigo-b-acc.sqills.com,"ns-1304.awsdns-35.org, awsdns-hostmaster.amazon.com",NOERROR,,,,,,,,,
[x],alt-booking.ouigo-preprod.sqills.com,"ns-1304.awsdns-35.org, awsdns-hostmaster.amazon.com",NOERROR,,,,,,,,,
[x],alt-booking.ouigo-test.sqills.com,"ns-1304.awsdns-35.org, awsdns-hostmaster.amazon.com",NOERROR,,,,,,,,,
[x],alt-booking.sqills-deep-purple-test.sqills.com,"ns-1304.awsdns-35.org, awsdns-hostmaster.amazon.com",NOERROR,,,,,,,,,
[x],alt-booking.sqills-multi-inventory-test.sqills.com,"ns-1304.awsdns-35.org, awsdns-hostmaster.amazon.com",NOERROR,,,,,,,,,
[x],alt-booking.sqills-performance-test.sqills.com,"ns-1304.awsdns-35.org, awsdns-hostmaster.amazon.com",NOERROR,,,,,,,,,
[x],api-black.irishrail-data-test.sqills.com,"ns-1304.awsdns-35.org, awsdns-hostmaster.amazon.com",NOERROR,,,,,,,,,
[x],api-busbud.ouibus-acc.sqills.com,"ns-1304.awsdns-35.org, awsdns-hostmaster.amazon.com",NOERROR,,,,,,,,,
[x],api-busbud.ouibus-b-acc.sqills.com,"ns-1304.awsdns-35.org, awsdns-hostmaster.amazon.com",NOERROR,,,,,,,,,
[x],api-busbud.ouibus-preprod.sqills.com,"ns-1304.awsdns-35.org, awsdns-hostmaster.amazon.com",NOERROR,,,,,,,,,
[x],api-marlentin.ouibus-b-acc.sqills.com,"ns-1304.awsdns-35.org, awsdns-hostmaster.amazon.com",NOERROR,,,,,,,,,
[x],api-mdo.ouibus-acc.sqills.com,"ns-1304.awsdns-35.org, awsdns-hostmaster.amazon.com",NOERROR,,,,,,,,,
[x],api-mdo.ouibus-b-acc.sqills.com,"ns-1304.awsdns-35.org, awsdns-hostmaster.amazon.com",NOERROR,,,,,,,,,
[x],api-mdo.ouibus-preprod.sqills.com,"ns-1304.awsdns-35.org, awsdns-hostmaster.amazon.com",NOERROR,,,,,,,,,
[x],api-pao.irishrail-data-test.sqills.com,"ns-1304.awsdns-35.org, awsdns-hostmaster.amazon.com",NOERROR,,,,,,,,,
[x],api.elipsos-test.sqills.com,"ns-1304.awsdns-35.org, awsdns-hostmaster.amazon.com",NOERROR,,,,,,,,,
[x],api.elipsos-training-test.sqills.com,"ns-1304.awsdns-35.org, awsdns-hostmaster.amazon.com",NOERROR,,,,,,,,,
[x],api.eurostar-a-test.sqills.com,"ns-1304.awsdns-35.org, awsdns-hostmaster.amazon.com",NOERROR,,,,,,,,,
[x],api.eurostar-acc.sqills.com,"ns-1304.awsdns-35.org, awsdns-hostmaster.amazon.com",NOERROR,,,,,,,,,
[x],api.eurostar-demo-test.sqills.com,"ns-1304.awsdns-35.org, awsdns-hostmaster.amazon.com",NOERROR,,,,,,,,,
[x],api.eurostar-dev-test.sqills.com,"ns-1304.awsdns-35.org, awsdns-hostmaster.amazon.com",NOERROR,,,,,,,,,
[x],api.eurostar-integration-2-test.sqills.com,"ns-1304.awsdns-35.org, awsdns-hostmaster.amazon.com",NOERROR,,,,,,,,,
[x],api.eurostar-integration-test.sqills.com,"ns-1304.awsdns-35.org, awsdns-hostmaster.amazon.com",NOERROR,,,,,,,,,
[x],api.eurostar-test.sqills.com,"ns-1304.awsdns-35.org, awsdns-hostmaster.amazon.com",NOERROR,,,,,,,,,
[x],api.irishrail-a-test.sqills.com,"ns-1304.awsdns-35.org, awsdns-hostmaster.amazon.com",NOERROR,,,,,,,,,
[x],api.irishrail-b-test.sqills.com,"ns-1304.awsdns-35.org, awsdns-hostmaster.amazon.com",NOERROR,,,,,,,,,
[x],api.irishrail-data-test.sqills.com,"ns-1304.awsdns-35.org, awsdns-hostmaster.amazon.com",NOERROR,,,,,,,,,
[x],api.irishrail-patch-test.sqills.com,"ns-1304.awsdns-35.org, awsdns-hostmaster.amazon.com",NOERROR,,,,,,,,,
[x],api.izy-dev-test.sqills.com,"ns-1304.awsdns-35.org, awsdns-hostmaster.amazon.com",NOERROR,,,,,,,,,
[x],api.juniorcie-acc.sqills.com,"ns-1304.awsdns-35.org, awsdns-hostmaster.amazon.com",NOERROR,,,,,,,,,
[x],api.juniorcie-test.sqills.com,"ns-1304.awsdns-35.org, awsdns-hostmaster.amazon.com",NOERROR,,,,,,,,,
[x],api.oce-acc.sqills.com,"ns-1304.awsdns-35.org, awsdns-hostmaster.amazon.com",NOERROR,,,,,,,,,
[x],api.ouibus-acc.sqills.com,"ns-1304.awsdns-35.org, awsdns-hostmaster.amazon.com",NOERROR,,,,,,,,,
[x],api.ouibus-b-acc.sqills.com,"ns-1304.awsdns-35.org, awsdns-hostmaster.amazon.com",NOERROR,,,,,,,,,
[x],api.ouibus-b-test.sqills.com,"ns-1304.awsdns-35.org, awsdns-hostmaster.amazon.com",NOERROR,,,,,,,,,
[x],api.ouibus-patch-test.sqills.com,"ns-1304.awsdns-35.org, awsdns-hostmaster.amazon.com",NOERROR,,,,,,,,,
[x],api.ouibus-preprod.sqills.com,"ns-1304.awsdns-35.org, awsdns-hostmaster.amazon.com",NOERROR,,,,,,,,,
[x],api.ouibus-prod.cloud.sqills.com,"ns-1352.awsdns-41.org, awsdns-hostmaster.amazon.com",NOERROR,"54.93.213.179, 3.73.25.23",,,,,,,,
[x],api.ouigo-acc.cloud.sqills.com,"ns-1352.awsdns-41.org, awsdns-hostmaster.amazon.com",NOERROR,"18.158.147.225, 3.69.57.190",,,,,,,,
[x],api.ouigo-acc.sqills.com,"ns-1352.awsdns-41.org, awsdns-hostmaster.amazon.com",NOERROR,"18.158.147.225, 3.69.57.190",api.ouigo-acc.cloud.sqills.com,,,,,,,
[x],api.ouigo-b-test.sqills.com,"ns-1304.awsdns-35.org, awsdns-hostmaster.amazon.com",NOERROR,,,,,,,,,
[x],api.ouigo-migration-test.sqills.com,"ns-1304.awsdns-35.org, awsdns-hostmaster.amazon.com",NOERROR,,,,,,,,,
[x],api.ouigo-preprod.sqills.com,"ns-1304.awsdns-35.org, awsdns-hostmaster.amazon.com",NOERROR,,,,,,,,,
[x],api.ouigo-test.sqills.com,"ns-1304.awsdns-35.org, awsdns-hostmaster.amazon.com",NOERROR,,,,,,,,,
[x],api.ouigo-training-test.sqills.com,"ns-1304.awsdns-35.org, awsdns-hostmaster.amazon.com",NOERROR,,,,,,,,,
[x],api.queenslandrail-test.sqills.com,"ns-1304.awsdns-35.org, awsdns-hostmaster.amazon.com",NOERROR,,,,,,,,,
[x],api.s3-test.sqills.com,"ns-1304.awsdns-35.org, awsdns-hostmaster.amazon.com",NOERROR,,,,,,,,,
[x],api.s3a2-test.sqills.com,"ns-1304.awsdns-35.org, awsdns-hostmaster.amazon.com",NOERROR,,,,,,,,,
[x],api.s3c2-test.sqills.com,"ns-1304.awsdns-35.org, awsdns-hostmaster.amazon.com",NOERROR,,,,,,,,,
[x],api.s3training-test.sqills.com,"ns-1304.awsdns-35.org, awsdns-hostmaster.amazon.com",NOERROR,,,,,,,,,
[x],api.sj-test.sqills.com,"ns-1304.awsdns-35.org, awsdns-hostmaster.amazon.com",NOERROR,,,,,,,,,
[x],api.sncf-a-test.sqills.com,"ns-1304.awsdns-35.org, awsdns-hostmaster.amazon.com",NOERROR,,,,,,,,,
[x],api.sncf-b-test.sqills.com,"ns-1304.awsdns-35.org, awsdns-hostmaster.amazon.com",NOERROR,,,,,,,,,
[x],api.sqills-coe-test.sqills.com,"ns-1304.awsdns-35.org, awsdns-hostmaster.amazon.com",NOERROR,,,,,,,,,
[x],api.sqills-demo-prod.sqills.com,"ns-1304.awsdns-35.org, awsdns-hostmaster.amazon.com",NOERROR,,,,,,,,,
[x],api.sqills-demo-test.sqills.com,"ns-1304.awsdns-35.org, awsdns-hostmaster.amazon.com",NOERROR,,,,,,,,,
[x],api.sqills-dev-x-dev-test.sqills.com,"ns-1304.awsdns-35.org, awsdns-hostmaster.amazon.com",NOERROR,,,,,,,,,
[x],api.sqills-dev-x-patch-test.sqills.com,"ns-1304.awsdns-35.org, awsdns-hostmaster.amazon.com",NOERROR,,,,,,,,,
[x],api.sqills-infra-test.sqills.com,"ns-1304.awsdns-35.org, awsdns-hostmaster.amazon.com",NOERROR,,,,,,,,,
[x],api.sqills-integration-test.sqills.com,"ns-1304.awsdns-35.org, awsdns-hostmaster.amazon.com",NOERROR,,,,,,,,,
[x],api.sqills-multi-inventory-test.sqills.com,"ns-1304.awsdns-35.org, awsdns-hostmaster.amazon.com",NOERROR,,,,,,,,,
[x],api.sqills-patch-1-test.sqills.com,"ns-1304.awsdns-35.org, awsdns-hostmaster.amazon.com",NOERROR,,,,,,,,,
[x],api.sqills-patch-2-test.sqills.com,"ns-1304.awsdns-35.org, awsdns-hostmaster.amazon.com",NOERROR,,,,,,,,,
[x],api.sqills-patch-test.sqills.com,"ns-1304.awsdns-35.org, awsdns-hostmaster.amazon.com",NOERROR,,,,,,,,,
[x],api.sqills-performance-test.sqills.com,"ns-1304.awsdns-35.org, awsdns-hostmaster.amazon.com",NOERROR,,,,,,,,,
[x],api.sqills-s3a2-test.sqills.com,"ns-1304.awsdns-35.org, awsdns-hostmaster.amazon.com",NOERROR,,,,,,,,,
[x],api.sqills-s3c-test.sqills.com,"ns-1304.awsdns-35.org, awsdns-hostmaster.amazon.com",NOERROR,,,,,,,,,
[x],api.sqills-s3c2-test.sqills.com,"ns-1304.awsdns-35.org, awsdns-hostmaster.amazon.com",NOERROR,,,,,,,,,
[x],api.sqills-test.gce.sqills.com,"ns-1304.awsdns-35.org, awsdns-hostmaster.amazon.com",NOERROR,,,,,,,,,
[x],api.sqills-training-test.sqills.com,"ns-1304.awsdns-35.org, awsdns-hostmaster.amazon.com",NOERROR,,,,,,,,,
[x],api.test-sqills.gce.sqills.com,"ns-1304.awsdns-35.org, awsdns-hostmaster.amazon.com",NOERROR,,,,,,,,,
[x],api.viarail-test.sqills.com,"ns-1304.awsdns-35.org, awsdns-hostmaster.amazon.com",NOERROR,,,,,,,,,
[x],app.accept.sqills.com,"ns-1304.awsdns-35.org, awsdns-hostmaster.amazon.com",NOERROR,84.241.158.138,ext-138.vdc.sqills.com,,,,,,,
[x],apple-tree.sqills.com,"ns-1304.awsdns-35.org, awsdns-hostmaster.amazon.com",NOERROR,,,,,,,,,
[x],arriva-aap.mock.test.sqills.com,"ns-1304.awsdns-35.org, awsdns-hostmaster.amazon.com",NOERROR,84.241.158.137,ext-137.vdc.sqills.com,,,,,,,
[x],arriva-e-tickets.rest-mock.test.sqills.com,"ns-1304.awsdns-35.org, awsdns-hostmaster.amazon.com",NOERROR,84.241.158.137,ext-137.vdc.sqills.com,,,,,,,
[x],arriva-xc-website.rest-mock.test.sqills.com,"ns-1304.awsdns-35.org, awsdns-hostmaster.amazon.com",NOERROR,84.241.158.137,ext-137.vdc.sqills.com,,,,,,,
[x],athlon.s3.sqills.com,"ns-1304.awsdns-35.org, awsdns-hostmaster.amazon.com",NOERROR,,,,,,,,,
[x],autodiscover.sqills.com,"ns-1304.awsdns-35.org, awsdns-hostmaster.amazon.com",NOERROR,,,,,,,,,
[x],backoffice.demo-prod.sqills.com,"ns-1304.awsdns-35.org, awsdns-hostmaster.amazon.com",NOERROR,,,,,,,,,
[x],backoffice.demo-test.sqills.com,"ns-1304.awsdns-35.org, awsdns-hostmaster.amazon.com",NOERROR,,,,,,,,,
[x],backoffice.elipsos-dev-test.sqills.com,"ns-1304.awsdns-35.org, awsdns-hostmaster.amazon.com",NOERROR,,,,,,,,,
[x],backoffice.elipsos-test.sqills.com,"ns-1304.awsdns-35.org, awsdns-hostmaster.amazon.com",NOERROR,,,,,,,,,
[x],backoffice.elipsos-training-test.sqills.com,"ns-1304.awsdns-35.org, awsdns-hostmaster.amazon.com",NOERROR,,,,,,,,,
[x],backoffice.eurostar-a-test.sqills.com,"ns-1304.awsdns-35.org, awsdns-hostmaster.amazon.com",NOERROR,,,,,,,,,
[x],backoffice.eurostar-acc.sqills.com,"ns-1304.awsdns-35.org, awsdns-hostmaster.amazon.com",NOERROR,,,,,,,,,
[x],backoffice.eurostar-dev-test.sqills.com,"ns-1304.awsdns-35.org, awsdns-hostmaster.amazon.com",NOERROR,,,,,,,,,
[x],backoffice.eurostar-integration-2-test.sqills.com,"ns-1304.awsdns-35.org, awsdns-hostmaster.amazon.com",NOERROR,,,,,,,,,
[x],backoffice.eurostar-integration-test.sqills.com,"ns-1304.awsdns-35.org, awsdns-hostmaster.amazon.com",NOERROR,,,,,,,,,
[x],backoffice.eurostar-test.sqills.com,"ns-1304.awsdns-35.org, awsdns-hostmaster.amazon.com",NOERROR,,,,,,,,,
[x],backoffice.hkx-booking.acc.sqills.com,"ns-1304.awsdns-35.org, awsdns-hostmaster.amazon.com",NOERROR,,,,,,,,,
[x],backoffice.irishrail-data-test.sqills.com,"ns-1304.awsdns-35.org, awsdns-hostmaster.amazon.com",NOERROR,,,,,,,,,
[x],backoffice.irishrail-patch-test.sqills.com,"ns-1304.awsdns-35.org, awsdns-hostmaster.amazon.com",NOERROR,,,,,,,,,
[x],backoffice.irishrail-training-test.sqills.com,"ns-1304.awsdns-35.org, awsdns-hostmaster.amazon.com",NOERROR,,,,,,,,,
[x],backoffice.izy-dev-test.sqills.com,"ns-1304.awsdns-35.org, awsdns-hostmaster.amazon.com",NOERROR,,,,,,,,,
[x],backoffice.juniorcie-acc.sqills.com,"ns-1304.awsdns-35.org, awsdns-hostmaster.amazon.com",NOERROR,,,,,,,,,
[x],backoffice.oce-acc.sqills.com,"ns-1304.awsdns-35.org, awsdns-hostmaster.amazon.com",NOERROR,,,,,,,,,
[x],backoffice.ocebo-test.sqills.com,"ns-1304.awsdns-35.org, awsdns-hostmaster.amazon.com",NOERROR,,,,,,,,,
[x],backoffice.ouibus-acc.sqills.com,"ns-1304.awsdns-35.org, awsdns-hostmaster.amazon.com",NOERROR,,,,,,,,,
[x],backoffice.ouibus-b-acc.sqills.com,"ns-1304.awsdns-35.org, awsdns-hostmaster.amazon.com",NOERROR,,,,,,,,,
[x],backoffice.ouibus-b-test.sqills.com,"ns-1304.awsdns-35.org, awsdns-hostmaster.amazon.com",NOERROR,,,,,,,,,
[x],backoffice.ouibus-preprod.sqills.com,"ns-1304.awsdns-35.org, awsdns-hostmaster.amazon.com",NOERROR,,,,,,,,,
[x],backoffice.ouibus.prod.sqills.com,"ns-1304.awsdns-35.org, awsdns-hostmaster.amazon.com",NOERROR,84.241.158.135,ext-135.vdc.sqills.com,,,,,,,
[x],backoffice.ouigo-acc.sqills.com,"ns-1352.awsdns-41.org, awsdns-hostmaster.amazon.com",NOERROR,"18.158.147.225, 3.69.57.190",api.ouigo-acc.cloud.sqills.com,,,,,,,
[x],backoffice.ouigo-b-acc.sqills.com,"ns-1304.awsdns-35.org, awsdns-hostmaster.amazon.com",NOERROR,,,,,,,,,
[x],backoffice.ouigo-b-test.sqills.com,"ns-1304.awsdns-35.org, awsdns-hostmaster.amazon.com",NOERROR,,,,,,,,,
[x],backoffice.ouigo-migration-test.sqills.com,"ns-1304.awsdns-35.org, awsdns-hostmaster.amazon.com",NOERROR,,,,,,,,,
[x],backoffice.ouigo-preprod.sqills.com,"ns-1304.awsdns-35.org, awsdns-hostmaster.amazon.com",NOERROR,,,,,,,,,
[x],backoffice.ouigo-test.sqills.com,"ns-1304.awsdns-35.org, awsdns-hostmaster.amazon.com",NOERROR,,,,,,,,,
[x],backoffice.ouigo-training-test.sqills.com,"ns-1304.awsdns-35.org, awsdns-hostmaster.amazon.com",NOERROR,,,,,,,,,
[x],backoffice.queenslandrail-test.sqills.com,"ns-1304.awsdns-35.org, awsdns-hostmaster.amazon.com",NOERROR,,,,,,,,,
[x],backoffice.s3-test.sqills.com,"ns-1304.awsdns-35.org, awsdns-hostmaster.amazon.com",NOERROR,,,,,,,,,
[x],backoffice.s3a2-test.sqills.com,"ns-1304.awsdns-35.org, awsdns-hostmaster.amazon.com",NOERROR,,,,,,,,,
[x],backoffice.s3c2-test.sqills.com,"ns-1304.awsdns-35.org, awsdns-hostmaster.amazon.com",NOERROR,,,,,,,,,
[x],backoffice.sj-test.sqills.com,"ns-1304.awsdns-35.org, awsdns-hostmaster.amazon.com",NOERROR,,,,,,,,,
[x],backoffice.sncf-b-test.sqills.com,"ns-1304.awsdns-35.org, awsdns-hostmaster.amazon.com",NOERROR,,,,,,,,,
[x],backoffice.sqills-b-test.sqills.com,"ns-1304.awsdns-35.org, awsdns-hostmaster.amazon.com",NOERROR,,,,,,,,,
[x],backoffice.sqills-coe-test.sqills.com,"ns-1304.awsdns-35.org, awsdns-hostmaster.amazon.com",NOERROR,,,,,,,,,
[x],backoffice.sqills-demo-test.sqills.com,"ns-1304.awsdns-35.org, awsdns-hostmaster.amazon.com",NOERROR,,,,,,,,,
[x],backoffice.sqills-dev-x-dev-test.sqills.com,"ns-1304.awsdns-35.org, awsdns-hostmaster.amazon.com",NOERROR,,,,,,,,,
[x],backoffice.sqills-dev-x-patch-1-test.sqills.com,"ns-1304.awsdns-35.org, awsdns-hostmaster.amazon.com",NOERROR,,,,,,,,,
[x],backoffice.sqills-dev-x-patch-2-test.sqills.com,"ns-1304.awsdns-35.org, awsdns-hostmaster.amazon.com",NOERROR,,,,,,,,,
[x],backoffice.sqills-infra-aws-test.sqills.com,"ns-1304.awsdns-35.org, awsdns-hostmaster.amazon.com",NOERROR,,,,,,,,,
[x],backoffice.sqills-infra-test.sqills.com,"ns-1304.awsdns-35.org, awsdns-hostmaster.amazon.com",NOERROR,,,,,,,,,
[x],backoffice.sqills-integration-test.sqills.com,"ns-1304.awsdns-35.org, awsdns-hostmaster.amazon.com",NOERROR,,,,,,,,,
[x],backoffice.sqills-multi-inventory-test.sqills.com,"ns-1304.awsdns-35.org, awsdns-hostmaster.amazon.com",NOERROR,,,,,,,,,
[x],backoffice.sqills-patch-1-test.sqills.com,"ns-1304.awsdns-35.org, awsdns-hostmaster.amazon.com",NOERROR,,,,,,,,,
[x],backoffice.sqills-patch-2-test.sqills.com,"ns-1304.awsdns-35.org, awsdns-hostmaster.amazon.com",NOERROR,,,,,,,,,
[x],backoffice.sqills-performance-test.sqills.com,"ns-1304.awsdns-35.org, awsdns-hostmaster.amazon.com",NOERROR,,,,,,,,,
[x],backoffice.sqills-s3a-test.sqills.com,"ns-1304.awsdns-35.org, awsdns-hostmaster.amazon.com",NOERROR,,,,,,,,,
[x],backoffice.sqills-s3c-test.sqills.com,"ns-1304.awsdns-35.org, awsdns-hostmaster.amazon.com",NOERROR,,,,,,,,,
[x],backoffice.sqills-test.gce.sqills.com,"ns-1304.awsdns-35.org, awsdns-hostmaster.amazon.com",NOERROR,,,,,,,,,
[x],backoffice.sqills-training-test.sqills.com,"ns-1304.awsdns-35.org, awsdns-hostmaster.amazon.com",NOERROR,,,,,,,,,
[x],backoffice.test-sqills.gce.sqills.com,"ns-1304.awsdns-35.org, awsdns-hostmaster.amazon.com",NOERROR,,,,,,,,,
[x],backoffice.viarail-test.sqills.com,"ns-1304.awsdns-35.org, awsdns-hostmaster.amazon.com",NOERROR,,,,,,,,,
[x],bid47z7.test.sqills.com,"ns-1304.awsdns-35.org, awsdns-hostmaster.amazon.com",NOERROR,84.241.158.137,ext-137.vdc.sqills.com,,,,,,,
[x],bitbucket-dr.sqills.com,"ns-1304.awsdns-35.org, awsdns-hostmaster.amazon.com",NOERROR,,,,,,,,,
[x],bitbucket.sqills.com,"ns-1304.awsdns-35.org, awsdns-hostmaster.amazon.com",NOERROR,3.120.160.196,,,,,,,,
[x],bitwarden.cloud.sqills.com,"ns-1689.awsdns-19.co.uk, awsdns-hostmaster.amazon.com",NOERROR,3.74.113.167,bitwarden-alb-1935980726.eu-central-1.elb.amazonaws.com,,,,,,,
[x],blog.ouigo-acc.sqills.com,"ns-1352.awsdns-41.org, awsdns-hostmaster.amazon.com",NOERROR,"3.69.57.190, 18.158.147.225",api.ouigo-acc.cloud.sqills.com,,,,,,,
[x],bom.irishrail-b-test.sqills.com,"ns-1304.awsdns-35.org, awsdns-hostmaster.amazon.com",NOERROR,,,,,,,,,
[x],bom.irishrail-patch-test.sqills.com,"ns-1304.awsdns-35.org, awsdns-hostmaster.amazon.com",NOERROR,,,,,,,,,
[x],booking-fargate.ouigo-acc.cloud.sqills.com,"ns-1352.awsdns-41.org, awsdns-hostmaster.amazon.com",NOERROR,"3.69.57.190, 18.158.147.225",,,,,,,,
[x],booking-vanilla.elipsos-dev-test.sqills.com,"ns-1304.awsdns-35.org, awsdns-hostmaster.amazon.com",NOERROR,,,,,,,,,
[x],booking-vanilla.elipsos-test.sqills.com,"ns-1304.awsdns-35.org, awsdns-hostmaster.amazon.com",NOERROR,,,,,,,,,
[x],booking-vanilla.elipsos-training-test.sqills.com,"ns-1304.awsdns-35.org, awsdns-hostmaster.amazon.com",NOERROR,,,,,,,,,
[x],booking-vanilla.irishrail-data-test.sqills.com,"ns-1304.awsdns-35.org, awsdns-hostmaster.amazon.com",NOERROR,,,,,,,,,
[x],booking-vanilla.juniorcie-test.sqills.com,"ns-1304.awsdns-35.org, awsdns-hostmaster.amazon.com",NOERROR,,,,,,,,,
[x],booking-vanilla.ouibus-b-test.sqills.com,"ns-1304.awsdns-35.org, awsdns-hostmaster.amazon.com",NOERROR,,,,,,,,,
[x],booking-vanilla.ouibus-patch-test.sqills.com,"ns-1304.awsdns-35.org, awsdns-hostmaster.amazon.com",NOERROR,,,,,,,,,
[x],booking-vanilla.ouigo-acc.sqills.com,"ns-1352.awsdns-41.org, awsdns-hostmaster.amazon.com",NOERROR,"18.158.147.225, 3.69.57.190",api.ouigo-acc.cloud.sqills.com,,,,,,,
[x],booking-vanilla.ouigo-test.sqills.com,"ns-1304.awsdns-35.org, awsdns-hostmaster.amazon.com",NOERROR,,,,,,,,,
[x],booking-vanilla.ouigo-training-test.sqills.com,"ns-1304.awsdns-35.org, awsdns-hostmaster.amazon.com",NOERROR,,,,,,,,,
[x],booking-vanilla.sqills-demo-prod.sqills.com,"ns-1304.awsdns-35.org, awsdns-hostmaster.amazon.com",NOERROR,,,,,,,,,
[x],booking-vanilla.sqills-test.gce.sqills.com,"ns-1304.awsdns-35.org, awsdns-hostmaster.amazon.com",NOERROR,,,,,,,,,
[x],booking-vanilla.test-sqills.gce.sqills.com,"ns-1304.awsdns-35.org, awsdns-hostmaster.amazon.com",NOERROR,,,,,,,,,
[x],booking-vpn.ouigo-prod.cloud.sqills.com,"ns-1352.awsdns-41.org, awsdns-hostmaster.amazon.com",NOERROR,"18.196.138.115, 52.58.203.27",,,,,,,,
[x],booking.blablabus-acc.cloud.sqills.com,"ns-1352.awsdns-41.org, awsdns-hostmaster.amazon.com",NOERROR,"52.28.158.171, 3.66.103.216",,,,,,,,
[x],booking.blablabus-acc.sqills.com,"ns-1304.awsdns-35.org, awsdns-hostmaster.amazon.com",NOERROR,,,,,,,,,
[x],booking.blablabus-preprod.sqills.com,"ns-1304.awsdns-35.org, awsdns-hostmaster.amazon.com",NOERROR,,,,,,,,,
[x],booking.blablabus-prod.cloud.sqills.com,"ns-1352.awsdns-41.org, awsdns-hostmaster.amazon.com",NOERROR,"3.73.25.23, 54.93.213.179",,,,,,,,
[x],booking.blablacar-acc.cloud.sqills.com,"ns-1352.awsdns-41.org, awsdns-hostmaster.amazon.com",NOERROR,"52.28.158.171, 3.66.103.216",,,,,,,,
[x],booking.blablacar-prod.cloud.sqills.com,"ns-1352.awsdns-41.org, awsdns-hostmaster.amazon.com",NOERROR,"54.93.213.179, 3.73.25.23",,,,,,,,
[x],booking.demo-prod.sqills.com,"ns-1304.awsdns-35.org, awsdns-hostmaster.amazon.com",NOERROR,,,,,,,,,
[x],booking.demo-test.sqills.com,"ns-1304.awsdns-35.org, awsdns-hostmaster.amazon.com",NOERROR,,,,,,,,,
[x],booking.elipsos-dev-test.sqills.com,"ns-1304.awsdns-35.org, awsdns-hostmaster.amazon.com",NOERROR,,,,,,,,,
[x],booking.elipsos-test.sqills.com,"ns-1304.awsdns-35.org, awsdns-hostmaster.amazon.com",NOERROR,,,,,,,,,
[x],booking.elipsos-training-test.sqills.com,"ns-1304.awsdns-35.org, awsdns-hostmaster.amazon.com",NOERROR,,,,,,,,,
[x],booking.eurostar-acc.sqills.com,"ns-1304.awsdns-35.org, awsdns-hostmaster.amazon.com",NOERROR,,,,,,,,,
[x],booking.eurostar-demo-test.sqills.com,"ns-1304.awsdns-35.org, awsdns-hostmaster.amazon.com",NOERROR,,,,,,,,,
[x],booking.eurostar-dev-test.sqills.com,"ns-1304.awsdns-35.org, awsdns-hostmaster.amazon.com",NOERROR,,,,,,,,,
[x],booking.eurostar-integration-test.sqills.com,"ns-1304.awsdns-35.org, awsdns-hostmaster.amazon.com",NOERROR,,,,,,,,,
[x],booking.eurostar-test.sqills.com,"ns-1304.awsdns-35.org, awsdns-hostmaster.amazon.com",NOERROR,,,,,,,,,
[x],booking.irishrail-a-test.sqills.com,"ns-1304.awsdns-35.org, awsdns-hostmaster.amazon.com",NOERROR,,,,,,,,,
[x],booking.irishrail-b-test.sqills.com,"ns-1304.awsdns-35.org, awsdns-hostmaster.amazon.com",NOERROR,,,,,,,,,
[x],booking.irishrail-data-test.sqills.com,"ns-1304.awsdns-35.org, awsdns-hostmaster.amazon.com",NOERROR,,,,,,,,,
[x],booking.irishrail-patch-test.sqills.com,"ns-1304.awsdns-35.org, awsdns-hostmaster.amazon.com",NOERROR,,,,,,,,,
[x],booking.izy-dev-test.sqills.com,"ns-1304.awsdns-35.org, awsdns-hostmaster.amazon.com",NOERROR,,,,,,,,,
[x],booking.izy-prod.cloud.sqills.com,"ns-1352.awsdns-41.org, awsdns-hostmaster.amazon.com",NOERROR,,,,,,,,,
[x],booking.juniorcie-acc.sqills.com,"ns-1304.awsdns-35.org, awsdns-hostmaster.amazon.com",NOERROR,,,,,,,,,
[x],booking.juniorcie-prod.cloud.sqills.com,"ns-1352.awsdns-41.org, awsdns-hostmaster.amazon.com",NOERROR,"52.58.205.205, 18.196.252.214",,,,,,,,
[x],booking.juniorcie-test.sqills.com,"ns-1304.awsdns-35.org, awsdns-hostmaster.amazon.com",NOERROR,,,,,,,,,
[x],booking.ocebo-test.sqills.com,"ns-1304.awsdns-35.org, awsdns-hostmaster.amazon.com",NOERROR,,,,,,,,,
[x],booking.ouibus-acc.cloud.sqills.com,"ns-1352.awsdns-41.org, awsdns-hostmaster.amazon.com",NOERROR,"52.28.158.171, 3.66.103.216",,,,,,,,
[x],booking.ouibus-acc.sqills.com,"ns-1304.awsdns-35.org, awsdns-hostmaster.amazon.com",NOERROR,,,,,,,,,
[x],booking.ouibus-b-test.sqills.com,"ns-1304.awsdns-35.org, awsdns-hostmaster.amazon.com",NOERROR,,,,,,,,,
[x],booking.ouibus-patch-test.sqills.com,"ns-1304.awsdns-35.org, awsdns-hostmaster.amazon.com",NOERROR,,,,,,,,,
[x],booking.ouibus-preprod.sqills.com,"ns-1304.awsdns-35.org, awsdns-hostmaster.amazon.com",NOERROR,,,,,,,,,
[x],booking.ouibus-test.cloud.sqills.com,"ns-609.awsdns-12.net, awsdns-hostmaster.amazon.com",NOERROR,"75.2.111.15, 99.83.220.23",a919d22706791ba50.awsglobalaccelerator.com,,,,,,,
[x],booking.ouigo-acc.cloud.sqills.com,"ns-1352.awsdns-41.org, awsdns-hostmaster.amazon.com",NOERROR,"18.157.153.70, 35.157.73.12",,,,,,,,
[x],booking.ouigo-acc.sqills.com,"ns-1352.awsdns-41.org, awsdns-hostmaster.amazon.com",NOERROR,"3.69.57.190, 18.158.147.225",api.ouigo-acc.cloud.sqills.com,,,,,,,
[x],booking.ouigo-b-acc.cloud.sqills.com,"ns-1352.awsdns-41.org, awsdns-hostmaster.amazon.com",NOERROR,"18.157.153.70, 35.157.73.12",,,,,,,,
[x],booking.ouigo-b-acc.sqills.com,"ns-1304.awsdns-35.org, awsdns-hostmaster.amazon.com",NOERROR,,,,,,,,,
[x],booking.ouigo-b-test.sqills.com,"ns-1304.awsdns-35.org, awsdns-hostmaster.amazon.com",NOERROR,,,,,,,,,
[x],booking.ouigo-migration-test.sqills.com,"ns-1304.awsdns-35.org, awsdns-hostmaster.amazon.com",NOERROR,,,,,,,,,
[x],booking.ouigo-preprod-acc.cloud.sqills.com,"ns-1352.awsdns-41.org, awsdns-hostmaster.amazon.com",NOERROR,"35.157.73.12, 18.157.153.70",,,,,,,,
[x],booking.ouigo-preprod.cloud.sqills.com,"ns-1352.awsdns-41.org, awsdns-hostmaster.amazon.com",NOERROR,,,,,,,,,
[x],booking.ouigo-preprod.sqills.com,"ns-1304.awsdns-35.org, awsdns-hostmaster.amazon.com",NOERROR,,,,,,,,,
[x],booking.ouigo-prod.cloud.sqills.com,"ns-1352.awsdns-41.org, awsdns-hostmaster.amazon.com",NOERROR,"13.225.78.73, 13.225.78.24, 13.225.78.60, 13.225.78.87",,True,cloudfront,,,,,
[x],booking.ouigo-training-test.cloud.sqills.com,"ns-1352.awsdns-41.org, awsdns-hostmaster.amazon.com",NOERROR,"18.159.174.34, 18.184.139.197",,,,,,,,
[x],booking.ouigo-training-test.sqills.com,"ns-1304.awsdns-35.org, awsdns-hostmaster.amazon.com",NOERROR,,,,,,,,,
[x],booking.s3-test.sqills.com,"ns-1304.awsdns-35.org, awsdns-hostmaster.amazon.com",NOERROR,,,,,,,,,
[x],booking.s3a2-test.sqills.com,"ns-1304.awsdns-35.org, awsdns-hostmaster.amazon.com",NOERROR,,,,,,,,,
[x],booking.s3c2-test.sqills.com,"ns-1304.awsdns-35.org, awsdns-hostmaster.amazon.com",NOERROR,,,,,,,,,
[x],booking.s3training-test.sqills.com,"ns-1304.awsdns-35.org, awsdns-hostmaster.amazon.com",NOERROR,,,,,,,,,
[x],booking.shared.ouigo-acc.cloud.sqills.com,"ns-1352.awsdns-41.org, awsdns-hostmaster.amazon.com",NOERROR,"18.158.147.225, 3.69.57.190",,,,,,,,
[x],booking.sj-test.sqills.com,"ns-1304.awsdns-35.org, awsdns-hostmaster.amazon.com",NOERROR,,,,,,,,,
[x],booking.sncf-a-test.sqills.com,"ns-1304.awsdns-35.org, awsdns-hostmaster.amazon.com",NOERROR,,,,,,,,,
[x],booking.sncf-b-test.sqills.com,"ns-1304.awsdns-35.org, awsdns-hostmaster.amazon.com",NOERROR,,,,,,,,,
[x],booking.sqills-b-test.sqills.com,"ns-1304.awsdns-35.org, awsdns-hostmaster.amazon.com",NOERROR,,,,,,,,,
[x],booking.sqills-coe-test.sqills.com,"ns-1304.awsdns-35.org, awsdns-hostmaster.amazon.com",NOERROR,,,,,,,,,
[x],booking.sqills-deep-purple-test.sqills.com,"ns-1304.awsdns-35.org, awsdns-hostmaster.amazon.com",NOERROR,,,,,,,,,
[x],booking.sqills-demo-prod.sqills.com,"ns-1304.awsdns-35.org, awsdns-hostmaster.amazon.com",NOERROR,,,,,,,,,
[x],booking.sqills-dev-x-dev-test.sqills.com,"ns-1304.awsdns-35.org, awsdns-hostmaster.amazon.com",NOERROR,,,,,,,,,
[x],booking.sqills-dev-x-patch-2-test.sqills.com,"ns-1304.awsdns-35.org, awsdns-hostmaster.amazon.com",NOERROR,,,,,,,,,
[x],booking.sqills-dev-x-patch-test.sqills.com,"ns-1304.awsdns-35.org, awsdns-hostmaster.amazon.com",NOERROR,,,,,,,,,
[x],booking.sqills-infra-aws-test.sqills.com,"ns-1304.awsdns-35.org, awsdns-hostmaster.amazon.com",NOERROR,,,,,,,,,
[x],booking.sqills-infra-test.sqills.com,"ns-1304.awsdns-35.org, awsdns-hostmaster.amazon.com",NOERROR,,,,,,,,,
[x],booking.sqills-integration-dev-test.cloud.sqills.com,"ns-1352.awsdns-41.org, awsdns-hostmaster.amazon.com",NOERROR,"3.64.141.11, 18.193.207.143",,,,,,,,
[x],booking.sqills-integration-test.sqills.com,"ns-1304.awsdns-35.org, awsdns-hostmaster.amazon.com",NOERROR,,,,,,,,,
[x],booking.sqills-multi-inventory-test.sqills.com,"ns-1304.awsdns-35.org, awsdns-hostmaster.amazon.com",NOERROR,,,,,,,,,
[x],booking.sqills-patch-1-test.sqills.com,"ns-1304.awsdns-35.org, awsdns-hostmaster.amazon.com",NOERROR,,,,,,,,,
[x],booking.sqills-patch-2-test.sqills.com,"ns-1304.awsdns-35.org, awsdns-hostmaster.amazon.com",NOERROR,,,,,,,,,
[x],booking.sqills-patch-test.sqills.com,"ns-1304.awsdns-35.org, awsdns-hostmaster.amazon.com",NOERROR,,,,,,,,,
[x],booking.sqills-performance-test.sqills.com,"ns-1304.awsdns-35.org, awsdns-hostmaster.amazon.com",NOERROR,,,,,,,,,
[x],booking.sqills-s3a-test.sqills.com,"ns-1304.awsdns-35.org, awsdns-hostmaster.amazon.com",NOERROR,,,,,,,,,
[x],booking.sqills-s3a2-test.sqills.com,"ns-1304.awsdns-35.org, awsdns-hostmaster.amazon.com",NOERROR,,,,,,,,,
[x],booking.sqills-s3c-test.sqills.com,"ns-1304.awsdns-35.org, awsdns-hostmaster.amazon.com",NOERROR,,,,,,,,,
[x],booking.sqills-s3c2-test.sqills.com,"ns-1304.awsdns-35.org, awsdns-hostmaster.amazon.com",NOERROR,,,,,,,,,
[x],booking.sqills-training-test.sqills.com,"ns-1304.awsdns-35.org, awsdns-hostmaster.amazon.com",NOERROR,,,,,,,,,
[x],booking.test-sqills.gce.sqills.com,"ns-1304.awsdns-35.org, awsdns-hostmaster.amazon.com",NOERROR,,,,,,,,,
[x],booking.worldpay-mock.ouigo-preprod-acc.cloud.sqills.com,"ns-1352.awsdns-41.org, awsdns-hostmaster.amazon.com",NOERROR,"3.122.64.69, 3.120.23.204, 52.58.218.239",,,,,,,,
[x],booking2.ouigo-acc.cloud.sqills.com,"ns-1352.awsdns-41.org, awsdns-hostmaster.amazon.com",NOERROR,"3.69.57.190, 18.158.147.225",,,,,,,,
[x],booking2.ouigo-b-acc.cloud.sqills.com,"ns-1352.awsdns-41.org, awsdns-hostmaster.amazon.com",NOERROR,"3.70.101.110, 3.77.77.53, 3.69.133.82",,,,,,,,
[x],booking2.ouigo-training-test.cloud.sqills.com,"ns-1352.awsdns-41.org, awsdns-hostmaster.amazon.com",NOERROR,"35.156.73.12, 3.121.173.94, 18.185.212.175",,,,,,,"heritage=external-dns,external-dns/owner=dns-controller,external-dns/resource=ingress/ouigo-training-test/ouigo-training-test-external-ingress",
[x],builds.accept.sqills.com,"ns-1304.awsdns-35.org, awsdns-hostmaster.amazon.com",NOERROR,84.241.158.138,ext-138.vdc.sqills.com,,,,,,,
[x],calvijn.s3test-b.sqills.com,"ns-1304.awsdns-35.org, awsdns-hostmaster.amazon.com",NOERROR,,,,,,,,,
[x],careers.sqills.com,"ns-261.awsdns-32.com, awsdns-hostmaster.amazon.com",NOERROR,"54.73.162.33, 99.80.0.232, 99.80.128.95",proxy.homerun.co,,,,letsencrypt.org,,,
[x],chat.sqills.com,"ns-1304.awsdns-35.org, awsdns-hostmaster.amazon.com",NOERROR,,,,,,,,,
[x],classifi.sqills.com,"ns-1304.awsdns-35.org, awsdns-hostmaster.amazon.com",NOERROR,,,,,,,,,
[x],community.sqills.com,"ns-1304.awsdns-35.org, awsdns-hostmaster.amazon.com",NOERROR,"18.66.97.90, 18.66.97.121, 18.66.97.71, 18.66.97.29",,True,cloudfront,,,,,
[x],confluence-dr.sqills.com,"ns-1304.awsdns-35.org, awsdns-hostmaster.amazon.com",NOERROR,,,,,,,,,
[x],confluence.sqills.com,"ns-1689.awsdns-19.co.uk, awsdns-hostmaster.amazon.com",NOERROR,"3.69.124.189, 18.192.77.52",sqills-atlassian-loadbalancer-621244439.eu-central-1.elb.amazonaws.com,,,,,,,
[x],copacabana.s3.sqills.com,"ns-1304.awsdns-35.org, awsdns-hostmaster.amazon.com",NOERROR,,,,,,,,,
[x],ctf.red.sqills.team,"ns-364.awsdns-45.com, awsdns-hostmaster.amazon.com",NOERROR,"35.157.25.24, 18.193.160.53",,,,,,,,
[x],cufon.sqills.com,"ns-1304.awsdns-35.org, awsdns-hostmaster.amazon.com",NOERROR,,,,,,,,,
[x],cvs.test.sqills.com,"ns-1304.awsdns-35.org, awsdns-hostmaster.amazon.com",NOERROR,84.241.158.137,ext-137.vdc.sqills.com,,,,,,,
[x],d-cobs-okb.test07.sqills.com,"ns-1304.awsdns-35.org, awsdns-hostmaster.amazon.com",NOERROR,,,,,,,,,
[x],d-cobs.prod.sqills.com,"ns-1304.awsdns-35.org, awsdns-hostmaster.amazon.com",NOERROR,84.241.158.135,ext-135.vdc.sqills.com,,,,,,,
[x],dashboard.booking.ouigo-b-acc.cloud.sqills.com,"ns-1352.awsdns-41.org, awsdns-hostmaster.amazon.com",NOERROR,"3.69.133.82, 3.70.101.110, 3.77.77.53",,,,,,,,
[x],data.demo-prod.sqills.com,"ns-1304.awsdns-35.org, awsdns-hostmaster.amazon.com",NOERROR,,,,,,,,,
[x],data.irishrail-b-test.sqills.com,"ns-1304.awsdns-35.org, awsdns-hostmaster.amazon.com",NOERROR,,,,,,,,,
[x],data.irishrail-data-test.sqills.com,"ns-1304.awsdns-35.org, awsdns-hostmaster.amazon.com",NOERROR,,,,,,,,,
[x],dayroom-hotel.s3.sqills.com,"ns-1304.awsdns-35.org, awsdns-hostmaster.amazon.com",NOERROR,,,,,,,,,
[x],delex.delex.vdc.sqills.com,"ns-1304.awsdns-35.org, awsdns-hostmaster.amazon.com",NOERROR,,,,,,,,,
[x],demo.sqills.com,"ns-1304.awsdns-35.org, awsdns-hostmaster.amazon.com",NOERROR,,,,,,,,,
[x],denachtvanalmelo.s3.sqills.com,"ns-1304.awsdns-35.org, awsdns-hostmaster.amazon.com",NOERROR,,,,,,,,,
[x],design.sqills.com,"ns-1304.awsdns-35.org, awsdns-hostmaster.amazon.com",NOERROR,,,,,,,,,
[x],dsm.sqills.com,"ns-1304.awsdns-35.org, awsdns-hostmaster.amazon.com",NOERROR,,,,,,,,,
[x],dummy.izy-prod.cloud.sqills.com,"ns-1352.awsdns-41.org, awsdns-hostmaster.amazon.com",NOERROR,,,,,,,,,
[x],dummy.ouibus-prod.cloud.sqills.com,"ns-1352.awsdns-41.org, awsdns-hostmaster.amazon.com",NOERROR,"3.73.25.23, 54.93.213.179",,,,,,,,
[x],dummy.ouigo-prod.cloud.sqills.com,"ns-1352.awsdns-41.org, awsdns-hostmaster.amazon.com",NOERROR,"18.196.138.115, 52.58.203.27",,,,"ns-1352.awsdns-41.org, ns-2025.awsdns-61.co.uk, ns-300.awsdns-37.com, ns-926.awsdns-51.net",,,,
[x],espector.sqills.com,"ns-1304.awsdns-35.org, awsdns-hostmaster.amazon.com",NOERROR,,,,,,,,,
[x],estat.sqills.com,"ns-1304.awsdns-35.org, awsdns-hostmaster.amazon.com",NOERROR,,,,,,,,,
[x],exchange.sqills.com,"ns-1304.awsdns-35.org, awsdns-hostmaster.amazon.com",NOERROR,,,,,,,,,
[x],ext-134.vdc.sqills.com,"ns-1304.awsdns-35.org, awsdns-hostmaster.amazon.com",NOERROR,84.241.158.134,,,,,,,,
[x],ext-135.vdc.sqills.com,"ns-1304.awsdns-35.org, awsdns-hostmaster.amazon.com",NOERROR,84.241.158.135,,,,,,,,
[x],ext-137.vdc.sqills.com,"ns-1304.awsdns-35.org, awsdns-hostmaster.amazon.com",NOERROR,84.241.158.137,,,,,,,,
[x],ext-138.vdc.sqills.com,"ns-1304.awsdns-35.org, awsdns-hostmaster.amazon.com",NOERROR,84.241.158.138,,,,,,,,
[x],ext-143.vdc.sqills.com,"ns-1304.awsdns-35.org, awsdns-hostmaster.amazon.com",NOERROR,84.241.158.143,,,,,,,,
[x],ext-147.vdc.sqills.com,"ns-1304.awsdns-35.org, awsdns-hostmaster.amazon.com",NOERROR,84.241.158.147,,,,,,,,
[x],ext-155.vdc.sqills.com,"ns-1304.awsdns-35.org, awsdns-hostmaster.amazon.com",NOERROR,84.241.158.155,,,,,,,,
[x],ext-158.vdc.sqills.com,"ns-1304.awsdns-35.org, awsdns-hostmaster.amazon.com",NOERROR,84.241.158.158,,,,,,,,
[x],fargate.ouigo-acc.cloud.sqills.com,"ns-1352.awsdns-41.org, awsdns-hostmaster.amazon.com",NOERROR,"18.158.147.225, 3.69.57.190",,,,,,,,
[x],firewall.saas.sqills.com,"ns-1304.awsdns-35.org, awsdns-hostmaster.amazon.com",NOERROR,,,,,,,,,
[x],golf.s3accept-b.sqills.com,"ns-1304.awsdns-35.org, awsdns-hostmaster.amazon.com",NOERROR,,,,,,,,,
[x],guard.sqills.com,"ns-1304.awsdns-35.org, awsdns-hostmaster.amazon.com",NOERROR,136.144.175.152,,,,,,,,
[x],guard.test.sqills.com,"ns-1304.awsdns-35.org, awsdns-hostmaster.amazon.com",NOERROR,136.144.175.152,guard.sqills.com,,,,,,,
[x],hdpdocschop.s3.sqills.com,"ns-1304.awsdns-35.org, awsdns-hostmaster.amazon.com",NOERROR,,,,,,,,,
[x],hdpdocschop.s3demo.sqills.com,"ns-1304.awsdns-35.org, awsdns-hostmaster.amazon.com",NOERROR,,,,,,,,,
[x],hkx-booking.test04.sqills.com,"ns-1304.awsdns-35.org, awsdns-hostmaster.amazon.com",NOERROR,,,,,,,,,
[x],hotel.s3.sqills.com,"ns-1304.awsdns-35.org, awsdns-hostmaster.amazon.com",NOERROR,,,,,,,,,
[x],hotelbooking.s3demo.sqills.com,"ns-1304.awsdns-35.org, awsdns-hostmaster.amazon.com",NOERROR,,,,,,,,,
[x],htel.s3demo.sqills.com,"ns-1304.awsdns-35.org, awsdns-hostmaster.amazon.com",NOERROR,,,,,,,,,
[x],ictmodel.delex.vdc.sqills.com,"ns-1304.awsdns-35.org, awsdns-hostmaster.amazon.com",NOERROR,,,,,,,,,
[x],insidedesign.s3.sqills.com,"ns-1304.awsdns-35.org, awsdns-hostmaster.amazon.com",NOERROR,,,,,,,,,
[x],insidedesign.sqills.com,"ns-1304.awsdns-35.org, awsdns-hostmaster.amazon.com",NOERROR,,,,,,,,,
[x],irishrail-a-test.sqills.com,"ns-1304.awsdns-35.org, awsdns-hostmaster.amazon.com",NOERROR,,,,,,,,,
[x],irishrail-b-test.sqills.com,"ns-1304.awsdns-35.org, awsdns-hostmaster.amazon.com",NOERROR,,,,,,,,,
[x],irishrail-data-test.sqills.com,"ns-1304.awsdns-35.org, awsdns-hostmaster.amazon.com",NOERROR,,,,,,,,,
[x],jenkins.dev-q.sqills.com,"ns-1304.awsdns-35.org, awsdns-hostmaster.amazon.com",NOERROR,,,,,,,,,
[x],jenkins.dev-z.sqills.com,"ns-1304.awsdns-35.org, awsdns-hostmaster.amazon.com",NOERROR,,,,,,,,,
[x],jenkins.infra.sqills.com,"ns-1304.awsdns-35.org, awsdns-hostmaster.amazon.com",NOERROR,,,,,,,,,
[x],jenkins.lopd.sqills.com,"ns-1304.awsdns-35.org, awsdns-hostmaster.amazon.com",NOERROR,,,,,,,,,
[x],jenkins.rip.sqills.com,"ns-1304.awsdns-35.org, awsdns-hostmaster.amazon.com",NOERROR,,,,,,,,,
[x],jenkins.s3-architects.sqills.com,"ns-1304.awsdns-35.org, awsdns-hostmaster.amazon.com",NOERROR,,,,,,,,,
[x],jenkins.sqills.com,"ns-1304.awsdns-35.org, awsdns-hostmaster.amazon.com",NOERROR,84.241.158.134,ext-134.vdc.sqills.com,,,,,,,
[x],jira-account-manager.cloud.sqills.com,"ns-137.awsdns-17.com, awsdns-hostmaster.amazon.com",NOERROR,"52.59.78.51, 35.157.219.134",d-uy61915ne3.execute-api.eu-central-1.amazonaws.com,,,,,,,
[x],jira.cloud.sqills.com,"ns-1352.awsdns-41.org, awsdns-hostmaster.amazon.com",NOERROR,,,,,,,,,
[x],jp-monitor.test.sqills.com,"ns-1304.awsdns-35.org, awsdns-hostmaster.amazon.com",NOERROR,84.241.158.137,ext-137.vdc.sqills.com,,,,,,,
[x],k8s-prdbooking.ouigo-preprod-acc.cloud.sqills.com,"ns-1352.awsdns-41.org, awsdns-hostmaster.amazon.com",NOERROR,"52.58.218.239, 3.120.23.204, 3.122.64.69",,,,"ns-1352.awsdns-41.org, ns-2025.awsdns-61.co.uk, ns-300.awsdns-37.com, ns-926.awsdns-51.net",,,,
[x],keyhub.dr.sqills.com,"ns-1304.awsdns-35.org, awsdns-hostmaster.amazon.com",NOERROR,,,,,,,,,
[x],kpn-prod.sqills.com,"ns-1304.awsdns-35.org, awsdns-hostmaster.amazon.com",NOERROR,,,,,,,,,
[x],landbergalpineholidays.s3.sqills.com,"ns-1304.awsdns-35.org, awsdns-hostmaster.amazon.com",NOERROR,,,,,,,,,
[x],libema.s3accept-b.sqills.com,"ns-1304.awsdns-35.org, awsdns-hostmaster.amazon.com",NOERROR,,,,,,,,,
[x],locomore-acc.sqills.com,"ns-1304.awsdns-35.org, awsdns-hostmaster.amazon.com",NOERROR,,,,,,,,,
[x],logs.accept.sqills.com,"ns-1304.awsdns-35.org, awsdns-hostmaster.amazon.com",NOERROR,84.241.158.138,ext-138.vdc.sqills.com,,,,,,,
[x],m.bsantander11.sqills-integration-dev-test.cloud.sqills.com,"ns-1352.awsdns-41.org, awsdns-hostmaster.amazon.com",NOERROR,,,,,,,,,
[x],maandag.s3test-b.sqills.com,"ns-1304.awsdns-35.org, awsdns-hostmaster.amazon.com",NOERROR,,,,,,,,,
[x],mail2.sqills.com,"ns-1304.awsdns-35.org, awsdns-hostmaster.amazon.com",NOERROR,,,,,,,,,
[x],maps.irishrail-data-test.sqills.com,"ns-1304.awsdns-35.org, awsdns-hostmaster.amazon.com",NOERROR,,,,,,,,,
[x],maps.izy-prod.cloud.sqills.com,"ns-1352.awsdns-41.org, awsdns-hostmaster.amazon.com",NOERROR,,,,,,,,,
[x],maps.ouigo-acc.sqills.com,"ns-1352.awsdns-41.org, awsdns-hostmaster.amazon.com",NOERROR,"3.69.57.190, 18.158.147.225",api.ouigo-acc.cloud.sqills.com,,,,,,,
[x],maps.ouigo-b-acc.sqills.com,"ns-1304.awsdns-35.org, awsdns-hostmaster.amazon.com",NOERROR,,,,,,,,,
[x],mock.devv-integration-test.dev-v.sqills.team,"ns-1689.awsdns-19.co.uk, awsdns-hostmaster.amazon.com",NOERROR,"3.69.12.111, 52.57.199.131",refine-devv-integration-test-alb-900512703.eu-central-1.elb.amazonaws.com,,,,,,,
[x],msa.sqills.com,"ns-1304.awsdns-35.org, awsdns-hostmaster.amazon.com",NOERROR,84.241.158.156,,,,,,,,
[x],msa001.sqills.com,"ns-1304.awsdns-35.org, awsdns-hostmaster.amazon.com",NOERROR,84.241.158.139,,,,,,,,
[x],msa002.sqills.com,"ns-1304.awsdns-35.org, awsdns-hostmaster.amazon.com",NOERROR,84.241.158.156,,,,,,,,
[x],msa003.sqills.com,"ns-1304.awsdns-35.org, awsdns-hostmaster.amazon.com",NOERROR,,,,,,,,,
[x],msa004.sqills.com,"ns-1304.awsdns-35.org, awsdns-hostmaster.amazon.com",NOERROR,,,,,,,,,
[x],msm-booking.accept.sqills.com,"ns-1304.awsdns-35.org, awsdns-hostmaster.amazon.com",NOERROR,84.241.158.138,ext-138.vdc.sqills.com,,,,,,,
[x],mta-sts.sqills.com,"ns-1304.awsdns-35.org, awsdns-hostmaster.amazon.com",NOERROR,84.241.158.143,,,,,,,,
[x],naarbuiten.s3.sqills.com,"ns-1304.awsdns-35.org, awsdns-hostmaster.amazon.com",NOERROR,,,,,,,,,
[x],naarbuiten.sqills.com,"ns-1304.awsdns-35.org, awsdns-hostmaster.amazon.com",NOERROR,,,,,,,,,
[x],nachtvanalmelo.sqills.com,"ns-1304.awsdns-35.org, awsdns-hostmaster.amazon.com",NOERROR,,,,,,,,,
[x],netlify.ouigo-acc.sqills.com,"ns-1352.awsdns-41.org, awsdns-hostmaster.amazon.com",NOERROR,"18.158.147.225, 3.69.57.190",api.ouigo-acc.cloud.sqills.com,,,,,,,
[x],nrsadapter.rdg-dev-mi-test.dev-v.sqills.team,"ns-1689.awsdns-19.co.uk, awsdns-hostmaster.amazon.com",NOERROR,"18.195.54.123, 3.70.71.86",rrb-rdg-dev-mi-test-nrsa-alb-24951006.eu-central-1.elb.amazonaws.com,,,,,,,
[x],nrsadapter.rdg-perf-test.dev-v.sqills.team,"ns-1689.awsdns-19.co.uk, awsdns-hostmaster.amazon.com",NOERROR,"18.198.90.203, 18.194.118.32",rrb-rdg-perf-test-nrsa-alb-981127536.eu-central-1.elb.amazonaws.com,,,,,,,
[x],nrsadapter.rdg-ref-mi-acc.dev-v.sqills.team,"ns-1689.awsdns-19.co.uk, awsdns-hostmaster.amazon.com",NOERROR,"3.66.132.235, 3.67.74.22",rrb-rdg-ref-mi-acc-nrsa-alb-1266286733.eu-central-1.elb.amazonaws.com,,,,,,,
[x],nsint-test.sqills.com,"ns-1304.awsdns-35.org, awsdns-hostmaster.amazon.com",NOERROR,,,,,,,,,
[x],oce-acc.sqills.com,"ns-1304.awsdns-35.org, awsdns-hostmaster.amazon.com",NOERROR,,,,,,,,,
[x],oce-preprod.sqills.com,"ns-1304.awsdns-35.org, awsdns-hostmaster.amazon.com",NOERROR,,,,,,,,,
[x],oce-prod.sqills.com,"ns-1304.awsdns-35.org, awsdns-hostmaster.amazon.com",NOERROR,,,,,,,,,
[x],ocebo-api.test.sqills.com,"ns-1304.awsdns-35.org, awsdns-hostmaster.amazon.com",NOERROR,84.241.158.137,ext-137.vdc.sqills.com,,,,,,,
[x],office-enschede.sqills.com,"ns-1304.awsdns-35.org, awsdns-hostmaster.amazon.com",NOERROR,,,,,,,,,
[x],office.sqills.com,"ns-1304.awsdns-35.org, awsdns-hostmaster.amazon.com",NOERROR,,,,,,,,,
[x],old.sqills.com,"ns-1304.awsdns-35.org, awsdns-hostmaster.amazon.com",NOERROR,,,,,,,,,
[x],ouibus-acc.sqills.com,"ns-1304.awsdns-35.org, awsdns-hostmaster.amazon.com",NOERROR,,,,,,,,,
[x],ouibus-backoffice.test.sqills.com,"ns-1304.awsdns-35.org, awsdns-hostmaster.amazon.com",NOERROR,,ext-137.vdc.sqills.com,,,,,,,
[x],ouibus-booking.preprod.sqills.com,"ns-1304.awsdns-35.org, awsdns-hostmaster.amazon.com",NOERROR,,,,,,,,,
[x],ouibus-booking.test.sqills.com,"ns-1304.awsdns-35.org, awsdns-hostmaster.amazon.com",NOERROR,84.241.158.137,ext-137.vdc.sqills.com,,,,,,,
[x],ouigo-acc.sqills.com,"ns-1304.awsdns-35.org, awsdns-hostmaster.amazon.com",NOERROR,,,,,,,,,
[x],ouigo-preprod.sqills.com,"ns-1304.awsdns-35.org, awsdns-hostmaster.amazon.com",NOERROR,,,,,,,,,
[x],ouigo-prod.sqills.com,"ns-1304.awsdns-35.org, awsdns-hostmaster.amazon.com",NOERROR,,,,,,,,,
[x],ouigo-test.sqills.com,"ns-1304.awsdns-35.org, awsdns-hostmaster.amazon.com",NOERROR,,,,,,,,,
[x],ovidius-gvb.prod.sqills.com,"ns-1304.awsdns-35.org, awsdns-hostmaster.amazon.com",NOERROR,84.241.158.135,ext-135.vdc.sqills.com,,,,,,,
[x],ovidius-gvb.test.sqills.com,"ns-1304.awsdns-35.org, awsdns-hostmaster.amazon.com",NOERROR,84.241.158.137,ext-137.vdc.sqills.com,,,,,,,
[x],ovidius-htm.accept.sqills.com,"ns-1304.awsdns-35.org, awsdns-hostmaster.amazon.com",NOERROR,84.241.158.138,ext-138.vdc.sqills.com,,,,,,,
[x],packages.sqills.com,"ns-1304.awsdns-35.org, awsdns-hostmaster.amazon.com",NOERROR,84.241.158.138,ext-138.vdc.sqills.com,,,,,,,
[x],partner.accept.sqills.com,"ns-1304.awsdns-35.org, awsdns-hostmaster.amazon.com",NOERROR,84.241.158.138,ext-138.vdc.sqills.com,,,,,,,
[x],payment.irishrail-b-test.sqills.com,"ns-1304.awsdns-35.org, awsdns-hostmaster.amazon.com",NOERROR,,,,,,,,,
[x],payment.ouibus-acc.sqills.com,"ns-1304.awsdns-35.org, awsdns-hostmaster.amazon.com",NOERROR,,,,,,,,,
[x],payment.ouibus-b-acc.sqills.com,"ns-1304.awsdns-35.org, awsdns-hostmaster.amazon.com",NOERROR,,,,,,,,,
[x],payment.ouibus-preprod.sqills.com,"ns-1304.awsdns-35.org, awsdns-hostmaster.amazon.com",NOERROR,,,,,,,,,
[x],payment.ouigo-acc.sqills.com,"ns-1352.awsdns-41.org, awsdns-hostmaster.amazon.com",NOERROR,"3.69.57.190, 18.158.147.225",api.ouigo-acc.cloud.sqills.com,,,"ns-1352.awsdns-41.org, ns-2025.awsdns-61.co.uk, ns-300.awsdns-37.com, ns-926.awsdns-51.net",,,,
[x],payment.ouigo-b-acc.sqills.com,"ns-1304.awsdns-35.org, awsdns-hostmaster.amazon.com",NOERROR,,,,,,,,,
[x],payment.ouigo-preprod.sqills.com,"ns-1304.awsdns-35.org, awsdns-hostmaster.amazon.com",NOERROR,,,,,,,,,
[x],payment.ouigo-training-test.sqills.com,"ns-1304.awsdns-35.org, awsdns-hostmaster.amazon.com",NOERROR,,,,,,,,,
[x],payment.sqills-dev-x-dev-test.sqills.com,"ns-1304.awsdns-35.org, awsdns-hostmaster.amazon.com",NOERROR,,,,,,,,,
[x],payment.sqills-dev-x-patch-test.sqills.com,"ns-1304.awsdns-35.org, awsdns-hostmaster.amazon.com",NOERROR,,,,,,,,,
[x],paymentengine.test07.sqills.com,"ns-1304.awsdns-35.org, awsdns-hostmaster.amazon.com",NOERROR,,,,,,,,,
[x],pm-bounces.sqills.com,"ns-1077.awsdns-06.org, awsdns-hostmaster.amazon.com",NOERROR,138.197.30.54,pm.mtasv.net,,,,,"p-pm-bounce-smtp01a-aws-useast2a.mtasv.net, p-pm-bounce-smtp01c-aws-useast2c.mtasv.net","google-site-verification=2ltbW8iunE_pv1YaZoVYbntlT_hNyiAaBkhcO9fgZ8s, google-site-verification=pViDNqSauXskObXnIyWwa2KxIP-CAA9GWpasGALiYek, mailru-verification: 7e478ddcd067e847, v=spf1 include:spf.mtasv.net -all",
[x],portal.irishrail-a-test.sqills.com,"ns-1304.awsdns-35.org, awsdns-hostmaster.amazon.com",NOERROR,,,,,,,,,
[x],portal.irishrail-b-test.sqills.com,"ns-1304.awsdns-35.org, awsdns-hostmaster.amazon.com",NOERROR,,,,,,,,,
[x],portal.irishrail-data-test.sqills.com,"ns-1304.awsdns-35.org, awsdns-hostmaster.amazon.com",NOERROR,,,,,,,,,
[x],portal.irishrail-patch-test.sqills.com,"ns-1304.awsdns-35.org, awsdns-hostmaster.amazon.com",NOERROR,,,,,,,,,
[x],portal.queenslandrail-test.sqills.com,"ns-1304.awsdns-35.org, awsdns-hostmaster.amazon.com",NOERROR,,,,,,,,,
[x],prod.s3.sqills.com,"ns-1304.awsdns-35.org, awsdns-hostmaster.amazon.com",NOERROR,,,,,,,,,
[x],prod.sqills.com,"ns-1304.awsdns-35.org, awsdns-hostmaster.amazon.com",NOERROR,,,,,,,,,
[x],prod06.sqills.com,"ns-1304.awsdns-35.org, awsdns-hostmaster.amazon.com",NOERROR,,,,,,,,,
[x],proxy.accept.sqills.com,"ns-1304.awsdns-35.org, awsdns-hostmaster.amazon.com",NOERROR,84.241.158.138,ext-138.vdc.sqills.com,,,,,,,
[x],pure-energie.prod.sqills.com,"ns-1304.awsdns-35.org, awsdns-hostmaster.amazon.com",NOERROR,84.241.158.135,ext-135.vdc.sqills.com,,,,,,,
[x],pure-energie.prod03.sqills.com,"ns-1304.awsdns-35.org, awsdns-hostmaster.amazon.com",NOERROR,,,,,,,,,
[x],qbuzz.accept.sqills.com,"ns-1304.awsdns-35.org, awsdns-hostmaster.amazon.com",NOERROR,,ext-138.vdc.sqills.com,,,,,,,
[x],qvic.s3.sqills.com,"ns-1304.awsdns-35.org, awsdns-hostmaster.amazon.com",NOERROR,,,,,,,,,
[x],qvic.s3demo.sqills.com,"ns-1304.awsdns-35.org, awsdns-hostmaster.amazon.com",NOERROR,,,,,,,,,
[x],ras.rip.sqills.team,"ns-632.awsdns-15.net, awsdns-hostmaster.amazon.com",NOERROR,"3.120.20.45, 52.58.177.90",,,,,,,,
[x],ras.sqills.com,"ns-1304.awsdns-35.org, awsdns-hostmaster.amazon.com",NOERROR,,,,,,,,,
[x],rdg-availability.rdg-ref-mi-acc.dev-v.sqills.team,"ns-1255.awsdns-28.org, awsdns-hostmaster.amazon.com",NOERROR,"3.68.245.200, 54.93.148.9",,,,,,,,
[x],rdg-bat-tp-acc.cloud.sqills.com,,NOERROR,,,,,,,,,
[x],rdg-dist-prod.cloud.sqills.com,,NOERROR,,,,,,,,,
[x],rdgtti-debugger.dev-v-integration.dev-v.sqills.team,"ns-1255.awsdns-28.org, awsdns-hostmaster.amazon.com",NOERROR,,,,,,,,,
[x],rdgtti-debugger.rdg-bat-mi-acc.dev-v.sqills.team,"ns-1255.awsdns-28.org, awsdns-hostmaster.amazon.com",NOERROR,"3.124.174.36, 35.157.83.29",,,,,,,,
[x],rdgtti-debugger.rdg-dev-mi-test.dev-v.sqills.team,"ns-1255.awsdns-28.org, awsdns-hostmaster.amazon.com",NOERROR,"3.73.240.232, 35.156.81.254",,,,,,,,
[x],rdgtti-debugger.rdg-dev-test.dev-v.sqills.team,"ns-1255.awsdns-28.org, awsdns-hostmaster.amazon.com",NOERROR,"3.122.160.52, 3.125.208.174",,,,,,,,
[x],rdgtti-debugger.rdg-ref-mi-acc.dev-v.sqills.team,"ns-1255.awsdns-28.org, awsdns-hostmaster.amazon.com",NOERROR,"3.67.233.229, 18.185.224.137",,,,,,,,
[x],rdgtti-debugger.rdg-uk-mi-prod.dev-v.sqills.team,"ns-1255.awsdns-28.org, awsdns-hostmaster.amazon.com",NOERROR,"52.29.141.82, 52.58.12.46",,,,,,,,
[x],re-fine.dev-v-hullie-dev.dev-v.sqills.team,"ns-1255.awsdns-28.org, awsdns-hostmaster.amazon.com",NOERROR,"52.28.190.148, 3.120.44.232",,,,,,,,
[x],re-fine.devv-integration-test.dev-v.sqills.team,"ns-1255.awsdns-28.org, awsdns-hostmaster.amazon.com",NOERROR,"18.185.201.248, 3.67.103.242",,,,,,,,
[x],re-fine.ouigo-acc.dev-v.sqills.team,"ns-1255.awsdns-28.org, awsdns-hostmaster.amazon.com",NOERROR,"3.68.58.34, 18.159.172.18",,,,,,,,
[x],red.sqills.team,"ns-364.awsdns-45.com, awsdns-hostmaster.amazon.com",NOERROR,"205.251.193.108, 205.251.194.162, 205.251.197.65, 205.251.199.38",,,,"ns-364.awsdns-45.com, ns-1345.awsdns-40.org, ns-674.awsdns-20.net, ns-1830.awsdns-36.co.uk",,,,
[x],rittenregister.sqills.com,"ns-1304.awsdns-35.org, awsdns-hostmaster.amazon.com",NOERROR,,,,,,,,,
[x],rm.demo.sqills.com,"ns-1304.awsdns-35.org, awsdns-hostmaster.amazon.com",NOERROR,,,,,,,,,
[x],rma.sqills.com,"ns-1304.awsdns-35.org, awsdns-hostmaster.amazon.com",NOERROR,,,,,,,,,
[x],s3-portal.eurostar-acc.sqills.com,"ns-1304.awsdns-35.org, awsdns-hostmaster.amazon.com",NOERROR,,,,,,,,,
[x],s3-portal.eurostar-dev-test.sqills.com,"ns-1304.awsdns-35.org, awsdns-hostmaster.amazon.com",NOERROR,,,,,,,,,
[x],s3-portal.eurostar-integration-2-test.sqills.com,"ns-1304.awsdns-35.org, awsdns-hostmaster.amazon.com",NOERROR,,,,,,,,,
[x],s3-portal.eurostar-integration-test.sqills.com,"ns-1304.awsdns-35.org, awsdns-hostmaster.amazon.com",NOERROR,,,,,,,,,
[x],s3-portal.irishrail-b-test.sqills.com,"ns-1304.awsdns-35.org, awsdns-hostmaster.amazon.com",NOERROR,,,,,,,,,
[x],s3-portal.irishrail-patch-test.sqills.com,"ns-1304.awsdns-35.org, awsdns-hostmaster.amazon.com",NOERROR,,,,,,,,,
[x],s3-portal.juniorcie-acc.sqills.com,"ns-1304.awsdns-35.org, awsdns-hostmaster.amazon.com",NOERROR,,,,,,,,,
[x],s3-portal.oce-acc.sqills.com,"ns-1304.awsdns-35.org, awsdns-hostmaster.amazon.com",NOERROR,,,,,,,,,
[x],s3-portal.ocebo-test.sqills.com,"ns-1304.awsdns-35.org, awsdns-hostmaster.amazon.com",NOERROR,,,,,,,,,
[x],s3-portal.ouibus-acc.sqills.com,"ns-1304.awsdns-35.org, awsdns-hostmaster.amazon.com",NOERROR,,,,,,,,,
[x],s3-portal.ouibus-b-acc.sqills.com,"ns-1304.awsdns-35.org, awsdns-hostmaster.amazon.com",NOERROR,,,,,,,,,
[x],s3-portal.ouibus-b-test.sqills.com,"ns-1304.awsdns-35.org, awsdns-hostmaster.amazon.com",NOERROR,,,,,,,,,
[x],s3-portal.ouibus-patch-test.sqills.com,"ns-1304.awsdns-35.org, awsdns-hostmaster.amazon.com",NOERROR,,,,,,,,,
[x],s3-portal.ouigo-acc.sqills.com,"ns-1352.awsdns-41.org, awsdns-hostmaster.amazon.com",NOERROR,"18.158.147.225, 3.69.57.190",api.ouigo-acc.cloud.sqills.com,,,,,,,
[x],s3-portal.ouigo-b-acc.sqills.com,"ns-1304.awsdns-35.org, awsdns-hostmaster.amazon.com",NOERROR,,,,,,,,,
[x],s3-portal.ouigo-preprod.sqills.com,"ns-1304.awsdns-35.org, awsdns-hostmaster.amazon.com",NOERROR,,,,,,,,,
[x],s3-portal.ouigo-training-test.sqills.com,"ns-1304.awsdns-35.org, awsdns-hostmaster.amazon.com",NOERROR,,,,,,,,,
[x],s3-portal.queenslandrail-test.sqills.com,"ns-1304.awsdns-35.org, awsdns-hostmaster.amazon.com",NOERROR,,,,,,,,,
[x],s3-portal.sj-test.sqills.com,"ns-1304.awsdns-35.org, awsdns-hostmaster.amazon.com",NOERROR,,,,,,,,,
[x],s3-portal.sqills-coe-test.sqills.com,"ns-1304.awsdns-35.org, awsdns-hostmaster.amazon.com",NOERROR,,,,,,,,,
[x],s3-portal.sqills-deep-purple-test.sqills.com,"ns-1304.awsdns-35.org, awsdns-hostmaster.amazon.com",NOERROR,,,,,,,,,
[x],s3-portal.sqills-demo-prod.sqills.com,"ns-1304.awsdns-35.org, awsdns-hostmaster.amazon.com",NOERROR,,,,,,,,,
[x],s3-portal.sqills-demo-test.sqills.com,"ns-1304.awsdns-35.org, awsdns-hostmaster.amazon.com",NOERROR,,,,,,,,,
[x],s3-portal.sqills-dev-x-dev-test.sqills.com,"ns-1304.awsdns-35.org, awsdns-hostmaster.amazon.com",NOERROR,,,,,,,,,
[x],s3-portal.sqills-infra-test.sqills.com,"ns-1304.awsdns-35.org, awsdns-hostmaster.amazon.com",NOERROR,,,,,,,,,
[x],s3-portal.sqills-integration-dev-test.cloud.sqills.com,"ns-1352.awsdns-41.org, awsdns-hostmaster.amazon.com",NOERROR,"3.64.141.11, 18.193.207.143",,,,,,,,
[x],s3-portal.sqills-integration-test.sqills.com,"ns-1304.awsdns-35.org, awsdns-hostmaster.amazon.com",NOERROR,,,,,,,,,
[x],s3-portal.sqills-patch-1-test.sqills.com,"ns-1304.awsdns-35.org, awsdns-hostmaster.amazon.com",NOERROR,,,,,,,,,
[x],s3-portal.sqills-patch-2-test.sqills.com,"ns-1304.awsdns-35.org, awsdns-hostmaster.amazon.com",NOERROR,,,,,,,,,
[x],s3-portal.sqills-patch-test.sqills.com,"ns-1304.awsdns-35.org, awsdns-hostmaster.amazon.com",NOERROR,,,,,,,,,
[x],s3-test.sqills.com,"ns-1304.awsdns-35.org, awsdns-hostmaster.amazon.com",NOERROR,,,,,,,,,
[x],s3.ouigo-acc.sqills.com,"ns-1352.awsdns-41.org, awsdns-hostmaster.amazon.com",NOERROR,"3.69.57.190, 18.158.147.225",api.ouigo-acc.cloud.sqills.com,,,,,,,
[x],s3a-backoffice.test.sqills.com,"ns-1304.awsdns-35.org, awsdns-hostmaster.amazon.com",NOERROR,84.241.158.137,ext-137.vdc.sqills.com,,,,,,,
[x],s3accept-b.sqills.com,"ns-1304.awsdns-35.org, awsdns-hostmaster.amazon.com",NOERROR,,,,,,,,,
[x],s3archi.cloud.sqills.com,"ns-1352.awsdns-41.org, awsdns-hostmaster.amazon.com",NOERROR,,,,,,,,,
[x],s3demo.sqills.com,"ns-1304.awsdns-35.org, awsdns-hostmaster.amazon.com",NOERROR,,,,,,,,,
[x],s3mgmtspacewalk.saas.sqills.com,"ns-1304.awsdns-35.org, awsdns-hostmaster.amazon.com",NOERROR,,,,,,,,,
[x],s3p-abc.izy-acc.cloud.sqills.com,"ns-1352.awsdns-41.org, awsdns-hostmaster.amazon.com",NOERROR,,,,,,,,,
[x],s3p-abc.izy-prod.cloud.sqills.com,"ns-1352.awsdns-41.org, awsdns-hostmaster.amazon.com",NOERROR,,,,,,,,,
[x],s3p-abc.izy-test.cloud.sqills.com,"ns-1352.awsdns-41.org, awsdns-hostmaster.amazon.com",NOERROR,,,,,,,,,
[x],s3p-amplifier.ocebo-test.sqills.com,"ns-1304.awsdns-35.org, awsdns-hostmaster.amazon.com",NOERROR,,,,,,,,,
[x],s3p-amplifier.ouibus-acc.sqills.com,"ns-1304.awsdns-35.org, awsdns-hostmaster.amazon.com",NOERROR,,,,,,,,,
[x],s3p-amplifier.ouibus-b-acc.sqills.com,"ns-1304.awsdns-35.org, awsdns-hostmaster.amazon.com",NOERROR,,,,,,,,,
[x],s3p-amplifier.ouibus-preprod.sqills.com,"ns-1304.awsdns-35.org, awsdns-hostmaster.amazon.com",NOERROR,,,,,,,,,
[x],s3p-amplifier.ouigo-acc.sqills.com,"ns-1352.awsdns-41.org, awsdns-hostmaster.amazon.com",NOERROR,"3.69.57.190, 18.158.147.225",api.ouigo-acc.cloud.sqills.com,,,,,,,
[x],s3p-amplifier.ouigo-b-acc.sqills.com,"ns-1304.awsdns-35.org, awsdns-hostmaster.amazon.com",NOERROR,,,,,,,,,
[x],s3p-amplifier.ouigo-preprod.sqills.com,"ns-1304.awsdns-35.org, awsdns-hostmaster.amazon.com",NOERROR,,,,,,,,,
[x],s3p-amplifier.ouigo-training-test.sqills.com,"ns-1304.awsdns-35.org, awsdns-hostmaster.amazon.com",NOERROR,,,,,,,,,
[x],s3p-amplifier.sqills-dev-x-dev-test.sqills.com,"ns-1304.awsdns-35.org, awsdns-hostmaster.amazon.com",NOERROR,,,,,,,,,
[x],s3p-amplifier.sqills-dev-x-patch-1-test.sqills.com,"ns-1304.awsdns-35.org, awsdns-hostmaster.amazon.com",NOERROR,,,,,,,,,
[x],s3p-amplifier.sqills-dev-x-patch-2-test.sqills.com,"ns-1304.awsdns-35.org, awsdns-hostmaster.amazon.com",NOERROR,,,,,,,,,
[x],s3p-amplifier.sqills-dev-x-patch-test.sqills.com,"ns-1304.awsdns-35.org, awsdns-hostmaster.amazon.com",NOERROR,,,,,,,,,
[x],s3p-care.irishrail-b-test.sqills.com,"ns-1304.awsdns-35.org, awsdns-hostmaster.amazon.com",NOERROR,,,,,,,,,
[x],s3p-care.ocebo-test.sqills.com,"ns-1304.awsdns-35.org, awsdns-hostmaster.amazon.com",NOERROR,,,,,,,,,
[x],s3p-care.ouibus-acc.sqills.com,"ns-1304.awsdns-35.org, awsdns-hostmaster.amazon.com",NOERROR,,,,,,,,,
[x],s3p-care.ouibus-b-acc.sqills.com,"ns-1304.awsdns-35.org, awsdns-hostmaster.amazon.com",NOERROR,,,,,,,,,
[x],s3p-care.ouibus-preprod.sqills.com,"ns-1304.awsdns-35.org, awsdns-hostmaster.amazon.com",NOERROR,,,,,,,,,
[x],s3p-care.ouigo-acc.sqills.com,"ns-1352.awsdns-41.org, awsdns-hostmaster.amazon.com",NOERROR,"18.158.147.225, 3.69.57.190",api.ouigo-acc.cloud.sqills.com,,,,,,,
[x],s3p-care.ouigo-b-acc.sqills.com,"ns-1304.awsdns-35.org, awsdns-hostmaster.amazon.com",NOERROR,,,,,,,,,
[x],s3p-care.ouigo-preprod.sqills.com,"ns-1304.awsdns-35.org, awsdns-hostmaster.amazon.com",NOERROR,,,,,,,,,
[x],s3p-care.ouigo-training-test.sqills.com,"ns-1304.awsdns-35.org, awsdns-hostmaster.amazon.com",NOERROR,,,,,,,,,
[x],s3p-care.sqills-dev-x-dev-test.sqills.com,"ns-1304.awsdns-35.org, awsdns-hostmaster.amazon.com",NOERROR,,,,,,,,,
[x],s3p-care.sqills-dev-x-patch-1-test.sqills.com,"ns-1304.awsdns-35.org, awsdns-hostmaster.amazon.com",NOERROR,,,,,,,,,
[x],s3p-care.sqills-dev-x-patch-2-test.sqills.com,"ns-1304.awsdns-35.org, awsdns-hostmaster.amazon.com",NOERROR,,,,,,,,,
[x],s3p-care.sqills-dev-x-patch-test.sqills.com,"ns-1304.awsdns-35.org, awsdns-hostmaster.amazon.com",NOERROR,,,,,,,,,
[x],s3p-cat.sqills.team,"ns-1255.awsdns-28.org, awsdns-hostmaster.amazon.com",NOERROR,"3.77.65.234, 3.125.220.153",,,,,,,,
[x],s3p-cgi.ter-hno-dev-test.cloud.sqills.com,"ns-1352.awsdns-41.org, awsdns-hostmaster.amazon.com",NOERROR,"52.29.218.168, 3.64.100.239",,,,,,,,
[x],s3p-cgi.ter-hno-preprod-acc.cloud.sqills.com,"ns-1352.awsdns-41.org, awsdns-hostmaster.amazon.com",NOERROR,"18.195.83.154, 18.198.163.243",,,,,,,,
[x],s3p-cgi.ter-hno-prod.cloud.sqills.com,"ns-1352.awsdns-41.org, awsdns-hostmaster.amazon.com",NOERROR,"3.127.143.39, 54.93.201.85",,,,,,,"heritage=external-dns,external-dns/owner=dns-controller,external-dns/resource=ingress/ter-hno-prod/ter-hno-prod-external-ingress",
[x],s3p-cgi.ter-hno-training-test.cloud.sqills.com,"ns-1352.awsdns-41.org, awsdns-hostmaster.amazon.com",NOERROR,"52.29.122.85, 18.196.98.242",,,,,,,,
[x],s3p-core.irishrail-b-test.sqills.com,"ns-1304.awsdns-35.org, awsdns-hostmaster.amazon.com",NOERROR,,,,,,,,,
[x],s3p-core.ocebo-test.sqills.com,"ns-1304.awsdns-35.org, awsdns-hostmaster.amazon.com",NOERROR,,,,,,,,,
[x],s3p-core.ouibus-acc.sqills.com,"ns-1304.awsdns-35.org, awsdns-hostmaster.amazon.com",NOERROR,,,,,,,,,
[x],s3p-core.ouibus-preprod.sqills.com,"ns-1304.awsdns-35.org, awsdns-hostmaster.amazon.com",NOERROR,,,,,,,,,
[x],s3p-core.ouigo-b-acc.sqills.com,"ns-1304.awsdns-35.org, awsdns-hostmaster.amazon.com",NOERROR,,,,,,,,,
[x],s3p-core.ouigo-preprod.sqills.com,"ns-1304.awsdns-35.org, awsdns-hostmaster.amazon.com",NOERROR,,,,,,,,,
[x],s3p-core.ouigo-training-test.sqills.com,"ns-1304.awsdns-35.org, awsdns-hostmaster.amazon.com",NOERROR,,,,,,,,,
[x],s3p-core.sqills-dev-x-dev-test.sqills.com,"ns-1304.awsdns-35.org, awsdns-hostmaster.amazon.com",NOERROR,,,,,,,,,
[x],s3p-core.sqills-dev-x-patch-1-test.sqills.com,"ns-1304.awsdns-35.org, awsdns-hostmaster.amazon.com",NOERROR,,,,,,,,,
[x],s3p-core.sqills-dev-x-patch-2-test.sqills.com,"ns-1304.awsdns-35.org, awsdns-hostmaster.amazon.com",NOERROR,,,,,,,,,
[x],s3p-core.sqills-dev-x-patch-test.sqills.com,"ns-1304.awsdns-35.org, awsdns-hostmaster.amazon.com",NOERROR,,,,,,,,,
[x],s3p-deep-purple.eurostar-dev-test.sqills.com,"ns-1304.awsdns-35.org, awsdns-hostmaster.amazon.com",NOERROR,,,,,,,,,
[x],s3p-deep-purple.eurostar-integration-2-test.sqills.com,"ns-1304.awsdns-35.org, awsdns-hostmaster.amazon.com",NOERROR,,,,,,,,,
[x],s3p-deep-purple.eurostar-integration-test.sqills.com,"ns-1304.awsdns-35.org, awsdns-hostmaster.amazon.com",NOERROR,,,,,,,,,
[x],s3p-deep-purple.sqills-coe-test.sqills.com,"ns-1304.awsdns-35.org, awsdns-hostmaster.amazon.com",NOERROR,,,,,,,,,
[x],s3p-deep-purple.sqills-deep-purple-test.sqills.com,"ns-1304.awsdns-35.org, awsdns-hostmaster.amazon.com",NOERROR,,,,,,,,,
[x],s3p-flipper.sqills-multi-tenant-prod.cloud.sqills.com,"ns-1352.awsdns-41.org, awsdns-hostmaster.amazon.com",NOERROR,,,,,,,,,
[x],s3p-jdarpo.irishrail-b-test.sqills.com,"ns-1304.awsdns-35.org, awsdns-hostmaster.amazon.com",NOERROR,,,,,,,,,
[x],s3p-jdarpo.ocebo-test.sqills.com,"ns-1304.awsdns-35.org, awsdns-hostmaster.amazon.com",NOERROR,,,,,,,,,
[x],s3p-jdarpo.ouibus-acc.sqills.com,"ns-1304.awsdns-35.org, awsdns-hostmaster.amazon.com",NOERROR,,,,,,,,,
[x],s3p-jdarpo.ouibus-b-acc.sqills.com,"ns-1304.awsdns-35.org, awsdns-hostmaster.amazon.com",NOERROR,,,,,,,,,
[x],s3p-jdarpo.ouigo-acc.sqills.com,"ns-1352.awsdns-41.org, awsdns-hostmaster.amazon.com",NOERROR,"18.158.147.225, 3.69.57.190",api.ouigo-acc.cloud.sqills.com,,,,,,,
[x],s3p-jdarpo.ouigo-b-acc.sqills.com,"ns-1304.awsdns-35.org, awsdns-hostmaster.amazon.com",NOERROR,,,,,,,,,
[x],s3p-jdarpo.ouigo-preprod.sqills.com,"ns-1304.awsdns-35.org, awsdns-hostmaster.amazon.com",NOERROR,,,,,,,,,
[x],s3p-jdarpo.sqills-dev-x-dev-test.sqills.com,"ns-1304.awsdns-35.org, awsdns-hostmaster.amazon.com",NOERROR,,,,,,,,,
[x],s3p-jdarpo.sqills-dev-x-patch-1-test.sqills.com,"ns-1304.awsdns-35.org, awsdns-hostmaster.amazon.com",NOERROR,,,,,,,,,
[x],s3p-jdarpo.sqills-dev-x-patch-2-test.sqills.com,"ns-1304.awsdns-35.org, awsdns-hostmaster.amazon.com",NOERROR,,,,,,,,,
[x],s3p-jdarpo.sqills-dev-x-patch-test.sqills.com,"ns-1304.awsdns-35.org, awsdns-hostmaster.amazon.com",NOERROR,,,,,,,,,
[x],s3p-jenkins.oce-acc.sqills.com,"ns-1304.awsdns-35.org, awsdns-hostmaster.amazon.com",NOERROR,,,,,,,,,
[x],s3p-jenkins.ocebo-test.sqills.com,"ns-1304.awsdns-35.org, awsdns-hostmaster.amazon.com",NOERROR,,,,,,,,,
[x],s3p-jenkins.ouibus-acc.sqills.com,"ns-1304.awsdns-35.org, awsdns-hostmaster.amazon.com",NOERROR,,,,,,,,,
[x],s3p-jenkins.ouibus-b-acc.sqills.com,"ns-1304.awsdns-35.org, awsdns-hostmaster.amazon.com",NOERROR,,,,,,,,,
[x],s3p-jenkins.ouibus-preprod.sqills.com,"ns-1304.awsdns-35.org, awsdns-hostmaster.amazon.com",NOERROR,,,,,,,,,
[x],s3p-jenkins.ouigo-acc.sqills.com,"ns-1352.awsdns-41.org, awsdns-hostmaster.amazon.com",NOERROR,"3.69.57.190, 18.158.147.225",api.ouigo-acc.cloud.sqills.com,,,,,,,
[x],s3p-jenkins.ouigo-b-acc.sqills.com,"ns-1304.awsdns-35.org, awsdns-hostmaster.amazon.com",NOERROR,,,,,,,,,
[x],s3p-jenkins.ouigo-preprod.sqills.com,"ns-1304.awsdns-35.org, awsdns-hostmaster.amazon.com",NOERROR,,,,,,,,,
[x],s3p-jenkins.ouigo-training-test.sqills.com,"ns-1304.awsdns-35.org, awsdns-hostmaster.amazon.com",NOERROR,,,,,,,,,
[x],s3p-jenkins.queenslandrail-test.sqills.com,"ns-1304.awsdns-35.org, awsdns-hostmaster.amazon.com",NOERROR,,,,,,,,,
[x],s3p-jenkins.sqills-deep-purple-test.sqills.com,"ns-1304.awsdns-35.org, awsdns-hostmaster.amazon.com",NOERROR,,,,,,,,,
[x],s3p-jenkins.sqills-demo-prod.sqills.com,"ns-1304.awsdns-35.org, awsdns-hostmaster.amazon.com",NOERROR,,,,,,,,,
[x],s3p-jenkins.sqills-dev-x-patch-2-test.sqills.com,"ns-1304.awsdns-35.org, awsdns-hostmaster.amazon.com",NOERROR,,,,,,,,,
[x],s3p-jenkins.sqills-dev-x-patch-test.sqills.com,"ns-1304.awsdns-35.org, awsdns-hostmaster.amazon.com",NOERROR,,,,,,,,,
[x],s3p-jenkins.sqills-infra-test.sqills.com,"ns-1304.awsdns-35.org, awsdns-hostmaster.amazon.com",NOERROR,,,,,,,,,
[x],s3p-jenkins.sqills-integration-test.sqills.com,"ns-1304.awsdns-35.org, awsdns-hostmaster.amazon.com",NOERROR,,,,,,,,,
[x],s3p-jenkins.sqills-patch-1-test.sqills.com,"ns-1304.awsdns-35.org, awsdns-hostmaster.amazon.com",NOERROR,,,,,,,,,
[x],s3p-orientation.irishrail-b-test.sqills.com,"ns-1304.awsdns-35.org, awsdns-hostmaster.amazon.com",NOERROR,,,,,,,,,
[x],s3p-orientation.ocebo-test.sqills.com,"ns-1304.awsdns-35.org, awsdns-hostmaster.amazon.com",NOERROR,,,,,,,,,
[x],s3p-orientation.ouibus-acc.sqills.com,"ns-1304.awsdns-35.org, awsdns-hostmaster.amazon.com",NOERROR,,,,,,,,,
[x],s3p-orientation.ouibus-preprod.sqills.com,"ns-1304.awsdns-35.org, awsdns-hostmaster.amazon.com",NOERROR,,,,,,,,,
[x],s3p-orientation.ouigo-b-acc.sqills.com,"ns-1304.awsdns-35.org, awsdns-hostmaster.amazon.com",NOERROR,,,,,,,,,
[x],s3p-orientation.ouigo-preprod.sqills.com,"ns-1304.awsdns-35.org, awsdns-hostmaster.amazon.com",NOERROR,,,,,,,,,
[x],s3p-orientation.ouigo-training-test.sqills.com,"ns-1304.awsdns-35.org, awsdns-hostmaster.amazon.com",NOERROR,,,,,,,,,
[x],s3p-orientation.sqills-dev-x-dev-test.sqills.com,"ns-1304.awsdns-35.org, awsdns-hostmaster.amazon.com",NOERROR,,,,,,,,,
[x],s3p-orientation.sqills-dev-x-patch-1-test.sqills.com,"ns-1304.awsdns-35.org, awsdns-hostmaster.amazon.com",NOERROR,,,,,,,,,
[x],s3p-orientation.sqills-dev-x-patch-2-test.sqills.com,"ns-1304.awsdns-35.org, awsdns-hostmaster.amazon.com",NOERROR,,,,,,,,,
[x],s3p-osdm.cloud.sqills.com,"ns-1352.awsdns-41.org, awsdns-hostmaster.amazon.com",NOERROR,52.58.74.127,,,,,,,,
[x],s3p-sbsg.falbala-dev-test.cloud.sqills.com,"ns-1352.awsdns-41.org, awsdns-hostmaster.amazon.com",NOERROR,"3.65.167.227, 3.64.243.92",,,,,,,,
[x],s3p-sbsg.falbala-preprod-test.cloud.sqills.com,"ns-1352.awsdns-41.org, awsdns-hostmaster.amazon.com",NOERROR,"3.124.20.251, 3.73.151.53",,,,,,,,
[x],s3p-sbsg.ouigoespana-prod.cloud.sqills.com,"ns-1689.awsdns-19.co.uk, awsdns-hostmaster.amazon.com",NOERROR,"3.74.232.170, 3.74.22.64",s3p-sbsg-ouigoespana-prod-2102164912.eu-central-1.elb.amazonaws.com,,,,,,,
[x],s3p-shield-kube-rollouts-webhook-61f49a6.dev-p.sqills.team,,NOERROR,,,,,,,,,
[x],s3p-shield-kube-rollouts-webhook-7e5b25c.dev-p.sqills.team,,NOERROR,54.144.128.85,,,,,,,,
[x],s3p-shield-kube-rollouts-webhook-c3d44c7.dev-p.sqills.team,,NOERROR,,,,,,,,,
[x],s3p-ssim.irishrail-b-test.sqills.com,"ns-1304.awsdns-35.org, awsdns-hostmaster.amazon.com",NOERROR,,,,,,,,,
[x],s3p-ssim.ocebo-test.sqills.com,"ns-1304.awsdns-35.org, awsdns-hostmaster.amazon.com",NOERROR,,,,,,,,,
[x],s3p-ssim.ouibus-acc.sqills.com,"ns-1304.awsdns-35.org, awsdns-hostmaster.amazon.com",NOERROR,,,,,,,,,
[x],s3p-ssim.ouibus-b-acc.sqills.com,"ns-1304.awsdns-35.org, awsdns-hostmaster.amazon.com",NOERROR,,,,,,,,,
[x],s3p-ssim.ouibus-preprod.sqills.com,"ns-1304.awsdns-35.org, awsdns-hostmaster.amazon.com",NOERROR,,,,,,,,,
[x],s3p-ssim.ouigo-acc.sqills.com,"ns-1352.awsdns-41.org, awsdns-hostmaster.amazon.com",NOERROR,"18.158.147.225, 3.69.57.190",api.ouigo-acc.cloud.sqills.com,,,,,,,
[x],s3p-ssim.ouigo-b-acc.sqills.com,"ns-1304.awsdns-35.org, awsdns-hostmaster.amazon.com",NOERROR,,,,,,,,,
[x],s3p-ssim.ouigo-training-test.sqills.com,"ns-1304.awsdns-35.org, awsdns-hostmaster.amazon.com",NOERROR,,,,,,,,,
[x],s3p-ssim.sqills-dev-x-dev-test.sqills.com,"ns-1304.awsdns-35.org, awsdns-hostmaster.amazon.com",NOERROR,,,,,,,,,
[x],s3p-ssim.sqills-dev-x-patch-1-test.sqills.com,"ns-1304.awsdns-35.org, awsdns-hostmaster.amazon.com",NOERROR,,,,,,,,,
[x],s3p-ssim.sqills-dev-x-patch-2-test.sqills.com,"ns-1304.awsdns-35.org, awsdns-hostmaster.amazon.com",NOERROR,,,,,,,,,
[x],s3p-ssim.sqills-dev-x-patch-test.sqills.com,"ns-1304.awsdns-35.org, awsdns-hostmaster.amazon.com",NOERROR,,,,,,,,,
[x],s3passenger-backoffice.sqills.com,"ns-1304.awsdns-35.org, awsdns-hostmaster.amazon.com",NOERROR,,,,,,,,,
[x],s3passenger-backoffice.test.sqills.com,"ns-1304.awsdns-35.org, awsdns-hostmaster.amazon.com",NOERROR,84.241.158.137,ext-137.vdc.sqills.com,,,,,,,
[x],s3test-b.sqills.com,"ns-1304.awsdns-35.org, awsdns-hostmaster.amazon.com",NOERROR,,,,,,,,,
[x],sas.sqills.com,"ns-1304.awsdns-35.org, awsdns-hostmaster.amazon.com",NOERROR,,,,,,,,,
[x],satis.sqills.com,"ns-1304.awsdns-35.org, awsdns-hostmaster.amazon.com",NOERROR,84.241.158.143,ext-143.vdc.sqills.com,,,,,,,
[x],shepard.dev-v-laurens.dev-v.sqills.team,"ns-1255.awsdns-28.org, awsdns-hostmaster.amazon.com",NOERROR,"18.157.153.254, 3.121.146.213",,,,,,,,
[x],shepard.rdg-bat-mi-acc.dev-v.sqills.team,"ns-1255.awsdns-28.org, awsdns-hostmaster.amazon.com",NOERROR,"3.123.109.135, 18.192.188.62",,,,,,,,
[x],shepard.rdg-dev-mi-test.dev-v.sqills.team,"ns-1255.awsdns-28.org, awsdns-hostmaster.amazon.com",NOERROR,"3.122.184.50, 3.65.76.86",,,,,,,,
[x],shepard.rdg-perf-test.dev-v.sqills.team,"ns-1255.awsdns-28.org, awsdns-hostmaster.amazon.com",NOERROR,,,,,,,,,
[x],shepard.rdg-uk-mi-prod.dev-v.sqills.team,"ns-1255.awsdns-28.org, awsdns-hostmaster.amazon.com",NOERROR,"18.198.96.128, 18.198.76.240",,,,,,,,
[x],sitges.s3.sqills.com,"ns-1304.awsdns-35.org, awsdns-hostmaster.amazon.com",NOERROR,,,,,,,,,
[x],slack.lopd.sqills.team,"ns-1255.awsdns-28.org, awsdns-hostmaster.amazon.com",NOERROR,"3.72.30.80, 18.158.26.164",,,,"ns-1255.awsdns-28.org, ns-1832.awsdns-37.co.uk, ns-554.awsdns-05.net, ns-68.awsdns-08.com",,,,
[x],sonar.sqills.com,"ns-1304.awsdns-35.org, awsdns-hostmaster.amazon.com",NOERROR,84.241.158.134,ext-134.vdc.sqills.com,,,,,,,
[x],sonarqube.booking.ouigo-prod.cloud.sqills.com,"ns-1352.awsdns-41.org, awsdns-hostmaster.amazon.com",NOERROR,"18.196.138.115, 52.58.203.27",,,,,,,,
[x],sonarqube.dev-p.sqills.team,"ns-451.awsdns-56.com, awsdns-hostmaster.amazon.com",NOERROR,"52.28.169.154, 18.196.130.203",,,,,,,,
[x],sonarqube.lopd.cloud.sqills.com,"ns-1352.awsdns-41.org, awsdns-hostmaster.amazon.com",NOERROR,,,,,,,,,
[x],sonarqube.platform.sqills.team,"ns-219.awsdns-27.com, awsdns-hostmaster.amazon.com",NOERROR,"52.59.152.185, 35.156.97.246",,,,,,,,
[x],sqills-dev-x-patch-1-test.cloud.sqills.com,,NOERROR,,,,,,,,,
[x],sqills-dev-x-patch-test.prod.sqills.com,"ns-1304.awsdns-35.org, awsdns-hostmaster.amazon.com",NOERROR,84.241.158.135,ext-135.vdc.sqills.com,,,,,,,
[x],sqills.com,"ns-1304.awsdns-35.org, awsdns-hostmaster.amazon.com",NOERROR,136.144.175.152,,,,"ns-303.awsdns-37.com, ns-799.awsdns-35.net, ns-1304.awsdns-35.org, ns-1853.awsdns-39.co.uk","mailto:support@sqills.com, amazon.com, sectigo.com","aspmx.l.google.com, alt1.aspmx.l.google.com, alt2.aspmx.l.google.com, alt3.aspmx.l.google.com, alt4.aspmx.l.google.com","v=spf1 include:_spf.sqills.com ~all, apple-domain-verification=Dhj79J5jQbtwY5L5, docker-verification=6de3b7db-b4a5-4c4c-9841-27dc73a0ba82, google-site-verification=h3qZgegj_EvTfSpk5CEQL_zW500N2q_keFloM1dOcQI",
[x],sqills.team,"ns-1255.awsdns-28.org, awsdns-hostmaster.amazon.com",NOERROR,,,,,"ns-1255.awsdns-28.org, ns-1832.awsdns-37.co.uk, ns-554.awsdns-05.net, ns-68.awsdns-08.com","mailto:support@sqills.com, amazon.com",,,
[x],ssim.ouibus-acc.sqills.com,"ns-1304.awsdns-35.org, awsdns-hostmaster.amazon.com",NOERROR,,,,,,,,,
[x],ssim.ouigo-acc.sqills.com,"ns-1352.awsdns-41.org, awsdns-hostmaster.amazon.com",NOERROR,"3.69.57.190, 18.158.147.225",api.ouigo-acc.cloud.sqills.com,,,,,,,
[x],ssim.ouigo-preprod.sqills.com,"ns-1304.awsdns-35.org, awsdns-hostmaster.amazon.com",NOERROR,,,,,,,,,
[x],stash.sqills.com,"ns-1304.awsdns-35.org, awsdns-hostmaster.amazon.com",NOERROR,84.241.158.143,ext-143.vdc.sqills.com,,,,,,,
[x],statics.sqills.com,"ns-1455.awsdns-53.org, awsdns-hostmaster.amazon.com",NOERROR,"18.165.98.62, 18.165.98.24, 18.165.98.95, 18.165.98.70, 205.251.192.44, 205.251.195.7, 205.251.197.175, 205.251.198.183",d31gt25bta3e0a.cloudfront.net,True,cloudfront,"ns-44.awsdns-05.com, ns-1455.awsdns-53.org, ns-775.awsdns-32.net, ns-1719.awsdns-22.co.uk",,,,"2600:9000:24f5:8400:1d:3a8d:ea80:93a1, 2600:9000:24f5:a800:1d:3a8d:ea80:93a1, 2600:9000:24f5:3200:1d:3a8d:ea80:93a1, 2600:9000:24f5:9c00:1d:3a8d:ea80:93a1, 2600:9000:24f5:a00:1d:3a8d:ea80:93a1, 2600:9000:24f5:1e00:1d:3a8d:ea80:93a1, 2600:9000:24f5:1800:1d:3a8d:ea80:93a1, 2600:9000:24f5:5e00:1d:3a8d:ea80:93a1"
[x],stripe.ouigo-acc.sqills.com,"ns-1352.awsdns-41.org, awsdns-hostmaster.amazon.com",NOERROR,"18.158.147.225, 3.69.57.190",api.ouigo-acc.cloud.sqills.com,,,,,,,
[x],support.dr.sqills.com,"ns-1304.awsdns-35.org, awsdns-hostmaster.amazon.com",NOERROR,,,,,,,,,
[x],support.sqills.com,"ns-1689.awsdns-19.co.uk, awsdns-hostmaster.amazon.com",NOERROR,"3.69.124.189, 18.192.77.52",sqills-atlassian-loadbalancer-621244439.eu-central-1.elb.amazonaws.com,,,"ns-1326.awsdns-37.org, ns-1689.awsdns-19.co.uk, ns-417.awsdns-52.com, ns-613.awsdns-12.net",,,,
[x],svn.sqills.com,"ns-1304.awsdns-35.org, awsdns-hostmaster.amazon.com",NOERROR,,,,,,,,,
[x],syntus.accept.sqills.com,"ns-1304.awsdns-35.org, awsdns-hostmaster.amazon.com",NOERROR,84.241.158.138,ext-138.vdc.sqills.com,,,,,,,
[x],syntus.test.sqills.com,"ns-1304.awsdns-35.org, awsdns-hostmaster.amazon.com",NOERROR,84.241.158.137,ext-137.vdc.sqills.com,,,,,,,
[x],syntus2.vmprod01.sqills.com,"ns-1304.awsdns-35.org, awsdns-hostmaster.amazon.com",NOERROR,,,,,,,,,
[x],tech.accept.sqills.com,"ns-1304.awsdns-35.org, awsdns-hostmaster.amazon.com",NOERROR,84.241.158.138,ext-138.vdc.sqills.com,,,,,,,
[x],template.irishrail-data-test.sqills.com,"ns-1304.awsdns-35.org, awsdns-hostmaster.amazon.com",NOERROR,,,,,,,,,
[x],template.izy-prod.cloud.sqills.com,"ns-1352.awsdns-41.org, awsdns-hostmaster.amazon.com",NOERROR,,,,,,,,,
[x],template.ouigo-acc.sqills.com,"ns-1352.awsdns-41.org, awsdns-hostmaster.amazon.com",NOERROR,"3.69.57.190, 18.158.147.225",api.ouigo-acc.cloud.sqills.com,,,,,,,
[x],template.ouigo-b-acc.sqills.com,"ns-1304.awsdns-35.org, awsdns-hostmaster.amazon.com",NOERROR,,,,,,,,,
[x],template.ouigo-preprod.sqills.com,"ns-1304.awsdns-35.org, awsdns-hostmaster.amazon.com",NOERROR,,,,,,,,,
[x],tesowebsite.accept.sqills.com,"ns-1304.awsdns-35.org, awsdns-hostmaster.amazon.com",NOERROR,84.241.158.138,ext-138.vdc.sqills.com,,,,,,,
[x],test.prod.sqills.com,"ns-1304.awsdns-35.org, awsdns-hostmaster.amazon.com",NOERROR,84.241.158.135,ext-135.vdc.sqills.com,,,,,,,
[x],test.sqills.com,"ns-1304.awsdns-35.org, awsdns-hostmaster.amazon.com",NOERROR,,,,,,,,,
[x],test01.sqills.com,"ns-1304.awsdns-35.org, awsdns-hostmaster.amazon.com",NOERROR,,,,,,,,,
[x],test04.sqills.com,"ns-1304.awsdns-35.org, awsdns-hostmaster.amazon.com",NOERROR,,,,,,,,,
[x],ticket.izy-prod.cloud.sqills.com,"ns-1352.awsdns-41.org, awsdns-hostmaster.amazon.com",NOERROR,,,,,,,,,
[x],ticket.ouigo-acc.sqills.com,"ns-1352.awsdns-41.org, awsdns-hostmaster.amazon.com",NOERROR,"18.158.147.225, 3.69.57.190",api.ouigo-acc.cloud.sqills.com,,,,,,,
[x],ticket.ouigo-b-acc.sqills.com,"ns-1304.awsdns-35.org, awsdns-hostmaster.amazon.com",NOERROR,,,,,,,,,
[x],ticket.ouigo-preprod.sqills.com,"ns-1304.awsdns-35.org, awsdns-hostmaster.amazon.com",NOERROR,,,,,,,,,
[x],tickets.irishrail-data-test.sqills.com,"ns-1304.awsdns-35.org, awsdns-hostmaster.amazon.com",NOERROR,,,,,,,,,
[x],time-management.sqills.com,"ns-1304.awsdns-35.org, awsdns-hostmaster.amazon.com",NOERROR,,,,,,,,,
[x],todayisnew.eurostar-uat-acc.cloud.sqills.com,"ns-1352.awsdns-41.org, awsdns-hostmaster.amazon.com",NOERROR,"35.159.6.42, 52.29.115.236",,,,,,,,
[x],tor120-138-pda.test.sqills.com,"ns-1304.awsdns-35.org, awsdns-hostmaster.amazon.com",NOERROR,84.241.158.137,ext-137.vdc.sqills.com,,,,,,,
[x],touchdown.s3.sqills.com,"ns-1304.awsdns-35.org, awsdns-hostmaster.amazon.com",NOERROR,,,,,,,,,
[x],trouwidee.s3.sqills.com,"ns-1304.awsdns-35.org, awsdns-hostmaster.amazon.com",NOERROR,,,,,,,,,
[x],us-east-2.accept.sqills.com,"ns-1304.awsdns-35.org, awsdns-hostmaster.amazon.com",NOERROR,84.241.158.138,ext-138.vdc.sqills.com,,,,,,,
[x],vasil-kube-test.cloud.sqills.com,,NOERROR,,,,,,,,,
[x],vdc.prod.sqills.com,"ns-1304.awsdns-35.org, awsdns-hostmaster.amazon.com",NOERROR,84.241.158.135,ext-135.vdc.sqills.com,,,,,,,
[x],ventes.ouigo-acc.cloud.sqills.com,"ns-1352.awsdns-41.org, awsdns-hostmaster.amazon.com",NOERROR,"3.69.57.190, 18.158.147.225",,,,,,,,
[x],vpn.cloud.sqills.com,"ns-1352.awsdns-41.org, awsdns-hostmaster.amazon.com",NOERROR,3.120.75.37,,,,,,,,
[x],webshop-arriva.accept.sqills.com,"ns-1304.awsdns-35.org, awsdns-hostmaster.amazon.com",NOERROR,84.241.158.138,ext-138.vdc.sqills.com,,,,,,,
[x],webshop-gvb.accept.sqills.com,"ns-1304.awsdns-35.org, awsdns-hostmaster.amazon.com",NOERROR,84.241.158.138,ext-138.vdc.sqills.com,,,,,,,
[x],webshop-htm.prod.sqills.com,"ns-1304.awsdns-35.org, awsdns-hostmaster.amazon.com",NOERROR,84.241.158.135,ext-135.vdc.sqills.com,,,,,,,
[x],webshop-qbuzz.prod.sqills.com,"ns-1304.awsdns-35.org, awsdns-hostmaster.amazon.com",NOERROR,84.241.158.135,ext-135.vdc.sqills.com,,,,,,,
[x],wegwijs.s3.sqills.com,"ns-1304.awsdns-35.org, awsdns-hostmaster.amazon.com",NOERROR,,,,,,,,,
[x],wegwijs2010.s3.sqills.com,"ns-1304.awsdns-35.org, awsdns-hostmaster.amazon.com",NOERROR,,,,,,,,,
[x],wework.s3.sqills.com,"ns-1304.awsdns-35.org, awsdns-hostmaster.amazon.com",NOERROR,,,,,,,,,
[x],www.accountview.sqills.com,"ns-1304.awsdns-35.org, awsdns-hostmaster.amazon.com",NOERROR,,,,,,,,,
[x],www.admin.ouigo-acc.sqills.com,"ns-1352.awsdns-41.org, awsdns-hostmaster.amazon.com",NOERROR,"18.158.147.225, 3.69.57.190",api.ouigo-acc.cloud.sqills.com,,,,,,,
[x],www.alt-booking.ouigo-acc.sqills.com,"ns-1352.awsdns-41.org, awsdns-hostmaster.amazon.com",NOERROR,"3.69.57.190, 18.158.147.225",api.ouigo-acc.cloud.sqills.com,,,,,,,
[x],www.api.ouigo-acc.cloud.sqills.com,"ns-1352.awsdns-41.org, awsdns-hostmaster.amazon.com",NOERROR,"18.158.147.225, 3.69.57.190",,,,"ns-1352.awsdns-41.org, ns-2025.awsdns-61.co.uk, ns-300.awsdns-37.com, ns-926.awsdns-51.net",,,,
[x],www.api.ouigo-acc.sqills.com,"ns-1352.awsdns-41.org, awsdns-hostmaster.amazon.com",NOERROR,"18.158.147.225, 3.69.57.190",api.ouigo-acc.cloud.sqills.com,,,,,,,
[x],www.apple-tree.sqills.com,"ns-1304.awsdns-35.org, awsdns-hostmaster.amazon.com",NOERROR,,,,,,,,,
[x],www.arriva-aap.mock.test.sqills.com,"ns-1304.awsdns-35.org, awsdns-hostmaster.amazon.com",NOERROR,84.241.158.137,ext-137.vdc.sqills.com,,,,,,,
[x],www.arriva-e-tickets.rest-mock.test.sqills.com,"ns-1304.awsdns-35.org, awsdns-hostmaster.amazon.com",NOERROR,84.241.158.137,ext-137.vdc.sqills.com,,,,,,,
[x],www.backoffice.ouibus.prod.sqills.com,"ns-1304.awsdns-35.org, awsdns-hostmaster.amazon.com",NOERROR,84.241.158.135,ext-135.vdc.sqills.com,,,,,,,
[x],www.backoffice.ouigo-acc.sqills.com,"ns-1352.awsdns-41.org, awsdns-hostmaster.amazon.com",NOERROR,"3.69.57.190, 18.158.147.225",api.ouigo-acc.cloud.sqills.com,,,,,,,
[x],www.backoffice.test.sqills.com,"ns-1304.awsdns-35.org, awsdns-hostmaster.amazon.com",NOERROR,84.241.158.137,ext-137.vdc.sqills.com,,,,,,,
[x],www.booking-fargate.ouigo-acc.cloud.sqills.com,"ns-1352.awsdns-41.org, awsdns-hostmaster.amazon.com",NOERROR,"18.158.147.225, 3.69.57.190",,,,,,,,
[x],www.booking.ouibus-prod.sqills.com,"ns-1352.awsdns-41.org, awsdns-hostmaster.amazon.com",NOERROR,"54.93.213.179, 3.73.25.23",api.ouibus-prod.cloud.sqills.com,,,,,,,
[x],www.booking.ouigo-acc.cloud.sqills.com,"ns-1352.awsdns-41.org, awsdns-hostmaster.amazon.com",NOERROR,"3.69.57.190, 18.158.147.225",,,,,,,,
[x],www.booking.ouigo-b-acc.cloud.sqills.com,"ns-1352.awsdns-41.org, awsdns-hostmaster.amazon.com",NOERROR,"3.70.101.110, 3.77.77.53, 3.69.133.82",,,,,,,,
[x],www.booking.ouigo-prod.cloud.sqills.com,"ns-1352.awsdns-41.org, awsdns-hostmaster.amazon.com",NOERROR,"18.196.138.115, 52.58.203.27",,,,,,,,
[x],www.booking2.ouigo-training-test.cloud.sqills.com,"ns-1352.awsdns-41.org, awsdns-hostmaster.amazon.com",NOERROR,"18.185.212.175, 35.156.73.12, 3.121.173.94",,,,,,,"heritage=external-dns,external-dns/owner=dns-controller,external-dns/resource=ingress/ouigo-training-test/ouigo-training-test-external-ingress",
[x],www.ccommodation.accept.sqills.com,"ns-1304.awsdns-35.org, awsdns-hostmaster.amazon.com",NOERROR,84.241.158.138,ext-138.vdc.sqills.com,,,,,,,
[x],www.cvs.test.sqills.com,"ns-1304.awsdns-35.org, awsdns-hostmaster.amazon.com",NOERROR,84.241.158.137,ext-137.vdc.sqills.com,,,,,,,
[x],www.d-cobs-okb.test07.sqills.com,"ns-1304.awsdns-35.org, awsdns-hostmaster.amazon.com",NOERROR,,,,,,,,,
[x],www.d-cobs.prod.sqills.com,"ns-1304.awsdns-35.org, awsdns-hostmaster.amazon.com",NOERROR,84.241.158.135,ext-135.vdc.sqills.com,,,,,,,
[x],www.espector.sqills.com,"ns-1304.awsdns-35.org, awsdns-hostmaster.amazon.com",NOERROR,,,,,,,,,
[x],www.eticket-assist-arriva.test.sqills.com,"ns-1304.awsdns-35.org, awsdns-hostmaster.amazon.com",NOERROR,84.241.158.137,ext-137.vdc.sqills.com,,,,,,,
[x],www.fargate.ouigo-acc.cloud.sqills.com,"ns-1352.awsdns-41.org, awsdns-hostmaster.amazon.com",NOERROR,"3.69.57.190, 18.158.147.225",,,,,,,,
[x],www.firewall.saas.sqills.com,"ns-1304.awsdns-35.org, awsdns-hostmaster.amazon.com",NOERROR,,,,,,,,,
[x],www.hkx-online.accept.sqills.com,"ns-1304.awsdns-35.org, awsdns-hostmaster.amazon.com",NOERROR,84.241.158.138,ext-138.vdc.sqills.com,,,,,,,
[x],www.irishrail-a-test.sqills.com,"ns-1304.awsdns-35.org, awsdns-hostmaster.amazon.com",NOERROR,,,,,,,,,
[x],www.maps.ouigo-acc.sqills.com,"ns-1352.awsdns-41.org, awsdns-hostmaster.amazon.com",NOERROR,"18.158.147.225, 3.69.57.190",api.ouigo-acc.cloud.sqills.com,,,,,,,
[x],www.msm-booking.accept.sqills.com,"ns-1304.awsdns-35.org, awsdns-hostmaster.amazon.com",NOERROR,84.241.158.138,ext-138.vdc.sqills.com,,,,,,,
[x],www.ouibus-backoffice.test.sqills.com,"ns-1304.awsdns-35.org, awsdns-hostmaster.amazon.com",NOERROR,84.241.158.137,ext-137.vdc.sqills.com,,,,,,,
[x],www.ovidius-htm.accept.sqills.com,"ns-1304.awsdns-35.org, awsdns-hostmaster.amazon.com",NOERROR,84.241.158.138,ext-138.vdc.sqills.com,,,,,,,
[x],www.ovidius-htm.test.sqills.com,"ns-1304.awsdns-35.org, awsdns-hostmaster.amazon.com",NOERROR,84.241.158.137,ext-137.vdc.sqills.com,,,,,,,
[x],www.payment.ouigo-acc.sqills.com,"ns-1352.awsdns-41.org, awsdns-hostmaster.amazon.com",NOERROR,"3.69.57.190, 18.158.147.225",api.ouigo-acc.cloud.sqills.com,,,,,,,
[x],www.paymentengine.test07.sqills.com,"ns-1304.awsdns-35.org, awsdns-hostmaster.amazon.com",NOERROR,,,,,,,,,
[x],www.ras.sqills.com,"ns-1304.awsdns-35.org, awsdns-hostmaster.amazon.com",NOERROR,,,,,,,,,
[x],www.s3-portal.ouigo-acc.sqills.com,"ns-1352.awsdns-41.org, awsdns-hostmaster.amazon.com",NOERROR,"18.158.147.225, 3.69.57.190",api.ouigo-acc.cloud.sqills.com,,,,,,,
[x],www.s3.sqills.com,"ns-1304.awsdns-35.org, awsdns-hostmaster.amazon.com",NOERROR,,,,,,,,,
[x],www.s3mgmtspacewalk.saas.sqills.com,"ns-1304.awsdns-35.org, awsdns-hostmaster.amazon.com",NOERROR,,,,,,,,,
[x],www.s3p-abc.izy-prod.cloud.sqills.com,"ns-1352.awsdns-41.org, awsdns-hostmaster.amazon.com",NOERROR,,,,,,,,,
[x],www.s3p-cgi.ter-hno-prod.cloud.sqills.com,"ns-1352.awsdns-41.org, awsdns-hostmaster.amazon.com",NOERROR,"3.127.143.39, 54.93.201.85",,,,,,,"heritage=external-dns,external-dns/owner=dns-controller,external-dns/resource=ingress/ter-hno-prod/ter-hno-prod-external-ingress",
[x],www.s3p-core.ouigo-acc.sqills.com,"ns-1352.awsdns-41.org, awsdns-hostmaster.amazon.com",NOERROR,"3.69.57.190, 18.158.147.225",api.ouigo-acc.cloud.sqills.com,,,,,,,
[x],www.s3p-jdarpo.ouigo-acc.sqills.com,"ns-1352.awsdns-41.org, awsdns-hostmaster.amazon.com",NOERROR,"3.69.57.190, 18.158.147.225",api.ouigo-acc.cloud.sqills.com,,,,,,,
[x],www.s3p-jenkins.ouigo-acc.sqills.com,"ns-1352.awsdns-41.org, awsdns-hostmaster.amazon.com",NOERROR,"3.69.57.190, 18.158.147.225",api.ouigo-acc.cloud.sqills.com,,,,,,,
[x],www.s3p-orientation.ouigo-acc.sqills.com,"ns-1352.awsdns-41.org, awsdns-hostmaster.amazon.com",NOERROR,"3.69.57.190, 18.158.147.225",api.ouigo-acc.cloud.sqills.com,,,,,,,
[x],www.s3p-sbsg.falbala-dev-test.cloud.sqills.com,"ns-1352.awsdns-41.org, awsdns-hostmaster.amazon.com",NOERROR,"52.57.154.148, 3.72.243.234, 3.126.213.20",,,,,,,,
[x],www.s3p-sbsg.falbala-preprod-test.cloud.sqills.com,"ns-1352.awsdns-41.org, awsdns-hostmaster.amazon.com",NOERROR,"18.196.159.214, 3.122.57.122, 35.157.12.34",,,,,,,"heritage=external-dns,external-dns/owner=dns-controller,external-dns/resource=ingress/falbala-preprod-test/falbala-preprod-test-external-ingress",
[x],www.s3p-ssim.ouigo-acc.sqills.com,"ns-1352.awsdns-41.org, awsdns-hostmaster.amazon.com",NOERROR,"3.69.57.190, 18.158.147.225",api.ouigo-acc.cloud.sqills.com,,,,,,,
[x],www.s3passenger-backoffice.test.sqills.com,"ns-1304.awsdns-35.org, awsdns-hostmaster.amazon.com",NOERROR,84.241.158.137,ext-137.vdc.sqills.com,,,,,,,
[x],www.sqills.com,"ns-1304.awsdns-35.org, awsdns-hostmaster.amazon.com",NOERROR,136.144.175.152,,,,,,,,
[x],www.ssim.ouigo-acc.sqills.com,"ns-1352.awsdns-41.org, awsdns-hostmaster.amazon.com",NOERROR,"18.158.147.225, 3.69.57.190",api.ouigo-acc.cloud.sqills.com,,,,,,,
[x],www.syntus.accept.sqills.com,"ns-1304.awsdns-35.org, awsdns-hostmaster.amazon.com",NOERROR,84.241.158.138,ext-138.vdc.sqills.com,,,,,,,
[x],www.todayisnew.eurostar-uat-acc.cloud.sqills.com,"ns-1352.awsdns-41.org, awsdns-hostmaster.amazon.com",NOERROR,"52.29.115.236, 35.159.6.42",,,,,,,,
[x],www.upgrade-xbooker.accept.sqills.com,"ns-1304.awsdns-35.org, awsdns-hostmaster.amazon.com",NOERROR,84.241.158.138,ext-138.vdc.sqills.com,,,,,,,
[x],www.ventes.ouigo-acc.cloud.sqills.com,"ns-1352.awsdns-41.org, awsdns-hostmaster.amazon.com",NOERROR,"18.158.147.225, 3.69.57.190",,,,,,,,
[x],www.webshop-arriva.accept.sqills.com,"ns-1304.awsdns-35.org, awsdns-hostmaster.amazon.com",NOERROR,84.241.158.138,ext-138.vdc.sqills.com,,,,,,,
[x],www.webshop-gvb.test.sqills.com,"ns-1304.awsdns-35.org, awsdns-hostmaster.amazon.com",NOERROR,84.241.158.137,ext-137.vdc.sqills.com,,,,,,,
[x],www.webshop-htm.prod.sqills.com,"ns-1304.awsdns-35.org, awsdns-hostmaster.amazon.com",NOERROR,84.241.158.135,ext-135.vdc.sqills.com,,,,,,,
[x],www.webshop-qbuzz.prod.sqills.com,"ns-1304.awsdns-35.org, awsdns-hostmaster.amazon.com",NOERROR,84.241.158.135,ext-135.vdc.sqills.com,,,,,,,
[x],www.zakelijk-arriva.accept.sqills.com,"ns-1304.awsdns-35.org, awsdns-hostmaster.amazon.com",NOERROR,84.241.158.138,ext-138.vdc.sqills.com,,,,,,,
[x],xbooker-s3accommodation.accept.sqills.com,"ns-1304.awsdns-35.org, awsdns-hostmaster.amazon.com",NOERROR,84.241.158.138,ext-138.vdc.sqills.com,,,,,,,
[x],xbooker.s3.sqills.com,"ns-1304.awsdns-35.org, awsdns-hostmaster.amazon.com",NOERROR,,,,,,,,,
[x],xbooker.s3demo.sqills.com,"ns-1304.awsdns-35.org, awsdns-hostmaster.amazon.com",NOERROR,,,,,,,,,
[x],zakelijk-arriva.accept.sqills.com,"ns-1304.awsdns-35.org, awsdns-hostmaster.amazon.com",NOERROR,84.241.158.138,ext-138.vdc.sqills.com,,,,,,,
