new,host,a,soa,status_code,cdn,cdn-name,aaaa,txt,mx,ns,caa,cname
[x],17883.mr.cryptowat.ch,"104.18.175.71, 104.18.174.71","adam.ns.cloudflare.com, dns.cloudflare.com",NOERROR,True,cloudflare,"2606:4700::6812:ae47, 2606:4700::6812:af47",,,,,
[x],accounts-http.service.cryptowat.ch,"104.18.174.71, 104.18.175.71","adam.ns.cloudflare.com, dns.cloudflare.com",NOERROR,True,cloudflare,"2606:4700::6812:af47, 2606:4700::6812:ae47",,,,,
[x],admin-demo-testing-fg645s.cryptofacilities.com,"104.19.146.5, 104.19.147.5","leia.ns.cloudflare.com, dns.cloudflare.com",NOERROR,True,cloudflare,,,,,,
[x],admin.stg.cryptowat.ch,"104.18.174.71, 104.18.175.71","adam.ns.cloudflare.com, dns.cloudflare.com",NOERROR,True,cloudflare,"2606:4700::6812:ae47, 2606:4700::6812:af47",,,,,
[x],aika6aed.kraken.com,,"art.ns.cloudflare.com, dns.cloudflare.com",NOERROR,,,,v=spf1 -all,,,,
[x],alert.service.cryptowat.ch,,"adam.ns.cloudflare.com, dns.cloudflare.com",NOERROR,,,,v=spf1 -all,,,,
[x],alert2.service.cryptowat.ch,,"adam.ns.cloudflare.com, dns.cloudflare.com",NOERROR,,,,v=spf1 -all,,,,
[x],alpha-api.kraken.com,"104.16.211.191, 104.16.215.191, 104.16.213.191, 104.16.212.191, 104.16.214.191","art.ns.cloudflare.com, dns.cloudflare.com",NOERROR,True,cloudflare,,,,,,
[x],alpha-nft.kraken.com,"104.16.211.191, 104.16.213.191, 104.16.212.191, 104.16.215.191, 104.16.214.191","art.ns.cloudflare.com, dns.cloudflare.com",NOERROR,True,cloudflare,,,,,,
[x],alpha.kraken.com,"104.16.211.191, 104.16.212.191, 104.16.213.191, 104.16.215.191, 104.16.214.191","art.ns.cloudflare.com, dns.cloudflare.com",NOERROR,True,cloudflare,,,,,,
[x],analytics-dev.kraken.com,,"art.ns.cloudflare.com, dns.cloudflare.com",NOERROR,,,,v=spf1 -all,,,,
[x],analytics.kraken.com,,"art.ns.cloudflare.com, dns.cloudflare.com",NOERROR,,,,v=spf1 -all,,,,
[x],analytics.service.cryptowat.ch,"104.18.174.71, 104.18.175.71","adam.ns.cloudflare.com, dns.cloudflare.com",NOERROR,True,cloudflare,"2606:4700::6812:ae47, 2606:4700::6812:af47",,,,,
[x],antelope-project-atlas-dev.dev.chains.kraken.com,,"art.ns.cloudflare.com, dns.cloudflare.com",NOERROR,,,,v=spf1 -all,,,,
[x],api.cryptofacilities.com,"34.251.26.36, 18.200.107.216, 34.242.194.81","ns-1566.awsdns-03.co.uk, awsdns-hostmaster.amazon.com",NOERROR,,,,,,,,a56d2721a085c4f208c528ea7685a331-48ab8385e71bc8f5.elb.eu-west-1.amazonaws.com
[x],api.futures.kraken.com,"18.200.107.216, 34.242.194.81, 34.251.26.36","ns-1566.awsdns-03.co.uk, awsdns-hostmaster.amazon.com",NOERROR,,,,,,"ns-1243.awsdns-27.org, ns-1566.awsdns-03.co.uk, ns-272.awsdns-34.com, ns-638.awsdns-15.net",,a56d2721a085c4f208c528ea7685a331-48ab8385e71bc8f5.elb.eu-west-1.amazonaws.com
[x],api.kraken.com,"104.16.212.191, 104.16.215.191, 104.16.214.191, 104.16.213.191, 104.16.211.191","art.ns.cloudflare.com, dns.cloudflare.com",NOERROR,True,cloudflare,,,,,,
[x],api.uat.lobster.kraken.com,"104.18.12.194, 104.18.13.194","benedict.ns.cloudflare.com, dns.cloudflare.com",NOERROR,True,cloudflare,,,,,,
[x],assets-cms.kraken.com,"104.16.214.191, 104.16.215.191, 104.16.211.191, 104.16.213.191, 104.16.212.191","art.ns.cloudflare.com, dns.cloudflare.com",NOERROR,True,cloudflare,,,,,,
[x],assets-dynamic.kraken.com,"104.16.212.191, 104.16.215.191, 104.16.213.191, 104.16.211.191, 104.16.214.191","art.ns.cloudflare.com, dns.cloudflare.com",NOERROR,True,cloudflare,,,,,,
[x],assets-thumbnails.cryptowat.ch,"104.18.174.71, 104.18.175.71","adam.ns.cloudflare.com, dns.cloudflare.com",NOERROR,True,cloudflare,"2606:4700::6812:ae47, 2606:4700::6812:af47",,,,,
[x],assets-thumbnails.stg.cryptowat.ch,"104.18.174.71, 104.18.175.71","adam.ns.cloudflare.com, dns.cloudflare.com",NOERROR,True,cloudflare,"2606:4700::6812:ae47, 2606:4700::6812:af47",,,,,
[x],assets.kraken.com,"104.16.213.191, 104.16.214.191, 104.16.215.191, 104.16.212.191, 104.16.211.191","art.ns.cloudflare.com, dns.cloudflare.com",NOERROR,True,cloudflare,,,,,,
[x],assets.prod1.kraken.com,"44.240.118.216, 44.231.44.48","ns-332.awsdns-41.com, awsdns-hostmaster.amazon.com",NOERROR,,,,,,,,"assets-p1a-1xde7v.prod1.kraken.com, ecs-f-albex-f3m90vj19gvk-1486225654.us-west-2.elb.amazonaws.com"
[x],bahneeebohmiog.kraken.com,,"art.ns.cloudflare.com, dns.cloudflare.com",NOERROR,,,,v=spf1 -all,,,,
[x],bank.nonprod.kraken.com,,"art.ns.cloudflare.com, dns.cloudflare.com",NOERROR,,,,v=spf1 -all,,,,
[x],beta-api.kraken.com,"104.16.215.191, 104.16.213.191, 104.16.212.191, 104.16.214.191, 104.16.211.191","art.ns.cloudflare.com, dns.cloudflare.com",NOERROR,True,cloudflare,,,,,,
[x],beta-dc-ws-frontend.kraken.com,"104.16.214.191, 104.16.215.191, 104.16.213.191, 104.16.212.191, 104.16.211.191","art.ns.cloudflare.com, dns.cloudflare.com",NOERROR,True,cloudflare,,,,,,
[x],beta-ws-frontend.kraken.com,"104.16.212.191, 104.16.214.191, 104.16.215.191, 104.16.211.191, 104.16.213.191","art.ns.cloudflare.com, dns.cloudflare.com",NOERROR,True,cloudflare,,,,,,
[x],beta-ws-private.kraken.com,,"art.ns.cloudflare.com, dns.cloudflare.com",NOERROR,,,,v=spf1 -all,,,,
[x],beta-ws.kraken.com,"104.16.211.191, 104.16.215.191, 104.16.212.191, 104.16.213.191, 104.16.214.191","art.ns.cloudflare.com, dns.cloudflare.com",NOERROR,True,cloudflare,,,,,,
[x],beta.cryptofacilities.com,,"leia.ns.cloudflare.com, dns.cloudflare.com",NOERROR,,,,v=spf1 -all,,,,
[x],beta.kraken.com,"104.16.211.191, 104.16.212.191, 104.16.213.191, 104.16.214.191, 104.16.215.191","art.ns.cloudflare.com, dns.cloudflare.com",NOERROR,True,cloudflare,,,,,,
[x],blog.cfbenchmarks.com,199.232.19.7,"ns1.fastly.net, hostmaster.fastly.com",NOERROR,True,fastly,,,,,,"cfbenchmarks.ghost.io, ghost.map.fastly.net"
[x],blog.kraken.com,"104.16.214.191, 104.16.211.191, 104.16.213.191, 104.16.212.191, 104.16.215.191","art.ns.cloudflare.com, dns.cloudflare.com",NOERROR,True,cloudflare,,,,,,
[x],blue-api.kraken.com,"104.16.215.191, 104.16.211.191, 104.16.212.191, 104.16.213.191, 104.16.214.191","art.ns.cloudflare.com, dns.cloudflare.com",NOERROR,True,cloudflare,,,,,,
[x],blue-custody.kraken.com,"104.16.211.191, 104.16.212.191, 104.16.213.191, 104.16.215.191, 104.16.214.191","art.ns.cloudflare.com, dns.cloudflare.com",NOERROR,True,cloudflare,,,,,,
[x],blue-nft.kraken.com,"104.16.211.191, 104.16.215.191, 104.16.214.191, 104.16.212.191, 104.16.213.191","art.ns.cloudflare.com, dns.cloudflare.com",NOERROR,True,cloudflare,,,,,,
[x],blue-pro.kraken.com,,"art.ns.cloudflare.com, dns.cloudflare.com",NOERROR,True,cloudflare,,,,,,
[x],blue-ws-frontend.kraken.com,"104.16.213.191, 104.16.211.191, 104.16.215.191, 104.16.212.191, 104.16.214.191","art.ns.cloudflare.com, dns.cloudflare.com",NOERROR,True,cloudflare,,,,,,
[x],cdn.cryptowat.ch,"13.32.99.68, 13.32.99.110, 13.32.99.42, 13.32.99.104","ns-79.awsdns-09.com, awsdns-hostmaster.amazon.com",NOERROR,True,cloudfront,"2600:9000:2104:5000:0:92ad:6040:93a1, 2600:9000:2104:f000:0:92ad:6040:93a1, 2600:9000:2104:6c00:0:92ad:6040:93a1, 2600:9000:2104:4e00:0:92ad:6040:93a1, 2600:9000:2104:4800:0:92ad:6040:93a1, 2600:9000:2104:4000:0:92ad:6040:93a1, 2600:9000:2104:9200:0:92ad:6040:93a1, 2600:9000:2104:e000:0:92ad:6040:93a1",,,"ns-1518.awsdns-61.org, ns-1722.awsdns-23.co.uk, ns-712.awsdns-25.net, ns-79.awsdns-09.com",,d2mf436v5vlvgh.cloudfront.net
[x],chat-dump.cryptowat.ch,"104.18.174.71, 104.18.175.71","adam.ns.cloudflare.com, dns.cloudflare.com",NOERROR,True,cloudflare,"2606:4700::6812:ae47, 2606:4700::6812:af47",,,,,
[x],chat-muc.cryptowat.ch,"104.18.174.71, 104.18.175.71","adam.ns.cloudflare.com, dns.cloudflare.com",NOERROR,True,cloudflare,"2606:4700::6812:af47, 2606:4700::6812:ae47",,,,,
[x],chat-proxy.cryptowat.ch,"104.18.175.71, 104.18.174.71","adam.ns.cloudflare.com, dns.cloudflare.com",NOERROR,True,cloudflare,"2606:4700::6812:ae47, 2606:4700::6812:af47",,,,,
[x],chat.cryptowat.ch,"104.18.174.71, 104.18.175.71","adam.ns.cloudflare.com, dns.cloudflare.com",NOERROR,True,cloudflare,"2606:4700::6812:ae47, 2606:4700::6812:af47",,,,,
[x],click.marketing.kraken.com,13.111.180.51,"cortney.ns.cloudflare.com, dns.cloudflare.com",NOERROR,,,,,,,,
[x],cloud.marketing.kraken.com,13.111.179.81,"cortney.ns.cloudflare.com, dns.cloudflare.com",NOERROR,,,,,,,,
[x],cobra-project-atlas-dev.dev.chains.kraken.com,,"art.ns.cloudflare.com, dns.cloudflare.com",NOERROR,,,,v=spf1 -all,,,,
[x],code.cryptowat.ch,"104.18.174.71, 104.18.175.71","adam.ns.cloudflare.com, dns.cloudflare.com",NOERROR,True,cloudflare,"2606:4700::6812:ae47, 2606:4700::6812:af47",,,,,
[x],conformance.cryptofacilities.com,"104.19.146.5, 104.19.147.5","leia.ns.cloudflare.com, dns.cloudflare.com",NOERROR,True,cloudflare,"2606:4700::6813:9205, 2606:4700::6813:9305",,,,,
[x],cryptofacilities.com,"104.19.147.5, 104.19.146.5","leia.ns.cloudflare.com, dns.cloudflare.com",NOERROR,True,cloudflare,"2606:4700::6813:9205, 2606:4700::6813:9305","ZOOM_verify_0HCUhgBTxPR9o9M0bFBAVT, _globalsign-domain-verification=PCcm6br_moQ2O4q0nlzs_DrQTTO1rutA6NA3vB02Ht, g234hdh9xaeissiaiqaecu2swa, status-page-domain-verification=zvdwk97f78sw, v=spf1 include:spf.mailjet.com include:_spf.google.com include:amazonses.com include:mail.zendesk.com -all","aspmx.l.google.com, alt3.aspmx.l.google.com, alt4.aspmx.l.google.com, alt1.aspmx.l.google.com, alt2.aspmx.l.google.com","leia.ns.cloudflare.com, west.ns.cloudflare.com","mailto:certificate-abuse@kraken.com, amazonaws.com, digicert.com, pki.goog",
[x],cryptowat.ch,"104.18.175.71, 104.18.174.71","adam.ns.cloudflare.com, dns.cloudflare.com",NOERROR,True,cloudflare,"2606:4700::6812:af47, 2606:4700::6812:ae47","brave-ledger-verification=4ca7f8d60812cbaa31cd4ca48328a3c70a2cb84f3a9c450a49606872fe76eea9, google-site-verification=KHukXhj3xEFMQJo2L9JUMdV_hY67ClprAnjQeDRT68o, google-site-verification=R38YNjRMdacVc4IjggZocs8LaTVWNg2KUBuqsmAso7g, google-site-verification=lfmDyZqYccBbxG81W6Qas6Qz-IVokUlE5O6G1Rj5dOA, jcyjtxd813xhl226lpm6hwjq430m0bzg, reddit-account-proof=/u/excited_by_typos; /u/jespow; /u/kraken-emile; /u/kraken-wells; /u/kraken-pete; /u/kraken-bruce; /u/kraken-daveb; /u/kraken-will; /u/kraken-evan; /u/kraken-fred, status-page-domain-verification=zvdwk97f78sw, v=spf1 include:_spf.google.com include:sendgrid.net include:spf.autopilothq.com include:mail.zendesk.com include:amazonses.com -all","aspmx.l.google.com, aspmx2.googlemail.com, aspmx3.googlemail.com, alt1.aspmx.l.google.com, alt2.aspmx.l.google.com","adam.ns.cloudflare.com, venus.ns.cloudflare.com","mailto:certificate-abuse@kraken.com, amazonaws.com, digicert.com, pki.goog",
[x],current.cryptowat.ch,"104.18.174.71, 104.18.175.71","adam.ns.cloudflare.com, dns.cloudflare.com",NOERROR,True,cloudflare,"2606:4700::6812:ae47, 2606:4700::6812:af47",,,,,
[x],custody.kraken.com,"104.16.211.191, 104.16.212.191, 104.16.213.191, 104.16.214.191, 104.16.215.191","art.ns.cloudflare.com, dns.cloudflare.com",NOERROR,True,cloudflare,,,,,,
[x],d1.cryptowat.ch,,"adam.ns.cloudflare.com, dns.cloudflare.com",NOERROR,,,,v=spf1 -all,,,,
[x],d10.cryptowat.ch,,"adam.ns.cloudflare.com, dns.cloudflare.com",NOERROR,,,,v=spf1 -all,,,,
[x],d12.cryptowat.ch,,"adam.ns.cloudflare.com, dns.cloudflare.com",NOERROR,,,,v=spf1 -all,,,,
[x],d13.cryptowat.ch,,"adam.ns.cloudflare.com, dns.cloudflare.com",NOERROR,,,,v=spf1 -all,,,,
[x],d14.cryptowat.ch,,"adam.ns.cloudflare.com, dns.cloudflare.com",NOERROR,,,,v=spf1 -all,,,,
[x],d15.cryptowat.ch,,"adam.ns.cloudflare.com, dns.cloudflare.com",NOERROR,,,,v=spf1 -all,,,,
[x],d16.cryptowat.ch,,"adam.ns.cloudflare.com, dns.cloudflare.com",NOERROR,,,,v=spf1 -all,,,,
[x],d17.cryptowat.ch,,"adam.ns.cloudflare.com, dns.cloudflare.com",NOERROR,,,,,,,,
[x],d18.cryptowat.ch,,"adam.ns.cloudflare.com, dns.cloudflare.com",NOERROR,,,,,,,,
[x],d19.cryptowat.ch,,"adam.ns.cloudflare.com, dns.cloudflare.com",NOERROR,,,,v=spf1 -all,,,,
[x],d2c417cdev0fda97.lobster.kraken.com,,"ganz.ns.cloudflare.com, dns.cloudflare.com",NOERROR,,,,,,,,
[x],d3.cryptowat.ch,,"adam.ns.cloudflare.com, dns.cloudflare.com",NOERROR,,,,v=spf1 -all,,,,
[x],d4.cryptowat.ch,,"adam.ns.cloudflare.com, dns.cloudflare.com",NOERROR,,,,v=spf1 -all,,,,
[x],d5.cryptowat.ch,,"adam.ns.cloudflare.com, dns.cloudflare.com",NOERROR,,,,v=spf1 -all,,,,
[x],d6.cryptowat.ch,,"adam.ns.cloudflare.com, dns.cloudflare.com",NOERROR,,,,v=spf1 -all,,,,
[x],d7.cryptowat.ch,,"adam.ns.cloudflare.com, dns.cloudflare.com",NOERROR,,,,v=spf1 -all,,,,
[x],d9.cryptowat.ch,,"adam.ns.cloudflare.com, dns.cloudflare.com",NOERROR,,,,v=spf1 -all,,,,
[x],defibraziluat.cfbenchmarks.com,"104.18.13.52, 104.18.12.52","leia.ns.cloudflare.com, dns.cloudflare.com",NOERROR,True,cloudflare,"2606:4700::6812:d34, 2606:4700::6812:c34",,,,,
[x],demo-futures-testing-fg645s.kraken.com.demo-futures.kraken.com,,"mitch.ns.cloudflare.com, dns.cloudflare.com",NOERROR,,,,,,,,
[x],demo-futures.kraken.com,"104.22.63.89, 172.67.38.142, 104.22.62.89","mitch.ns.cloudflare.com, dns.cloudflare.com",NOERROR,True,cloudflare,"2606:4700:10::6816:3e59, 2606:4700:10::6816:3f59, 2606:4700:10::ac43:268e",v=spf1 -all,,"mitch.ns.cloudflare.com, sharon.ns.cloudflare.com","mailto:certificate-abuse@kraken.com, digicert.com, pki.goog",
[x],demo.cryptofacilities.com,,,NOERROR,,,,v=spf1 -all,,,,
[x],dev-fusion.kraken.com,"104.16.211.191, 104.16.212.191, 104.16.215.191, 104.16.213.191, 104.16.214.191","art.ns.cloudflare.com, dns.cloudflare.com",NOERROR,True,cloudflare,,,,,,
[x],dev-no.int.dev.chains.kraken.com,,"art.ns.cloudflare.com, dns.cloudflare.com",NOERROR,,,,v=spf1 -all,,,,
[x],dev-rewards.kraken.com,"104.16.212.191, 104.16.215.191, 104.16.214.191, 104.16.213.191, 104.16.211.191","art.ns.cloudflare.com, dns.cloudflare.com",NOERROR,True,cloudflare,,,,,,
[x],dev-support.lobster.kraken.com,"104.18.11.56, 104.18.10.56","ganz.ns.cloudflare.com, dns.cloudflare.com",NOERROR,True,cloudflare,,,,,,
[x],dev-vip-fix.kraken.com,,"art.ns.cloudflare.com, dns.cloudflare.com",NOERROR,,,,v=spf1 -all,,,,
[x],dev-vip-ws-auth.kraken.com,,"ns-348.awsdns-43.com, awsdns-hostmaster.amazon.com",NOERROR,,,,,,"ns-1742.awsdns-25.co.uk, ns-348.awsdns-43.com, ns-874.awsdns-45.net, ns-1075.awsdns-06.org",,
[x],dev-vip-ws.kraken.com,,"ns-128.awsdns-16.com, awsdns-hostmaster.amazon.com",NOERROR,,,,,,"ns-921.awsdns-51.net, ns-1268.awsdns-30.org, ns-128.awsdns-16.com, ns-1762.awsdns-28.co.uk",,
[x],dev-vip.kraken.com,,"ns-2035.awsdns-62.co.uk, awsdns-hostmaster.amazon.com",NOERROR,,,,,,"ns-1178.awsdns-19.org, ns-970.awsdns-57.net, ns-440.awsdns-55.com, ns-2035.awsdns-62.co.uk",,
[x],dev.cfbenchmarks.com,"104.18.13.52, 104.18.12.52","leia.ns.cloudflare.com, dns.cloudflare.com",NOERROR,True,cloudflare,"2606:4700::6812:d34, 2606:4700::6812:c34",,,,,
[x],dev.cryptowat.ch,,"adam.ns.cloudflare.com, dns.cloudflare.com",NOERROR,,,,v=spf1 -all,,,,
[x],dev1.cryptowat.ch,,"adam.ns.cloudflare.com, dns.cloudflare.com",NOERROR,,,,v=spf1 -all,,,,
[x],dev1.kraken.com,,"ns-1816.awsdns-35.co.uk, awsdns-hostmaster.amazon.com",NOERROR,,,,,,"ns-91.awsdns-11.com, ns-1375.awsdns-43.org, ns-1816.awsdns-35.co.uk, ns-903.awsdns-48.net",,
[x],dev10.cryptowat.ch,,"adam.ns.cloudflare.com, dns.cloudflare.com",NOERROR,,,,v=spf1 -all,,,,
[x],dev11.cryptowat.ch,,"adam.ns.cloudflare.com, dns.cloudflare.com",NOERROR,,,,v=spf1 -all,,,,
[x],dev12.cryptowat.ch,,"adam.ns.cloudflare.com, dns.cloudflare.com",NOERROR,,,,v=spf1 -all,,,,
[x],dev13.cryptowat.ch,,"adam.ns.cloudflare.com, dns.cloudflare.com",NOERROR,,,,v=spf1 -all,,,,
[x],dev16.cryptowat.ch,,"adam.ns.cloudflare.com, dns.cloudflare.com",NOERROR,,,,v=spf1 -all,,,,
[x],dev17.cryptowat.ch,,"adam.ns.cloudflare.com, dns.cloudflare.com",NOERROR,,,,,,,,
[x],dev18.cryptowat.ch,,"adam.ns.cloudflare.com, dns.cloudflare.com",NOERROR,,,,v=spf1 -all,,,,
[x],dev19.cryptowat.ch,,"adam.ns.cloudflare.com, dns.cloudflare.com",NOERROR,,,,v=spf1 -all,,,,
[x],dev2.cryptowat.ch,,"adam.ns.cloudflare.com, dns.cloudflare.com",NOERROR,,,,v=spf1 -all,,,,
[x],dev21.cryptowat.ch,,"adam.ns.cloudflare.com, dns.cloudflare.com",NOERROR,,,,,,,,
[x],dev23.cryptowat.ch,,"adam.ns.cloudflare.com, dns.cloudflare.com",NOERROR,,,,v=spf1 -all,,,,
[x],dev24.cryptowat.ch,,"adam.ns.cloudflare.com, dns.cloudflare.com",NOERROR,,,,v=spf1 -all,,,,
[x],dev25.cryptowat.ch,,"adam.ns.cloudflare.com, dns.cloudflare.com",NOERROR,,,,v=spf1 -all,,,,
[x],dev27.cryptowat.ch,,"adam.ns.cloudflare.com, dns.cloudflare.com",NOERROR,,,,v=spf1 -all,,,,
[x],dev29.cryptowat.ch,,"adam.ns.cloudflare.com, dns.cloudflare.com",NOERROR,,,,v=spf1 -all,,,,
[x],dev4.cryptowat.ch,,"adam.ns.cloudflare.com, dns.cloudflare.com",NOERROR,,,,v=spf1 -all,,,,
[x],dev5.cryptowat.ch,,"adam.ns.cloudflare.com, dns.cloudflare.com",NOERROR,,,,,,,,
[x],dev6.cryptowat.ch,,"adam.ns.cloudflare.com, dns.cloudflare.com",NOERROR,,,,,,,,
[x],dev7.cryptowat.ch,,"adam.ns.cloudflare.com, dns.cloudflare.com",NOERROR,,,,v=spf1 -all,,,,
[x],dev8.cryptowat.ch,,"adam.ns.cloudflare.com, dns.cloudflare.com",NOERROR,,,,v=spf1 -all,,,,
[x],dev9.cryptowat.ch,,"adam.ns.cloudflare.com, dns.cloudflare.com",NOERROR,,,,v=spf1 -all,,,,
[x],dist-native.cryptowat.ch,"18.165.83.12, 18.165.83.119, 18.165.83.117, 18.165.83.128, 205.251.192.40, 205.251.194.72, 205.251.197.165, 205.251.199.200","ns-1445.awsdns-52.org, awsdns-hostmaster.amazon.com",NOERROR,True,cloudfront,"2600:9000:24f4:7c00:f:8125:1f00:93a1, 2600:9000:24f4:5200:f:8125:1f00:93a1, 2600:9000:24f4:e200:f:8125:1f00:93a1, 2600:9000:24f4:ce00:f:8125:1f00:93a1, 2600:9000:24f4:6400:f:8125:1f00:93a1, 2600:9000:24f4:a600:f:8125:1f00:93a1, 2600:9000:24f4:8c00:f:8125:1f00:93a1, 2600:9000:24f4:ee00:f:8125:1f00:93a1",,,"ns-584.awsdns-09.net, ns-1992.awsdns-57.co.uk, ns-40.awsdns-05.com, ns-1445.awsdns-52.org",,d3l1lkh2dpo3gc.cloudfront.net
[x],dls.cryptowat.ch,"104.18.175.71, 104.18.174.71","adam.ns.cloudflare.com, dns.cloudflare.com",NOERROR,True,cloudflare,"2606:4700::6812:af47, 2606:4700::6812:ae47",,,,,
[x],docs-staging.kraken.com,,"art.ns.cloudflare.com, dns.cloudflare.com",NOERROR,,,,v=spf1 -all,,,,
[x],docs.cfbenchmarks.com,"104.18.12.52, 104.18.13.52","leia.ns.cloudflare.com, dns.cloudflare.com",NOERROR,True,cloudflare,"2606:4700::6812:c34, 2606:4700::6812:d34",,,,,
[x],docs.cryptofacilities.com,"104.19.147.5, 104.19.146.5","leia.ns.cloudflare.com, dns.cloudflare.com",NOERROR,True,cloudflare,"2606:4700::6813:9205, 2606:4700::6813:9305",,,,,
[x],docs.cryptowat.ch,"104.18.2.117, 104.18.3.117","dahlia.ns.cloudflare.com, dns.cloudflare.com",NOERROR,True,cloudflare,"2606:4700::6812:275, 2606:4700::6812:375",,,,"pki.goog, digicert.com, letsencrypt.org","hosting.gitbook.com, hosting.gitbook.io"
[x],docs.futures.kraken.com,"104.18.2.160, 104.18.3.160","mitch.ns.cloudflare.com, dns.cloudflare.com",NOERROR,True,cloudflare,,,,,,
[x],drum-project-atlas-dev.dev.chains.kraken.com,,"art.ns.cloudflare.com, dns.cloudflare.com",NOERROR,,,,v=spf1 -all,,,,
[x],email.dev-otc.kraken.com,34.102.239.211,"ns-586.awsdns-09.net, awsdns-hostmaster.amazon.com",NOERROR,True,google,,"8f7088gv5932jxw9lwwd1b6ttx2pw2ds, google-site-verification=FIGVOKZm6lQFDBJaiC2DdwvBy8TInunoGCt-1gnL4PA, v=spf1 include:_spf.mailgun.org include:_spf.eu.mailgun.org -all","mxa.mailgun.org, mxb.mailgun.org","ns-133.awsdns-16.com, ns-1482.awsdns-57.org, ns-1614.awsdns-09.co.uk, ns-586.awsdns-09.net","letsencrypt.org, ;, digicert.com",mailgun.org
[x],email.kraken.com,,"ns-1855.awsdns-39.co.uk, awsdns-hostmaster.amazon.com",NOERROR,,,,"202302022219254qla4yzx4awoxw73s19xih2o24lp6tgsj8j3sdxwoboq1lpkyr, google-site-verification=yCMV3z3BhBaINi0V033HnfTi9xkQjpIZ4DM4ywSlwUs, v=spf1 exists:%{i}._spf.sparkpostmail.com ~all","mxa.mailgun.org, mxb.mailgun.org","ns-1361.awsdns-42.org, ns-1855.awsdns-39.co.uk, ns-304.awsdns-38.com, ns-775.awsdns-32.net",,sparkpostmail.com
[x],embed.cryptowat.ch,"104.18.175.71, 104.18.174.71","adam.ns.cloudflare.com, dns.cloudflare.com",NOERROR,True,cloudflare,"2606:4700::6812:af47, 2606:4700::6812:ae47",,,,,
[x],f30435c7180bd7b5.lobster.kraken.com,"104.18.11.56, 104.18.10.56","ganz.ns.cloudflare.com, dns.cloudflare.com",NOERROR,True,cloudflare,,,,,,
[x],fdt.kraken.com,"104.16.214.191, 104.16.213.191, 104.16.215.191, 104.16.212.191, 104.16.211.191","art.ns.cloudflare.com, dns.cloudflare.com",NOERROR,True,cloudflare,,,,,,
[x],ferret-project-atlas-dev.dev.chains.kraken.com,,"art.ns.cloudflare.com, dns.cloudflare.com",NOERROR,,,,v=spf1 -all,,,,
[x],finance.cryptowat.ch,,"adam.ns.cloudflare.com, dns.cloudflare.com",NOERROR,,,,v=spf1 -all,,,,
[x],fix.lobster.kraken.com,"35.164.62.16, 54.148.68.6, 44.226.140.111","ns-332.awsdns-41.com, awsdns-hostmaster.amazon.com",NOERROR,,,,,,,,a0dcad54c6bf848958bf07ee4d0445dc-1029397351.us-west-2.elb.amazonaws.com
[x],forum.kraken.com,,"art.ns.cloudflare.com, dns.cloudflare.com",NOERROR,,,,v=spf1 -all,,,,
[x],frame.cryptowat.ch,"104.18.175.71, 104.18.174.71","adam.ns.cloudflare.com, dns.cloudflare.com",NOERROR,True,cloudflare,"2606:4700::6812:af47, 2606:4700::6812:ae47",,,,,
[x],futures.kraken.com,,"mitch.ns.cloudflare.com, dns.cloudflare.com",NOERROR,True,cloudflare,,,,,,
[x],get.kraken.com,,"art.ns.cloudflare.com, dns.cloudflare.com",NOERROR,,,,,,,,
[x],gql.service.cryptowat.ch,"104.18.175.71, 104.18.174.71","adam.ns.cloudflare.com, dns.cloudflare.com",NOERROR,True,cloudflare,,,,,,
[x],graphql.service.cryptowat.ch,"104.18.175.71, 104.18.174.71","adam.ns.cloudflare.com, dns.cloudflare.com",NOERROR,True,cloudflare,"2606:4700::6812:ae47, 2606:4700::6812:af47",,,,,
[x],green-api.kraken.com,"104.16.211.191, 104.16.212.191, 104.16.213.191, 104.16.214.191, 104.16.215.191","art.ns.cloudflare.com, dns.cloudflare.com",NOERROR,True,cloudflare,,,,,,
[x],green-custody.kraken.com,"104.16.212.191, 104.16.213.191, 104.16.211.191, 104.16.215.191, 104.16.214.191","art.ns.cloudflare.com, dns.cloudflare.com",NOERROR,True,cloudflare,,,,,,
[x],green-pro.kraken.com,"104.16.215.191, 104.16.213.191, 104.16.214.191, 104.16.211.191, 104.16.212.191","art.ns.cloudflare.com, dns.cloudflare.com",NOERROR,True,cloudflare,,,,,,
[x],green-support.kraken.com,"104.16.212.191, 104.16.214.191, 104.16.213.191, 104.16.211.191, 104.16.215.191","art.ns.cloudflare.com, dns.cloudflare.com",NOERROR,True,cloudflare,,,,,,
[x],green-ws-frontend.kraken.com,"104.16.215.191, 104.16.211.191, 104.16.212.191, 104.16.213.191, 104.16.214.191","art.ns.cloudflare.com, dns.cloudflare.com",NOERROR,True,cloudflare,,,,,,
[x],green.kraken.com,"104.16.213.191, 104.16.212.191, 104.16.211.191, 104.16.214.191, 104.16.215.191","art.ns.cloudflare.com, dns.cloudflare.com",NOERROR,True,cloudflare,,,,,,
[x],griffon-project-atlas-dev.dev.chains.kraken.com,,"art.ns.cloudflare.com, dns.cloudflare.com",NOERROR,,,,v=spf1 -all,,,,
[x],guides.cryptowat.ch,"104.18.2.117, 104.18.3.117","dahlia.ns.cloudflare.com, dns.cloudflare.com",NOERROR,True,cloudflare,"2606:4700::6812:375, 2606:4700::6812:275",,,,"pki.goog, digicert.com, letsencrypt.org","hosting.gitbook.com, hosting.gitbook.io"
[x],hdfs-backup-status.staging.cryptowat.ch,"104.18.175.71, 104.18.174.71","adam.ns.cloudflare.com, dns.cloudflare.com",NOERROR,True,cloudflare,"2606:4700::6812:ae47, 2606:4700::6812:af47",,,,,
[x],hydra-gateway.service.cryptowat.ch,"104.18.174.71, 104.18.175.71","adam.ns.cloudflare.com, dns.cloudflare.com",NOERROR,True,cloudflare,"2606:4700::6812:af47, 2606:4700::6812:ae47",,,,,
[x],images-test.kraken.com,"104.22.49.190, 104.22.48.190, 172.67.36.51","benedict.ns.cloudflare.com, dns.cloudflare.com",NOERROR,True,cloudflare,"2606:4700:10::ac43:2433, 2606:4700:10::6816:31be, 2606:4700:10::6816:30be",v=spf1 -all,,"benedict.ns.cloudflare.com, pearl.ns.cloudflare.com","mailto:certificate-abuse@kraken.com, digicert.com, pki.goog",
[x],images.kraken.com,"104.18.22.230, 104.18.23.230","dolly.ns.cloudflare.com, dns.cloudflare.com",NOERROR,True,cloudflare,,,,"dolly.ns.cloudflare.com, osmar.ns.cloudflare.com","pki.goog, digicert.com, mailto:certificate-abuse@kraken.com",
[x],img.kraken.com,,"art.ns.cloudflare.com, dns.cloudflare.com",NOERROR,,,,v=spf1 -all,,,,
[x],int.antelope-project-atlas-dev.dev.chains.kraken.com,,"art.ns.cloudflare.com, dns.cloudflare.com",NOERROR,,,,v=spf1 -all,,,,
[x],int.bank.nonprod.kraken.com,,"art.ns.cloudflare.com, dns.cloudflare.com",NOERROR,,,,v=spf1 -all,,,,
[x],int.cobra-project-atlas-dev.dev.chains.kraken.com,,"art.ns.cloudflare.com, dns.cloudflare.com",NOERROR,,,,v=spf1 -all,,,,
[x],int.cow-project-atlas-dev.dev.chains.kraken.com,,"art.ns.cloudflare.com, dns.cloudflare.com",NOERROR,,,,v=spf1 -all,,,,
[x],int.drum-project-atlas-dev.dev.chains.kraken.com,,"art.ns.cloudflare.com, dns.cloudflare.com",NOERROR,,,,v=spf1 -all,,,,
[x],int.griffon-project-atlas-dev.dev.chains.kraken.com,,"art.ns.cloudflare.com, dns.cloudflare.com",NOERROR,,,,v=spf1 -all,,,,
[x],int.sheepdog-project-atlas-dev.dev.chains.kraken.com,,"art.ns.cloudflare.com, dns.cloudflare.com",NOERROR,,,,v=spf1 -all,,,,
[x],jsstatictest.cryptowat.ch,"104.18.174.71, 104.18.175.71","adam.ns.cloudflare.com, dns.cloudflare.com",NOERROR,True,cloudflare,"2606:4700::6812:af47, 2606:4700::6812:ae47",,,,,
[x],kraken-trading-alpha.service.cryptowat.ch,"104.18.174.71, 104.18.175.71","adam.ns.cloudflare.com, dns.cloudflare.com",NOERROR,True,cloudflare,"2606:4700::6812:ae47, 2606:4700::6812:af47",,,,,
[x],kraken-trading.service.cryptowat.ch,"104.18.175.71, 104.18.174.71","adam.ns.cloudflare.com, dns.cloudflare.com",NOERROR,True,cloudflare,"2606:4700::6812:af47, 2606:4700::6812:ae47",,,,,
[x],krakentoau10tix-prod.kraken.com,,"art.ns.cloudflare.com, dns.cloudflare.com",NOERROR,,,,v=spf1 -all,,,,
[x],labs-tsa.lobster.kraken.com,,"ganz.ns.cloudflare.com, dns.cloudflare.com",NOERROR,,,,,,,,
[x],labs.lobster.kraken.com,"104.18.11.56, 104.18.10.56","ganz.ns.cloudflare.com, dns.cloudflare.com",NOERROR,True,cloudflare,,,,,,
[x],link.kraken.com,"104.16.214.191, 104.16.212.191, 104.16.211.191, 104.16.215.191, 104.16.213.191","art.ns.cloudflare.com, dns.cloudflare.com",NOERROR,True,cloudflare,,,,,,
[x],lobster.kraken.com,"104.18.10.56, 104.18.11.56","ganz.ns.cloudflare.com, dns.cloudflare.com",NOERROR,True,cloudflare,,adobe-idp-site-verification=a75f36f6a4d775ca5e8d720fac4e1f55f010627b8c36ba9875e034203022a0da,,"nataly.ns.cloudflare.com, ganz.ns.cloudflare.com","digicert.com, mailto:certificate-abuse@kraken.com, pki.goog, amazonaws.com",
[x],mail.futures.kraken.com,34.110.180.34,"ns-586.awsdns-09.net, awsdns-hostmaster.amazon.com",NOERROR,True,google,,"v=spf1 include:_spf.mailgun.org include:_spf.eu.mailgun.org -all, 8f7088gv5932jxw9lwwd1b6ttx2pw2ds, google-site-verification=FIGVOKZm6lQFDBJaiC2DdwvBy8TInunoGCt-1gnL4PA","mxb.mailgun.org, mxa.mailgun.org","ns-1614.awsdns-09.co.uk, ns-133.awsdns-16.com, ns-1482.awsdns-57.org, ns-586.awsdns-09.net","letsencrypt.org, digicert.com, ;",mailgun.org
[x],main-api.lobster.kraken.com,"104.18.10.56, 104.18.11.56","ganz.ns.cloudflare.com, dns.cloudflare.com",NOERROR,True,cloudflare,,,,,,
[x],main.lobster.kraken.com,"188.114.98.229, 188.114.99.229","ganz.ns.cloudflare.com, dns.cloudflare.com",NOERROR,True,cloudflare,,,,,,
[x],marketing.kraken.com,13.111.67.8,"cortney.ns.cloudflare.com, dns.cloudflare.com",NOERROR,,,,v=spf1 include:cust-spf.exacttarget.com -all,reply.s11.exacttarget.com,"cortney.ns.cloudflare.com, thomas.ns.cloudflare.com","mailto:certificate-abuse@kraken.com, digicert.com, pki.goog",
[x],marmot-project-atlas-dev.dev.chains.kraken.com,,"art.ns.cloudflare.com, dns.cloudflare.com",NOERROR,,,,v=spf1 -all,,,,
[x],master.cryptowat.ch,"104.18.174.71, 104.18.175.71","adam.ns.cloudflare.com, dns.cloudflare.com",NOERROR,True,cloudflare,"2606:4700::6812:ae47, 2606:4700::6812:af47",,,,,
[x],mta.marketing.kraken.com,13.111.172.185,"cortney.ns.cloudflare.com, dns.cloudflare.com",NOERROR,,,,,,,,
[x],mtgox-claims.kraken.com,,"art.ns.cloudflare.com, dns.cloudflare.com",NOERROR,,,,v=spf1 -all,,,,
[x],nciprod1.cfbenchmarks.com,"104.18.12.52, 104.18.13.52","leia.ns.cloudflare.com, dns.cloudflare.com",NOERROR,True,cloudflare,"2606:4700::6812:c34, 2606:4700::6812:d34",,,,,
[x],ncitest1.cfbenchmarks.com,"104.18.12.52, 104.18.13.52","leia.ns.cloudflare.com, dns.cloudflare.com",NOERROR,True,cloudflare,,,,,,
[x],nft.lobster.kraken.com,"104.18.10.56, 104.18.11.56","ganz.ns.cloudflare.com, dns.cloudflare.com",NOERROR,True,cloudflare,,,,,,
[x],notify.kraken.com,,"art.ns.cloudflare.com, dns.cloudflare.com",NOERROR,,,,v=spf1 -all,,,,
[x],old.cryptofacilities.com,,"leia.ns.cloudflare.com, dns.cloudflare.com",NOERROR,,,,v=spf1 -all,,,,
[x],ops.kraken.com,,"ns-1303.awsdns-34.org, awsdns-hostmaster.amazon.com",NOERROR,,,,,,"ns-62.awsdns-07.com, ns-556.awsdns-05.net, ns-1303.awsdns-34.org, ns-1876.awsdns-42.co.uk",,
[x],orders.kraken.com,,"art.ns.cloudflare.com, dns.cloudflare.com",NOERROR,,,,v=spf1 -all,,,,
[x],pages.marketing.kraken.com,13.111.70.10,"ns1.exacttarget.com, hostmaster.exacttarget.com",NOERROR,,,,,,,,pages.virt.s11.exacttarget.com
[x],phraseapp-monitor.kraken.com,"104.16.214.191, 104.16.215.191, 104.16.211.191, 104.16.212.191, 104.16.213.191","art.ns.cloudflare.com, dns.cloudflare.com",NOERROR,True,cloudflare,,,,,,
[x],pp-1-frontend-rewards.kraken.com,"104.16.211.191, 104.16.212.191, 104.16.215.191, 104.16.214.191, 104.16.213.191","art.ns.cloudflare.com, dns.cloudflare.com",NOERROR,True,cloudflare,,,,,,
[x],pp-api-consumer-2.kraken.com,"104.16.213.191, 104.16.211.191, 104.16.212.191, 104.16.214.191, 104.16.215.191","art.ns.cloudflare.com, dns.cloudflare.com",NOERROR,True,cloudflare,,,,,,
[x],pp-api-dx-1.kraken.com,"104.16.213.191, 104.16.211.191, 104.16.212.191, 104.16.214.191, 104.16.215.191","art.ns.cloudflare.com, dns.cloudflare.com",NOERROR,True,cloudflare,,,,,,
[x],pp-api-dx-2.kraken.com,"104.16.215.191, 104.16.213.191, 104.16.211.191, 104.16.212.191, 104.16.214.191","art.ns.cloudflare.com, dns.cloudflare.com",NOERROR,True,cloudflare,,,,,,
[x],pp-api-dx-3.kraken.com,"104.16.214.191, 104.16.213.191, 104.16.215.191, 104.16.211.191, 104.16.212.191","art.ns.cloudflare.com, dns.cloudflare.com",NOERROR,True,cloudflare,,,,,,
[x],pp-api-funding-2.kraken.com,"104.16.214.191, 104.16.215.191, 104.16.213.191, 104.16.211.191, 104.16.212.191","art.ns.cloudflare.com, dns.cloudflare.com",NOERROR,True,cloudflare,,,,,,
[x],pp-api-funding-3.kraken.com,"104.16.212.191, 104.16.214.191, 104.16.211.191, 104.16.213.191, 104.16.215.191","art.ns.cloudflare.com, dns.cloudflare.com",NOERROR,True,cloudflare,,,,,,
[x],pp-api-funding-5.kraken.com,"104.16.212.191, 104.16.211.191, 104.16.214.191, 104.16.213.191, 104.16.215.191","art.ns.cloudflare.com, dns.cloudflare.com",NOERROR,True,cloudflare,,,,,,
[x],pp-api-kweb-2.kraken.com,"104.16.214.191, 104.16.212.191, 104.16.215.191, 104.16.213.191, 104.16.211.191","art.ns.cloudflare.com, dns.cloudflare.com",NOERROR,True,cloudflare,,,,,,
[x],pp-api-kweb-3.kraken.com,"104.16.214.191, 104.16.213.191, 104.16.212.191, 104.16.215.191, 104.16.211.191","art.ns.cloudflare.com, dns.cloudflare.com",NOERROR,True,cloudflare,,,,,,
[x],pp-api-kweb-4.kraken.com,"104.16.211.191, 104.16.212.191, 104.16.213.191, 104.16.214.191, 104.16.215.191","art.ns.cloudflare.com, dns.cloudflare.com",NOERROR,True,cloudflare,,,,,,
[x],pp-api-kweb-5.kraken.com,"104.16.211.191, 104.16.212.191, 104.16.213.191, 104.16.214.191, 104.16.215.191","art.ns.cloudflare.com, dns.cloudflare.com",NOERROR,True,cloudflare,,,,,,
[x],pp-api-kweb-6.kraken.com,"104.16.214.191, 104.16.213.191, 104.16.215.191, 104.16.212.191, 104.16.211.191","art.ns.cloudflare.com, dns.cloudflare.com",NOERROR,True,cloudflare,,,,,,
[x],pp-api-marketing-1.kraken.com,"104.16.213.191, 104.16.212.191, 104.16.211.191, 104.16.214.191, 104.16.215.191","art.ns.cloudflare.com, dns.cloudflare.com",NOERROR,True,cloudflare,,,,,,
[x],pp-api-marketing-3.kraken.com,"104.16.214.191, 104.16.213.191, 104.16.211.191, 104.16.215.191, 104.16.212.191","art.ns.cloudflare.com, dns.cloudflare.com",NOERROR,True,cloudflare,,,,,,
[x],pp-api-mobile-1.kraken.com,"104.16.214.191, 104.16.215.191, 104.16.211.191, 104.16.212.191, 104.16.213.191","art.ns.cloudflare.com, dns.cloudflare.com",NOERROR,True,cloudflare,,,,,,
[x],pp-api-onboarding-1.kraken.com,"104.16.215.191, 104.16.213.191, 104.16.211.191, 104.16.212.191, 104.16.214.191","art.ns.cloudflare.com, dns.cloudflare.com",NOERROR,True,cloudflare,,,,,,
[x],pp-api-onboarding-2.kraken.com,"104.16.211.191, 104.16.214.191, 104.16.212.191, 104.16.213.191, 104.16.215.191","art.ns.cloudflare.com, dns.cloudflare.com",NOERROR,True,cloudflare,,,,,,
[x],pp-api-onboarding-3.kraken.com,"104.16.213.191, 104.16.214.191, 104.16.215.191, 104.16.211.191, 104.16.212.191","art.ns.cloudflare.com, dns.cloudflare.com",NOERROR,True,cloudflare,,,,,,
[x],pp-api-security-1.kraken.com,"104.16.214.191, 104.16.215.191, 104.16.211.191, 104.16.212.191, 104.16.213.191","art.ns.cloudflare.com, dns.cloudflare.com",NOERROR,True,cloudflare,,,,,,
[x],pp-api-security-2.kraken.com,"104.16.212.191, 104.16.214.191, 104.16.213.191, 104.16.215.191, 104.16.211.191","art.ns.cloudflare.com, dns.cloudflare.com",NOERROR,True,cloudflare,,,,,,
[x],pp-api-security-3.kraken.com,"104.16.212.191, 104.16.211.191, 104.16.215.191, 104.16.213.191, 104.16.214.191","art.ns.cloudflare.com, dns.cloudflare.com",NOERROR,True,cloudflare,,,,,,
[x],pp-api-sre-2.kraken.com,"104.16.211.191, 104.16.212.191, 104.16.214.191, 104.16.215.191, 104.16.213.191","art.ns.cloudflare.com, dns.cloudflare.com",NOERROR,True,cloudflare,,,,,,
[x],pp-api-sre-3.kraken.com,"104.16.213.191, 104.16.211.191, 104.16.214.191, 104.16.215.191, 104.16.212.191","art.ns.cloudflare.com, dns.cloudflare.com",NOERROR,True,cloudflare,,,,,,
[x],pp-api-trade-1.kraken.com,"104.16.211.191, 104.16.214.191, 104.16.213.191, 104.16.212.191, 104.16.215.191","art.ns.cloudflare.com, dns.cloudflare.com",NOERROR,True,cloudflare,,,,,,
[x],pp-api-trade-2.kraken.com,"104.16.214.191, 104.16.211.191, 104.16.215.191, 104.16.213.191, 104.16.212.191","art.ns.cloudflare.com, dns.cloudflare.com",NOERROR,True,cloudflare,,,,,,
[x],pp-api-trade-3.kraken.com,"104.16.214.191, 104.16.211.191, 104.16.213.191, 104.16.212.191, 104.16.215.191","art.ns.cloudflare.com, dns.cloudflare.com",NOERROR,True,cloudflare,,,,,,
[x],pp-custody-1.kraken.com,"104.16.214.191, 104.16.211.191, 104.16.212.191, 104.16.213.191, 104.16.215.191","art.ns.cloudflare.com, dns.cloudflare.com",NOERROR,True,cloudflare,,,,,,
[x],pp-nft-dx.kraken.com,"104.16.213.191, 104.16.214.191, 104.16.215.191, 104.16.212.191, 104.16.211.191","art.ns.cloudflare.com, dns.cloudflare.com",NOERROR,True,cloudflare,,,,,,
[x],pp-nft-earn.kraken.com,"104.16.213.191, 104.16.215.191, 104.16.212.191, 104.16.211.191, 104.16.214.191","art.ns.cloudflare.com, dns.cloudflare.com",NOERROR,True,cloudflare,,,,,,
[x],pp-nft-funding.kraken.com,"104.16.213.191, 104.16.214.191, 104.16.215.191, 104.16.212.191, 104.16.211.191","art.ns.cloudflare.com, dns.cloudflare.com",NOERROR,True,cloudflare,,,,,,
[x],pp-nft-kweb.kraken.com,"104.16.212.191, 104.16.213.191, 104.16.214.191, 104.16.215.191, 104.16.211.191","art.ns.cloudflare.com, dns.cloudflare.com",NOERROR,True,cloudflare,,,,,,
[x],pp-nft-marketing.kraken.com,"104.16.215.191, 104.16.213.191, 104.16.211.191, 104.16.212.191, 104.16.214.191","art.ns.cloudflare.com, dns.cloudflare.com",NOERROR,True,cloudflare,,,,,,
[x],pp-nft-onboarding.kraken.com,"104.16.213.191, 104.16.214.191, 104.16.215.191, 104.16.211.191, 104.16.212.191","art.ns.cloudflare.com, dns.cloudflare.com",NOERROR,True,cloudflare,,,,,,
[x],pp-nft-security.kraken.com,"104.16.212.191, 104.16.214.191, 104.16.213.191, 104.16.215.191, 104.16.211.191","art.ns.cloudflare.com, dns.cloudflare.com",NOERROR,True,cloudflare,,,,,,
[x],pp-pro-2.kraken.com,"104.16.211.191, 104.16.215.191, 104.16.212.191, 104.16.213.191, 104.16.214.191","art.ns.cloudflare.com, dns.cloudflare.com",NOERROR,True,cloudflare,,,,,,
[x],pp-pro-web-2.kraken.com,"104.16.214.191, 104.16.212.191, 104.16.213.191, 104.16.211.191, 104.16.215.191","art.ns.cloudflare.com, dns.cloudflare.com",NOERROR,True,cloudflare,,,,,,
[x],pp-pro-web-3.kraken.com,"104.16.214.191, 104.16.211.191, 104.16.215.191, 104.16.212.191, 104.16.213.191","art.ns.cloudflare.com, dns.cloudflare.com",NOERROR,True,cloudflare,,,,,,
[x],pp-pro.kraken.com,,"art.ns.cloudflare.com, dns.cloudflare.com",NOERROR,True,cloudflare,,,,,,
[x],pp-support.kraken.com,"104.16.211.191, 104.16.214.191, 104.16.213.191, 104.16.215.191, 104.16.212.191","art.ns.cloudflare.com, dns.cloudflare.com",NOERROR,True,cloudflare,,,,,,
[x],pp-www-consumer-2.kraken.com,"104.16.213.191, 104.16.214.191, 104.16.212.191, 104.16.211.191, 104.16.215.191","art.ns.cloudflare.com, dns.cloudflare.com",NOERROR,True,cloudflare,,,,,,
[x],pp-www-consumer-3.kraken.com,"104.16.212.191, 104.16.213.191, 104.16.214.191, 104.16.215.191, 104.16.211.191","art.ns.cloudflare.com, dns.cloudflare.com",NOERROR,True,cloudflare,,,,,,
[x],pp-www-dx-1.kraken.com,"104.16.211.191, 104.16.213.191, 104.16.214.191, 104.16.215.191, 104.16.212.191","art.ns.cloudflare.com, dns.cloudflare.com",NOERROR,True,cloudflare,,,,,,
[x],pp-www-dx-2.kraken.com,"104.16.213.191, 104.16.212.191, 104.16.211.191, 104.16.215.191, 104.16.214.191","art.ns.cloudflare.com, dns.cloudflare.com",NOERROR,True,cloudflare,,,,,,
[x],pp-www-dx-3.kraken.com,"104.16.214.191, 104.16.215.191, 104.16.211.191, 104.16.212.191, 104.16.213.191","art.ns.cloudflare.com, dns.cloudflare.com",NOERROR,True,cloudflare,,,,,,
[x],pp-www-earn-1.kraken.com,"104.16.215.191, 104.16.211.191, 104.16.212.191, 104.16.214.191, 104.16.213.191","art.ns.cloudflare.com, dns.cloudflare.com",NOERROR,True,cloudflare,,,,,,
[x],pp-www-earn-2.kraken.com,"104.16.212.191, 104.16.214.191, 104.16.211.191, 104.16.215.191, 104.16.213.191","art.ns.cloudflare.com, dns.cloudflare.com",NOERROR,True,cloudflare,,,,,,
[x],pp-www-earn-3.kraken.com,"104.16.211.191, 104.16.213.191, 104.16.214.191, 104.16.212.191, 104.16.215.191","art.ns.cloudflare.com, dns.cloudflare.com",NOERROR,True,cloudflare,,,,,,
[x],pp-www-funding-3.kraken.com,"104.16.215.191, 104.16.213.191, 104.16.212.191, 104.16.214.191, 104.16.211.191","art.ns.cloudflare.com, dns.cloudflare.com",NOERROR,True,cloudflare,,,,,,
[x],pp-www-funding-4.kraken.com,"104.16.213.191, 104.16.212.191, 104.16.211.191, 104.16.214.191, 104.16.215.191","art.ns.cloudflare.com, dns.cloudflare.com",NOERROR,True,cloudflare,,,,,,
[x],pp-www-funding-5.kraken.com,"104.16.215.191, 104.16.211.191, 104.16.213.191, 104.16.212.191, 104.16.214.191","art.ns.cloudflare.com, dns.cloudflare.com",NOERROR,True,cloudflare,,,,,,
[x],pp-www-kweb-1.kraken.com,"104.16.214.191, 104.16.212.191, 104.16.215.191, 104.16.213.191, 104.16.211.191","art.ns.cloudflare.com, dns.cloudflare.com",NOERROR,True,cloudflare,,,,,,
[x],pp-www-kweb-2.kraken.com,"104.16.211.191, 104.16.212.191, 104.16.213.191, 104.16.214.191, 104.16.215.191","art.ns.cloudflare.com, dns.cloudflare.com",NOERROR,True,cloudflare,,,,,,
[x],pp-www-kweb-4.kraken.com,"104.16.213.191, 104.16.212.191, 104.16.211.191, 104.16.215.191, 104.16.214.191","art.ns.cloudflare.com, dns.cloudflare.com",NOERROR,True,cloudflare,,,,,,
[x],pp-www-kweb-6.kraken.com,"104.16.214.191, 104.16.215.191, 104.16.211.191, 104.16.212.191, 104.16.213.191","art.ns.cloudflare.com, dns.cloudflare.com",NOERROR,True,cloudflare,,,,,,
[x],pp-www-marketing-1.kraken.com,"104.16.214.191, 104.16.215.191, 104.16.211.191, 104.16.212.191, 104.16.213.191","art.ns.cloudflare.com, dns.cloudflare.com",NOERROR,True,cloudflare,,,,,,
[x],pp-www-marketing-2.kraken.com,"104.16.212.191, 104.16.211.191, 104.16.213.191, 104.16.215.191, 104.16.214.191","art.ns.cloudflare.com, dns.cloudflare.com",NOERROR,True,cloudflare,,,,,,
[x],pp-www-mobile-1.kraken.com,"104.16.211.191, 104.16.214.191, 104.16.215.191, 104.16.213.191, 104.16.212.191","art.ns.cloudflare.com, dns.cloudflare.com",NOERROR,True,cloudflare,,,,,,
[x],pp-www-mobile-2.kraken.com,"104.16.215.191, 104.16.213.191, 104.16.211.191, 104.16.214.191, 104.16.212.191","art.ns.cloudflare.com, dns.cloudflare.com",NOERROR,True,cloudflare,,,,,,
[x],pp-www-mobile-3.kraken.com,"104.16.214.191, 104.16.213.191, 104.16.215.191, 104.16.211.191, 104.16.212.191","art.ns.cloudflare.com, dns.cloudflare.com",NOERROR,True,cloudflare,,,,,,
[x],pp-www-onboarding-3.kraken.com,"104.16.211.191, 104.16.215.191, 104.16.212.191, 104.16.213.191, 104.16.214.191","art.ns.cloudflare.com, dns.cloudflare.com",NOERROR,True,cloudflare,,,,,,
[x],pp-www-security-1.kraken.com,"104.16.215.191, 104.16.214.191, 104.16.212.191, 104.16.211.191, 104.16.213.191","art.ns.cloudflare.com, dns.cloudflare.com",NOERROR,True,cloudflare,,,,,,
[x],pp-www-security-2.kraken.com,"104.16.212.191, 104.16.215.191, 104.16.214.191, 104.16.211.191, 104.16.213.191","art.ns.cloudflare.com, dns.cloudflare.com",NOERROR,True,cloudflare,,,,,,
[x],pp-www-security-3.kraken.com,"104.16.211.191, 104.16.212.191, 104.16.213.191, 104.16.214.191, 104.16.215.191","art.ns.cloudflare.com, dns.cloudflare.com",NOERROR,True,cloudflare,,,,,,
[x],pp-www-sre-1.kraken.com,"104.16.213.191, 104.16.212.191, 104.16.211.191, 104.16.214.191, 104.16.215.191","art.ns.cloudflare.com, dns.cloudflare.com",NOERROR,True,cloudflare,,,,,,
[x],pp-www-sre-3.kraken.com,"104.16.211.191, 104.16.212.191, 104.16.214.191, 104.16.215.191, 104.16.213.191","art.ns.cloudflare.com, dns.cloudflare.com",NOERROR,True,cloudflare,,,,,,
[x],pp-www-trade-2.kraken.com,"104.16.212.191, 104.16.213.191, 104.16.214.191, 104.16.215.191, 104.16.211.191","art.ns.cloudflare.com, dns.cloudflare.com",NOERROR,True,cloudflare,,,,,,
[x],pp-www-trade-3.kraken.com,"104.16.212.191, 104.16.213.191, 104.16.211.191, 104.16.214.191, 104.16.215.191","art.ns.cloudflare.com, dns.cloudflare.com",NOERROR,True,cloudflare,,,,,,
[x],pquyahqslsa.lobster.kraken.com,,"ganz.ns.cloudflare.com, dns.cloudflare.com",NOERROR,,,,,,,,
[x],preview-ws-auth.kraken.com,"104.16.211.191, 104.16.214.191, 104.16.215.191, 104.16.213.191, 104.16.212.191","art.ns.cloudflare.com, dns.cloudflare.com",NOERROR,True,cloudflare,,,,,,
[x],preview-ws.kraken.com,"104.16.212.191, 104.16.213.191, 104.16.215.191, 104.16.214.191, 104.16.211.191","art.ns.cloudflare.com, dns.cloudflare.com",NOERROR,True,cloudflare,,,,,,
[x],priv-ws-dev.kraken.com,,"art.ns.cloudflare.com, dns.cloudflare.com",NOERROR,,,,v=spf1 -all,,,,
[x],priv-ws.kraken.com,,"art.ns.cloudflare.com, dns.cloudflare.com",NOERROR,,,,v=spf1 -all,,,,
[x],prod1.kraken.com,,"ns-1945.awsdns-51.co.uk, awsdns-hostmaster.amazon.com",NOERROR,,,,,,"ns-1218.awsdns-24.org, ns-1945.awsdns-51.co.uk, ns-229.awsdns-28.com, ns-543.awsdns-03.net",,
[x],quoine.embed.cryptowat.ch,,"adam.ns.cloudflare.com, dns.cloudflare.com",NOERROR,,,,,,,,
[x],r.kraken.com,34.102.229.220,"ns-1795.awsdns-32.co.uk, awsdns-hostmaster.amazon.com",NOERROR,True,google,,,,,,r-kraken-com.ct.impactradius.com
[x],rewards-staging.kraken.com,,"art.ns.cloudflare.com, dns.cloudflare.com",NOERROR,,,,,,,,
[x],rover-project-atlas-dev.dev.chains.kraken.com,,"art.ns.cloudflare.com, dns.cloudflare.com",NOERROR,,,,v=spf1 -all,,,,
[x],sb.cryptowat.ch,,"adam.ns.cloudflare.com, dns.cloudflare.com",NOERROR,,,,v=spf1 -all,,,,
[x],sc.cryptowat.ch,,"adam.ns.cloudflare.com, dns.cloudflare.com",NOERROR,,,,v=spf1 -all,,,,
[x],se.kraken.com,,"art.ns.cloudflare.com, dns.cloudflare.com",NOERROR,,,,v=spf1 -all,,,,
[x],service.cryptowat.ch,,"adam.ns.cloudflare.com, dns.cloudflare.com",NOERROR,,,,,,,,
[x],sftp.cfbenchmarks.com,"34.207.52.11, 54.164.111.160, 3.216.213.234","ns-1005.awsdns-61.net, awsdns-hostmaster.amazon.com",NOERROR,,,,,,,,s-8ed3f4f1b84046e58.server.transfer.us-east-1.amazonaws.com
[x],sharable-charts.service.cryptowat.ch,"104.18.175.71, 104.18.174.71","adam.ns.cloudflare.com, dns.cloudflare.com",NOERROR,True,cloudflare,"2606:4700::6812:af47, 2606:4700::6812:ae47",,,,,
[x],share.cryptowat.ch,"104.18.175.71, 104.18.174.71","adam.ns.cloudflare.com, dns.cloudflare.com",NOERROR,True,cloudflare,"2606:4700::6812:ae47, 2606:4700::6812:af47",,,,,
[x],sheepdog-project-atlas-dev.dev.chains.kraken.com,,"art.ns.cloudflare.com, dns.cloudflare.com",NOERROR,,,,v=spf1 -all,,,,
[x],snapshot-uploads.stg.cryptowat.ch,"104.18.175.71, 104.18.174.71","adam.ns.cloudflare.com, dns.cloudflare.com",NOERROR,True,cloudflare,,,,,,
[x],social-uploads.stg.cryptowat.ch,"104.18.175.71, 104.18.174.71","adam.ns.cloudflare.com, dns.cloudflare.com",NOERROR,True,cloudflare,"2606:4700::6812:ae47, 2606:4700::6812:af47",,,,,
[x],social.service.cryptowat.ch,"104.18.174.71, 104.18.175.71","adam.ns.cloudflare.com, dns.cloudflare.com",NOERROR,True,cloudflare,"2606:4700::6812:ae47, 2606:4700::6812:af47",,,,,
[x],source.cryptowat.ch,,"adam.ns.cloudflare.com, dns.cloudflare.com",NOERROR,,,,v=spf1 -all,,,,
[x],stage.mr.cryptowat.ch,"104.18.174.71, 104.18.175.71","adam.ns.cloudflare.com, dns.cloudflare.com",NOERROR,True,cloudflare,"2606:4700::6812:af47, 2606:4700::6812:ae47",,,,,
[x],staging-analytics.service.cryptowat.ch,"104.18.174.71, 104.18.175.71","adam.ns.cloudflare.com, dns.cloudflare.com",NOERROR,True,cloudflare,,,,,,
[x],staging-api-current.service.cryptowat.ch,"104.18.175.71, 104.18.174.71","adam.ns.cloudflare.com, dns.cloudflare.com",NOERROR,True,cloudflare,"2606:4700::6812:ae47, 2606:4700::6812:af47",,,,,
[x],staging-api-master.service.cryptowat.ch,"104.18.175.71, 104.18.174.71","adam.ns.cloudflare.com, dns.cloudflare.com",NOERROR,True,cloudflare,"2606:4700::6812:af47, 2606:4700::6812:ae47",,,,,
[x],staging-api-portfolio.service.cryptowat.ch,"104.18.175.71, 104.18.174.71","adam.ns.cloudflare.com, dns.cloudflare.com",NOERROR,True,cloudflare,"2606:4700::6812:af47, 2606:4700::6812:ae47",,,,,
[x],staging-api.lobster.kraken.com,"104.18.11.56, 104.18.10.56","ganz.ns.cloudflare.com, dns.cloudflare.com",NOERROR,True,cloudflare,,,,,,
[x],staging-chat-muc.cryptowat.ch,"104.18.174.71, 104.18.175.71","adam.ns.cloudflare.com, dns.cloudflare.com",NOERROR,True,cloudflare,"2606:4700::6812:ae47, 2606:4700::6812:af47",,,,,
[x],staging-graphql.service.cryptowat.ch,"104.18.175.71, 104.18.174.71","adam.ns.cloudflare.com, dns.cloudflare.com",NOERROR,True,cloudflare,"2606:4700::6812:af47, 2606:4700::6812:ae47",,,,,
[x],staging-hydra.service.cryptowat.ch,,"adam.ns.cloudflare.com, dns.cloudflare.com",NOERROR,,,,v=spf1 -all,,,,
[x],staging-master.cryptowat.ch,"104.18.174.71, 104.18.175.71","adam.ns.cloudflare.com, dns.cloudflare.com",NOERROR,True,cloudflare,"2606:4700::6812:ae47, 2606:4700::6812:af47",,,,,
[x],staging-muc.cryptowat.ch,"104.18.175.71, 104.18.174.71","adam.ns.cloudflare.com, dns.cloudflare.com",NOERROR,True,cloudflare,"2606:4700::6812:af47, 2606:4700::6812:ae47",,,,,
[x],staging-old.cryptowat.ch,"104.18.175.71, 104.18.174.71","adam.ns.cloudflare.com, dns.cloudflare.com",NOERROR,True,cloudflare,"2606:4700::6812:ae47, 2606:4700::6812:af47",,,,,
[x],staging-publish.kraken.com,"104.16.213.191, 104.16.214.191, 104.16.215.191, 104.16.211.191, 104.16.212.191","art.ns.cloudflare.com, dns.cloudflare.com",NOERROR,True,cloudflare,,,,,,
[x],staging-rewards.kraken.com,"104.16.212.191, 104.16.215.191, 104.16.211.191, 104.16.213.191, 104.16.214.191","art.ns.cloudflare.com, dns.cloudflare.com",NOERROR,True,cloudflare,,,,,,
[x],staging-share.cryptowat.ch,"104.18.174.71, 104.18.175.71","adam.ns.cloudflare.com, dns.cloudflare.com",NOERROR,True,cloudflare,"2606:4700::6812:af47, 2606:4700::6812:ae47",,,,,
[x],staging-social.service.cryptowat.ch,"104.18.175.71, 104.18.174.71","adam.ns.cloudflare.com, dns.cloudflare.com",NOERROR,True,cloudflare,"2606:4700::6812:af47, 2606:4700::6812:ae47",,,,,
[x],staging-stream-reboot.service.cryptowat.ch,"104.18.174.71, 104.18.175.71","adam.ns.cloudflare.com, dns.cloudflare.com",NOERROR,True,cloudflare,"2606:4700::6812:af47, 2606:4700::6812:ae47",,,,,
[x],staging-stream.service.cryptowat.ch,"104.18.175.71, 104.18.174.71","adam.ns.cloudflare.com, dns.cloudflare.com",NOERROR,True,cloudflare,"2606:4700::6812:ae47, 2606:4700::6812:af47",,,,,
[x],staging.cryptowat.ch,"104.18.174.71, 104.18.175.71","adam.ns.cloudflare.com, dns.cloudflare.com",NOERROR,True,cloudflare,"2606:4700::6812:af47, 2606:4700::6812:ae47",,,,,
[x],staging.kraken.com,"104.16.211.191, 104.16.212.191, 104.16.213.191, 104.16.214.191, 104.16.215.191","art.ns.cloudflare.com, dns.cloudflare.com",NOERROR,True,cloudflare,,,,,,
[x],staging.lobster.kraken.com,"104.18.10.56, 104.18.11.56","ganz.ns.cloudflare.com, dns.cloudflare.com",NOERROR,True,cloudflare,,,,,,
[x],static.cryptowat.ch,"104.18.174.71, 104.18.175.71","adam.ns.cloudflare.com, dns.cloudflare.com",NOERROR,True,cloudflare,"2606:4700::6812:ae47, 2606:4700::6812:af47",,,,,
[x],status.cfbenchmarks.com,52.215.192.131,"ns-1711.awsdns-21.co.uk, awsdns-hostmaster.amazon.com",NOERROR,,,,,,,"globalsign.com;, letsencrypt.org",c4x708mrtk8y.stspg-customer.com
[x],status.cryptowat.ch,52.215.192.132,"ns-1711.awsdns-21.co.uk, awsdns-hostmaster.amazon.com",NOERROR,,,,,,,letsencrypt.org,gm7c5b5j2ts3.stspg-customer.com
[x],status.kraken.com,52.215.192.132,"ns-1711.awsdns-21.co.uk, awsdns-hostmaster.amazon.com",NOERROR,,,,,,,letsencrypt.org,lfz25gyhcpjf.stspg-customer.com
[x],stg-chat-muc.cryptowat.ch,"104.18.175.71, 104.18.174.71","adam.ns.cloudflare.com, dns.cloudflare.com",NOERROR,True,cloudflare,"2606:4700::6812:af47, 2606:4700::6812:ae47",,,,,
[x],stg-chat.cryptowat.ch,"104.18.174.71, 104.18.175.71","adam.ns.cloudflare.com, dns.cloudflare.com",NOERROR,True,cloudflare,"2606:4700::6812:af47, 2606:4700::6812:ae47",,,,,
[x],stg-social-uploads.cryptowat.ch,,,NOERROR,,,,v=spf1 -all,,,,
[x],stg.cryptowat.ch,,"adam.ns.cloudflare.com, dns.cloudflare.com",NOERROR,,,,,,,,
[x],stg1.kraken.com,,"art.ns.cloudflare.com, dns.cloudflare.com",NOERROR,,,,v=spf1 -all,,,,
[x],stream2.cryptowat.ch,,"adam.ns.cloudflare.com, dns.cloudflare.com",NOERROR,,,,v=spf1 -all,,,,
[x],support.cryptofacilities.com,,"ns-1213.awsdns-23.org, awsdns-hostmaster.amazon.com",NOERROR,True,cloudflare,,"v=spf1 include:mail.zendesk.com ~all, pod=29",mail-pod-29.int.zendesk.com,,,cryptofacilities.zendesk.com
[x],support.kraken.com,"104.16.53.111, 104.16.51.111","ns-1213.awsdns-23.org, awsdns-hostmaster.amazon.com",NOERROR,True,cloudflare,,"v=spf1 include:mail.zendesk.com ~all, pod=20",mail-pod-20.int.zendesk.com,,,kraken.zendesk.com
[x],surveys.kraken.com,104.79.20.91,"n0b.akamaiedge.net, hostmaster.akamai.com",NOERROR,,,,,,,,"kraken.vanity4.az1.qualtrics.com, akamaisecure4.qualtrics.com.edgekey.net, e6961.b.akamaiedge.net"
[x],sys.cryptowat.ch,,"adam.ns.cloudflare.com, dns.cloudflare.com",NOERROR,,,,v=spf1 -all,,,,
[x],telemetry.cryptowat.ch,"104.18.175.71, 104.18.174.71","adam.ns.cloudflare.com, dns.cloudflare.com",NOERROR,True,cloudflare,"2606:4700::6812:ae47, 2606:4700::6812:af47",,,,,
[x],tor41-73-grc.mr.cryptowat.ch,"104.18.175.71, 104.18.174.71","adam.ns.cloudflare.com, dns.cloudflare.com",NOERROR,True,cloudflare,"2606:4700::6812:af47, 2606:4700::6812:ae47",,,,,
[x],tr-v10.kraken.com,,"art.ns.cloudflare.com, dns.cloudflare.com",NOERROR,,,,v=spf1 -all,,,,
[x],tr-v15.kraken.com,,"art.ns.cloudflare.com, dns.cloudflare.com",NOERROR,,,,,,,,
[x],tr15-preprod.kraken.com,,"art.ns.cloudflare.com, dns.cloudflare.com",NOERROR,,,,v=spf1 -all,,,,
[x],trade.kraken.com,"104.16.213.191, 104.16.212.191, 104.16.215.191, 104.16.211.191, 104.16.214.191","art.ns.cloudflare.com, dns.cloudflare.com",NOERROR,True,cloudflare,,,,,,
[x],trade.lobster.kraken.com,"104.18.10.56, 104.18.11.56",,NOERROR,True,cloudflare,,,,,,
[x],trader.kraken.com,,"art.ns.cloudflare.com, dns.cloudflare.com",NOERROR,,,,v=spf1 -all,,,,
[x],trading-dev.service.cryptowat.ch,,"adam.ns.cloudflare.com, dns.cloudflare.com",NOERROR,,,,,,,,
[x],trading.service.cryptowat.ch,"104.18.175.71, 104.18.174.71","adam.ns.cloudflare.com, dns.cloudflare.com",NOERROR,True,cloudflare,"2606:4700::6812:af47, 2606:4700::6812:ae47",,,,,
[x],travel.kraken.com,"54.176.1.126, 52.52.108.97","ns-231.awsdns-28.com, awsdns-hostmaster.amazon.com",NOERROR,,,,,,,,"travel.us-west-1.prod.kraken.com, tf-lb-20230116162310346300000001-6c56905b69ab7eee.elb.us-west-1.amazonaws.com"
[x],travel.lobster.kraken.com,"54.202.47.248, 54.148.50.3, 35.84.239.133","ns-1870.awsdns-41.co.uk, awsdns-hostmaster.amazon.com",NOERROR,,,,,,,,"ingress-travel.p1d.kraken.com, ingress-travel-dd02d4b00cb3169d.elb.us-west-2.amazonaws.com"
[x],trigger-ws.service.cryptowat.ch,"104.18.175.71, 104.18.174.71","adam.ns.cloudflare.com, dns.cloudflare.com",NOERROR,True,cloudflare,"2606:4700::6812:ae47, 2606:4700::6812:af47",,,,,
[x],tt1.lobster.kraken.com,,"ganz.ns.cloudflare.com, dns.cloudflare.com",NOERROR,,,,,,,,
[x],tt2.lobster.kraken.com,,"ganz.ns.cloudflare.com, dns.cloudflare.com",NOERROR,,,,,,,,
[x],uat-futures.kraken.com,"172.67.5.17, 104.22.9.27, 104.22.8.27","mitch.ns.cloudflare.com, dns.cloudflare.com",NOERROR,True,cloudflare,"2606:4700:10::6816:91b, 2606:4700:10::6816:81b, 2606:4700:10::ac43:511",v=spf1 -all,,"mitch.ns.cloudflare.com, sharon.ns.cloudflare.com","pki.goog, mailto:certificate-abuse@kraken.com, digicert.com",
[x],uat.cfbenchmarks.com,,"leia.ns.cloudflare.com, dns.cloudflare.com",NOERROR,True,cloudflare,"2606:4700::6812:c34, 2606:4700::6812:d34",,,,,
[x],uat.cryptofacilities.com,,"leia.ns.cloudflare.com, dns.cloudflare.com",NOERROR,,,,v=spf1 -all,,,,
[x],unregprod1.cfbenchmarks.com,"188.114.99.229, 188.114.98.229","leia.ns.cloudflare.com, dns.cloudflare.com",NOERROR,True,cloudflare,"2a06:98c1:3122:e000::5, 2a06:98c1:3123:e000::5",,,,,
[x],unreguat.cfbenchmarks.com,"104.18.12.52, 104.18.13.52","leia.ns.cloudflare.com, dns.cloudflare.com",NOERROR,True,cloudflare,"2606:4700::6812:c34, 2606:4700::6812:d34",,,,,
[x],vip-fix.kraken.com,,"art.ns.cloudflare.com, dns.cloudflare.com",NOERROR,,,,v=spf1 -all,,,,
[x],vip-ws-auth.kraken.com,"205.251.193.59, 205.251.194.26","ns-538.awsdns-03.net, awsdns-hostmaster.amazon.com",NOERROR,,,,,,"ns-538.awsdns-03.net, ns-1372.awsdns-43.org, ns-1670.awsdns-16.co.uk, ns-315.awsdns-39.com",,
[x],w.kraken.com,,"art.ns.cloudflare.com, dns.cloudflare.com",NOERROR,,,,v=spf1 -all,,,,
[x],wallet.kraken.com,"104.16.215.191, 104.16.211.191, 104.16.212.191, 104.16.213.191, 104.16.214.191","art.ns.cloudflare.com, dns.cloudflare.com",NOERROR,True,cloudflare,,,,,,
[x],wallet.lobster.kraken.com,"104.18.10.56, 104.18.11.56","ganz.ns.cloudflare.com, dns.cloudflare.com",NOERROR,True,cloudflare,,,,,,
[x],web1.kraken.com,,"art.ns.cloudflare.com, dns.cloudflare.com",NOERROR,,,,v=spf1 -all,,,,
[x],wiegxeichohyax.kraken.com,,"art.ns.cloudflare.com, dns.cloudflare.com",NOERROR,,,,v=spf1 -all,,,,
[x],ws-12e4ras9301sfs9a74232.lobster.kraken.com,,"ganz.ns.cloudflare.com, dns.cloudflare.com",NOERROR,,,,,,,,
[x],ws-624cc112b75fefed-us-west-2-las.kraken.com,"104.16.212.191, 104.16.211.191, 104.16.213.191, 104.16.214.191, 104.16.215.191","art.ns.cloudflare.com, dns.cloudflare.com",NOERROR,True,cloudflare,,,,,,
[x],ws-624cc112b75fefed-us-west-2-lax.kraken.com,,"art.ns.cloudflare.com, dns.cloudflare.com",NOERROR,,,,v=spf1 -all,,,,
[x],ws-auth-624cc112b75fefed-us-west-2-las.kraken.com,"104.16.213.191, 104.16.214.191, 104.16.211.191, 104.16.212.191, 104.16.215.191","art.ns.cloudflare.com, dns.cloudflare.com",NOERROR,True,cloudflare,,,,,,
[x],ws-frontend.kraken.com,"104.16.213.191, 104.16.212.191, 104.16.214.191, 104.16.211.191, 104.16.215.191","art.ns.cloudflare.com, dns.cloudflare.com",NOERROR,True,cloudflare,,,,,,
[x],ws-frontend.lobster.kraken.com,,"ganz.ns.cloudflare.com, dns.cloudflare.com",NOERROR,True,cloudflare,,,,,,
[x],ws.cryptowat.ch,,"adam.ns.cloudflare.com, dns.cloudflare.com",NOERROR,,,,,,,,
[x],ws.lobster.kraken.com,"104.18.10.56, 104.18.11.56","ganz.ns.cloudflare.com, dns.cloudflare.com",NOERROR,True,cloudflare,,,,,,
[x],wsg-frontend.uat.lobster.kraken.com,"104.18.13.194, 104.18.12.194","benedict.ns.cloudflare.com, dns.cloudflare.com",NOERROR,True,cloudflare,,,,,,
[x],wsg-private.uat.lobster.kraken.com,"104.18.12.194, 104.18.13.194","benedict.ns.cloudflare.com, dns.cloudflare.com",NOERROR,True,cloudflare,,,,,,
[x],wsg-public.uat.lobster.kraken.com,"104.18.12.194, 104.18.13.194","benedict.ns.cloudflare.com, dns.cloudflare.com",NOERROR,True,cloudflare,,,,,,
[x],wsg.dev1.kraken.com,"52.12.152.141, 54.68.150.104, 52.34.177.190","ns-1816.awsdns-35.co.uk, awsdns-hostmaster.amazon.com",NOERROR,,,,,,,,
[x],www-ingress-prime1-beta.p1.kraken.com,,,NOERROR,,,,,,,,
[x],www.3vyknc3vzs-storage-75.kraken.com,,"art.ns.cloudflare.com, dns.cloudflare.com",NOERROR,,,,v=spf1 -all,,,,
[x],www.alert.service.cryptowat.ch,,"adam.ns.cloudflare.com, dns.cloudflare.com",NOERROR,,,,v=spf1 -all,,,,
[x],www.api.futures.kraken.com,,"mitch.ns.cloudflare.com, dns.cloudflare.com",NOERROR,,,,,,,,
[x],www.beta.cryptofacilities.com,,"leia.ns.cloudflare.com, dns.cloudflare.com",NOERROR,,,,v=spf1 -all,,,,
[x],www.cdn.cryptowat.ch,,"adam.ns.cloudflare.com, dns.cloudflare.com",NOERROR,,,,,,,,
[x],www.cfbenchmarks.com,"104.18.13.52, 104.18.12.52","leia.ns.cloudflare.com, dns.cloudflare.com",NOERROR,True,cloudflare,"2606:4700::6812:d34, 2606:4700::6812:c34",,,,,
[x],www.cryptofacilities.com,"104.19.146.5, 104.19.147.5","leia.ns.cloudflare.com, dns.cloudflare.com",NOERROR,True,cloudflare,"2606:4700::6813:9205, 2606:4700::6813:9305",,,,,
[x],www.d1.cryptowat.ch,,"adam.ns.cloudflare.com, dns.cloudflare.com",NOERROR,,,,v=spf1 -all,,,,
[x],www.embed.cryptowat.ch,,"adam.ns.cloudflare.com, dns.cloudflare.com",NOERROR,,,,,,,,
[x],www.krakentoau10tix-prod.kraken.com,,"art.ns.cloudflare.com, dns.cloudflare.com",NOERROR,,,,v=spf1 -all,,,,
[x],www.krakentoau10tix.kraken.com,,"art.ns.cloudflare.com, dns.cloudflare.com",NOERROR,,,,v=spf1 -all,,,,
[x],www.orders.kraken.com,,"art.ns.cloudflare.com, dns.cloudflare.com",NOERROR,,,,v=spf1 -all,,,,
[x],www.status.cryptofacilities.com,,"leia.ns.cloudflare.com, dns.cloudflare.com",NOERROR,,,,,,,,
[x],www.stream.cryptowat.ch,,"adam.ns.cloudflare.com, dns.cloudflare.com",NOERROR,,,,,,,,
[x],www.support.cryptofacilities.com,,"leia.ns.cloudflare.com, dns.cloudflare.com",NOERROR,,,,,,,,
[x],www.tr-v15.kraken.com,,"art.ns.cloudflare.com, dns.cloudflare.com",NOERROR,,,,v=spf1 -all,,,,
[x],www.tr15-preprod.kraken.com,,"art.ns.cloudflare.com, dns.cloudflare.com",NOERROR,,,,v=spf1 -all,,,,
[x],www.trading.service.cryptowat.ch,,"adam.ns.cloudflare.com, dns.cloudflare.com",NOERROR,,,,,,,,
[x],www.travel.kraken.com,,"art.ns.cloudflare.com, dns.cloudflare.com",NOERROR,,,,,,,,
[x],www.travel.lobster.kraken.com,,"ganz.ns.cloudflare.com, dns.cloudflare.com",NOERROR,,,,,,,,
[x],www.uat.cryptofacilities.com,,"leia.ns.cloudflare.com, dns.cloudflare.com",NOERROR,,,,v=spf1 -all,,,,
[x],www.uat.lobster.kraken.com,,"benedict.ns.cloudflare.com, dns.cloudflare.com",NOERROR,True,cloudflare,,,,,,
[x],www.web1.kraken.com,,"art.ns.cloudflare.com, dns.cloudflare.com",NOERROR,,,,v=spf1 -all,,,,
[x],xooz5kaecaeph6oh.lobster.kraken.com,,"ganz.ns.cloudflare.com, dns.cloudflare.com",NOERROR,,,,,,,,
[x],xoozkaecaeph.lobster.kraken.com,"188.114.99.229, 188.114.98.229","ganz.ns.cloudflare.com, dns.cloudflare.com",NOERROR,True,cloudflare,,,,,,
[x],zapierbackend.service.cryptowat.ch,"104.18.174.71, 104.18.175.71","adam.ns.cloudflare.com, dns.cloudflare.com",NOERROR,True,cloudflare,,,,,,
[x],zendesk1.cryptowat.ch,"162.159.128.7, 162.159.138.6, 34.235.62.90, 184.72.174.126, 3.213.143.227","ns-1213.awsdns-23.org, awsdns-hostmaster.amazon.com",NOERROR,True,cloudflare,,v=spf1 include:_netblocks.zdsys.com ~all,mail.zendesk.com,"ns-1213.awsdns-23.org, ns-1858.awsdns-40.co.uk, ns-444.awsdns-55.com, ns-754.awsdns-30.net",,mail1.zendesk.com
[x],zendesk1.kraken.com,,"ns-1213.awsdns-23.org, awsdns-hostmaster.amazon.com",NOERROR,True,cloudflare,,v=spf1 include:_netblocks.zdsys.com ~all,mail.zendesk.com,,,mail1.zendesk.com
[x],zendesk2.cryptowat.ch,"162.159.138.6, 162.159.128.7","ns-1213.awsdns-23.org, awsdns-hostmaster.amazon.com",NOERROR,True,cloudflare,,v=spf1 include:_netblocks.zdsys.com ~all,mail.zendesk.com,,,mail2.zendesk.com
[x],zendesk2.kraken.com,"162.159.138.6, 162.159.128.7","ns-1213.awsdns-23.org, awsdns-hostmaster.amazon.com",NOERROR,True,cloudflare,,v=spf1 include:_netblocks.zdsys.com ~all,mail.zendesk.com,,,mail2.zendesk.com
[x],zendesk3.cryptowat.ch,"162.159.138.6, 162.159.128.7","ns-1213.awsdns-23.org, awsdns-hostmaster.amazon.com",NOERROR,True,cloudflare,,v=spf1 include:_netblocks.zdsys.com ~all,mail.zendesk.com,,,mail3.zendesk.com
[x],zendesk3.kraken.com,"162.159.128.7, 162.159.138.6","ns-1213.awsdns-23.org, awsdns-hostmaster.amazon.com",NOERROR,True,cloudflare,,v=spf1 include:_netblocks.zdsys.com ~all,mail.zendesk.com,,,mail3.zendesk.com
[x],zendesk4.cryptowat.ch,"162.159.138.6, 162.159.128.7","ns-1213.awsdns-23.org, awsdns-hostmaster.amazon.com",NOERROR,True,cloudflare,,v=spf1 include:_netblocks.zdsys.com ~all,mail.zendesk.com,,,mail4.zendesk.com
[x],zendesk4.kraken.com,"162.159.138.6, 162.159.128.7","ns-1213.awsdns-23.org, awsdns-hostmaster.amazon.com",NOERROR,True,cloudflare,,v=spf1 include:_netblocks.zdsys.com ~all,mail.zendesk.com,,,mail4.zendesk.com
